Date,Temperature (K),Insolation (w/m2)
2019-01-01 00:00,297.007935,0.000000
2019-01-01 01:00,296.394043,0.000000
2019-01-01 02:00,296.464111,0.000000
2019-01-01 03:00,295.941406,0.000000
2019-01-01 04:00,296.000732,0.000000
2019-01-01 05:00,296.098877,0.000000
2019-01-01 06:00,296.040771,0.000000
2019-01-01 07:00,296.500244,0.000000
2019-01-01 08:00,296.554443,36.622222
2019-01-01 09:00,297.159912,169.084444
2019-01-01 10:00,300.233032,367.235556
2019-01-01 11:00,301.702637,510.453333
2019-01-01 12:00,304.026001,661.724444
2019-01-01 13:00,305.439819,705.724444
2019-01-01 14:00,306.630371,692.640000
2019-01-01 15:00,307.312256,635.928889
2019-01-01 16:00,307.812012,518.506667
2019-01-01 17:00,307.163330,336.906667
2019-01-01 18:00,303.750854,148.853333
2019-01-01 19:00,301.104980,16.071111
2019-01-01 20:00,300.487305,0.000000
2019-01-01 21:00,299.816528,0.000000
2019-01-01 22:00,299.213623,0.000000
2019-01-01 23:00,297.849243,0.000000
2019-01-02 00:00,296.579590,0.000000
2019-01-02 01:00,296.200439,0.000000
2019-01-02 02:00,295.721680,0.000000
2019-01-02 03:00,295.194092,0.000000
2019-01-02 04:00,296.447510,0.000000
2019-01-02 05:00,295.770264,0.000000
2019-01-02 06:00,296.445312,0.000000
2019-01-02 07:00,296.997559,0.000000
2019-01-02 08:00,296.903809,23.431111
2019-01-02 09:00,296.625488,93.102222
2019-01-02 10:00,299.924316,267.466667
2019-01-02 11:00,300.830566,344.320000
2019-01-02 12:00,302.941772,536.000000
2019-01-02 13:00,304.302246,687.555556
2019-01-02 14:00,305.029663,725.208889
2019-01-02 15:00,306.594727,642.044444
2019-01-02 16:00,306.754150,520.782222
2019-01-02 17:00,306.210449,343.288889
2019-01-02 18:00,303.091553,153.386667
2019-01-02 19:00,300.851318,16.977778
2019-01-02 20:00,299.428711,0.000000
2019-01-02 21:00,297.652832,0.000000
2019-01-02 22:00,297.639404,0.000000
2019-01-02 23:00,296.385742,0.000000
2019-01-03 00:00,295.664307,0.000000
2019-01-03 01:00,295.499268,0.000000
2019-01-03 02:00,295.372314,0.000000
2019-01-03 03:00,295.323730,0.000000
2019-01-03 04:00,294.739746,0.000000
2019-01-03 05:00,295.130371,0.000000
2019-01-03 06:00,294.887451,0.000000
2019-01-03 07:00,294.932129,0.000000
2019-01-03 08:00,295.509521,45.493333
2019-01-03 09:00,297.656250,203.982222
2019-01-03 10:00,300.093018,345.226667
2019-01-03 11:00,301.765747,551.928889
2019-01-03 12:00,303.428711,675.484444
2019-01-03 13:00,305.170654,727.164444
2019-01-03 14:00,306.320801,701.582222
2019-01-03 15:00,307.483398,647.057778
2019-01-03 16:00,307.400879,515.786667
2019-01-03 17:00,306.884033,340.835556
2019-01-03 18:00,304.435181,152.266667
2019-01-03 19:00,301.592163,17.635556
2019-01-03 20:00,300.720703,0.000000
2019-01-03 21:00,298.557617,0.000000
2019-01-03 22:00,297.436523,0.000000
2019-01-03 23:00,296.702393,0.000000
2019-01-04 00:00,296.035156,0.000000
2019-01-04 01:00,295.965088,0.000000
2019-01-04 02:00,296.412354,0.000000
2019-01-04 03:00,296.424561,0.000000
2019-01-04 04:00,295.725830,0.000000
2019-01-04 05:00,296.014160,0.000000
2019-01-04 06:00,297.292725,0.000000
2019-01-04 07:00,296.285889,0.000000
2019-01-04 08:00,297.144775,23.857778
2019-01-04 09:00,297.847900,126.542222
2019-01-04 10:00,299.890076,261.866667
2019-01-04 11:00,301.062317,500.924444
2019-01-04 12:00,302.552612,538.524444
2019-01-04 13:00,303.841064,677.208889
2019-01-04 14:00,303.905029,545.848889
2019-01-04 15:00,305.636597,498.702222
2019-01-04 16:00,305.506958,445.546667
2019-01-04 17:00,305.217163,327.662222
2019-01-04 18:00,302.641357,128.035556
2019-01-04 19:00,301.213867,16.728889
2019-01-04 20:00,299.909912,0.000000
2019-01-04 21:00,298.671631,0.000000
2019-01-04 22:00,297.466309,0.000000
2019-01-04 23:00,296.761963,0.000000
2019-01-05 00:00,296.529785,0.000000
2019-01-05 01:00,295.947021,0.000000
2019-01-05 02:00,295.526367,0.000000
2019-01-05 03:00,294.996582,0.000000
2019-01-05 04:00,294.909424,0.000000
2019-01-05 05:00,294.913086,0.000000
2019-01-05 06:00,294.808838,0.000000
2019-01-05 07:00,294.338623,0.000000
2019-01-05 08:00,295.604248,43.626667
2019-01-05 09:00,298.101318,196.195556
2019-01-05 10:00,301.177490,389.048889
2019-01-05 11:00,303.510986,569.777778
2019-01-05 12:00,305.822144,690.471111
2019-01-05 13:00,306.955566,748.657778
2019-01-05 14:00,307.726562,738.648889
2019-01-05 15:00,307.616943,660.693333
2019-01-05 16:00,307.532593,520.568889
2019-01-05 17:00,307.065308,327.982222
2019-01-05 18:00,304.629150,143.164444
2019-01-05 19:00,301.788086,18.382222
2019-01-05 20:00,301.994629,0.000000
2019-01-05 21:00,299.103638,0.000000
2019-01-05 22:00,297.674072,0.000000
2019-01-05 23:00,296.975586,0.000000
2019-01-06 00:00,296.391602,0.000000
2019-01-06 01:00,296.070557,0.000000
2019-01-06 02:00,295.546387,0.000000
2019-01-06 03:00,295.366211,0.000000
2019-01-06 04:00,294.586670,0.000000
2019-01-06 05:00,295.168213,0.000000
2019-01-06 06:00,295.135010,0.000000
2019-01-06 07:00,294.187988,0.000000
2019-01-06 08:00,295.299072,48.035556
2019-01-06 09:00,297.496460,213.546667
2019-01-06 10:00,300.192871,403.644444
2019-01-06 11:00,302.525024,559.377778
2019-01-06 12:00,304.750732,676.035556
2019-01-06 13:00,305.577637,724.906667
2019-01-06 14:00,306.579834,717.457778
2019-01-06 15:00,306.987549,629.955556
2019-01-06 16:00,306.948486,495.377778
2019-01-06 17:00,306.593262,329.671111
2019-01-06 18:00,303.802612,150.897778
2019-01-06 19:00,301.791992,17.262222
2019-01-06 20:00,300.353760,0.000000
2019-01-06 21:00,299.603027,0.000000
2019-01-06 22:00,298.544678,0.000000
2019-01-06 23:00,297.845093,0.000000
2019-01-07 00:00,297.072266,0.000000
2019-01-07 01:00,296.680908,0.000000
2019-01-07 02:00,296.607178,0.000000
2019-01-07 03:00,296.570801,0.000000
2019-01-07 04:00,296.111572,0.000000
2019-01-07 05:00,295.548096,0.000000
2019-01-07 06:00,295.299561,0.000000
2019-01-07 07:00,294.495850,0.000000
2019-01-07 08:00,295.452393,40.942222
2019-01-07 09:00,297.023315,181.280000
2019-01-07 10:00,299.142578,314.275556
2019-01-07 11:00,301.552246,492.515556
2019-01-07 12:00,304.355591,643.537778
2019-01-07 13:00,305.621338,726.720000
2019-01-07 14:00,307.198486,720.746667
2019-01-07 15:00,307.620850,624.960000
2019-01-07 16:00,307.343262,433.475556
2019-01-07 17:00,307.390381,350.471111
2019-01-07 18:00,302.793701,161.084444
2019-01-07 19:00,301.281982,17.297778
2019-01-07 20:00,299.401611,0.000000
2019-01-07 21:00,299.102539,0.000000
2019-01-07 22:00,298.377197,0.000000
2019-01-07 23:00,297.159912,0.000000
2019-01-08 00:00,296.287109,0.000000
2019-01-08 01:00,295.891357,0.000000
2019-01-08 02:00,295.656494,0.000000
2019-01-08 03:00,295.460449,0.000000
2019-01-08 04:00,295.280518,0.000000
2019-01-08 05:00,296.118408,0.000000
2019-01-08 06:00,295.995850,0.000000
2019-01-08 07:00,295.306152,0.000000
2019-01-08 08:00,295.396729,47.537778
2019-01-08 09:00,297.487305,218.417778
2019-01-08 10:00,300.789551,413.671111
2019-01-08 11:00,303.303101,582.666667
2019-01-08 12:00,305.156616,700.995556
2019-01-08 13:00,306.775635,760.248889
2019-01-08 14:00,307.648438,750.648889
2019-01-08 15:00,307.902832,669.795556
2019-01-08 16:00,307.702148,521.031111
2019-01-08 17:00,307.095947,351.342222
2019-01-08 18:00,304.787842,159.573333
2019-01-08 19:00,302.193359,20.977778
2019-01-08 20:00,300.877930,0.000000
2019-01-08 21:00,298.293457,0.000000
2019-01-08 22:00,297.031494,0.000000
2019-01-08 23:00,296.513794,0.000000
2019-01-09 00:00,295.519043,0.000000
2019-01-09 01:00,295.384033,0.000000
2019-01-09 02:00,294.836914,0.000000
2019-01-09 03:00,294.109375,0.000000
2019-01-09 04:00,293.736084,0.000000
2019-01-09 05:00,293.024658,0.000000
2019-01-09 06:00,292.877930,0.000000
2019-01-09 07:00,292.241943,0.000000
2019-01-09 08:00,293.372314,45.297778
2019-01-09 09:00,295.914062,189.653333
2019-01-09 10:00,299.913452,409.475556
2019-01-09 11:00,302.479492,583.555556
2019-01-09 12:00,304.585815,700.693333
2019-01-09 13:00,306.325684,761.600000
2019-01-09 14:00,307.109863,752.711111
2019-01-09 15:00,307.204102,677.351111
2019-01-09 16:00,307.019287,543.004444
2019-01-09 17:00,306.399658,363.928889
2019-01-09 18:00,303.919678,168.017778
2019-01-09 19:00,301.348633,21.528889
2019-01-09 20:00,300.260254,0.000000
2019-01-09 21:00,298.317139,0.000000
2019-01-09 22:00,297.453125,0.000000
2019-01-09 23:00,296.708374,0.000000
2019-01-10 00:00,295.960449,0.000000
2019-01-10 01:00,295.069580,0.000000
2019-01-10 02:00,294.419922,0.000000
2019-01-10 03:00,293.928223,0.000000
2019-01-10 04:00,295.170898,0.000000
2019-01-10 05:00,294.566650,0.000000
2019-01-10 06:00,294.653320,0.000000
2019-01-10 07:00,294.201172,0.000000
2019-01-10 08:00,293.927734,47.591111
2019-01-10 09:00,296.353638,216.995556
2019-01-10 10:00,300.569336,410.720000
2019-01-10 11:00,302.350220,579.235556
2019-01-10 12:00,304.777710,698.791111
2019-01-10 13:00,306.339355,757.973333
2019-01-10 14:00,307.416992,747.786667
2019-01-10 15:00,307.989258,672.568889
2019-01-10 16:00,308.098633,532.888889
2019-01-10 17:00,307.212891,359.395556
2019-01-10 18:00,303.920410,164.337778
2019-01-10 19:00,301.846680,21.137778
2019-01-10 20:00,300.435059,0.000000
2019-01-10 21:00,299.057861,0.000000
2019-01-10 22:00,297.670044,0.000000
2019-01-10 23:00,296.854980,0.000000
2019-01-11 00:00,295.923340,0.000000
2019-01-11 01:00,295.341553,0.000000
2019-01-11 02:00,294.629395,0.000000
2019-01-11 03:00,294.382324,0.000000
2019-01-11 04:00,294.076416,0.000000
2019-01-11 05:00,294.065186,0.000000
2019-01-11 06:00,294.502930,0.000000
2019-01-11 07:00,294.285156,0.000000
2019-01-11 08:00,295.593262,44.284444
2019-01-11 09:00,297.557983,185.013333
2019-01-11 10:00,301.161377,391.875556
2019-01-11 11:00,302.938477,537.600000
2019-01-11 12:00,304.299316,678.560000
2019-01-11 13:00,305.020264,722.080000
2019-01-11 14:00,306.292480,729.600000
2019-01-11 15:00,306.927734,653.244444
2019-01-11 16:00,306.132080,474.222222
2019-01-11 17:00,305.415283,346.257778
2019-01-11 18:00,302.612793,122.471111
2019-01-11 19:00,300.876709,19.466667
2019-01-11 20:00,300.008545,0.000000
2019-01-11 21:00,298.571533,0.000000
2019-01-11 22:00,298.435669,0.000000
2019-01-11 23:00,298.000244,0.000000
2019-01-12 00:00,297.272705,0.000000
2019-01-12 01:00,296.626709,0.000000
2019-01-12 02:00,296.076904,0.000000
2019-01-12 03:00,295.652344,0.000000
2019-01-12 04:00,295.626953,0.000000
2019-01-12 05:00,295.709229,0.000000
2019-01-12 06:00,295.406982,0.000000
2019-01-12 07:00,294.915771,0.000000
2019-01-12 08:00,296.390869,44.977778
2019-01-12 09:00,298.080566,211.697778
2019-01-12 10:00,301.177002,402.186667
2019-01-12 11:00,302.509521,568.320000
2019-01-12 12:00,304.152954,690.008889
2019-01-12 13:00,305.715088,752.444444
2019-01-12 14:00,306.117065,737.386667
2019-01-12 15:00,307.939697,667.591111
2019-01-12 16:00,308.449951,532.924444
2019-01-12 17:00,307.710938,338.968889
2019-01-12 18:00,305.517822,151.591111
2019-01-12 19:00,303.882690,19.395556
2019-01-12 20:00,302.807739,0.000000
2019-01-12 21:00,300.193604,0.000000
2019-01-12 22:00,299.261963,0.000000
2019-01-12 23:00,298.771851,0.000000
2019-01-13 00:00,297.984253,0.000000
2019-01-13 01:00,297.291870,0.000000
2019-01-13 02:00,296.307129,0.000000
2019-01-13 03:00,295.777588,0.000000
2019-01-13 04:00,295.298096,0.000000
2019-01-13 05:00,295.374512,0.000000
2019-01-13 06:00,295.398682,0.000000
2019-01-13 07:00,294.984619,0.000000
2019-01-13 08:00,295.730225,36.800000
2019-01-13 09:00,297.679688,180.231111
2019-01-13 10:00,301.398193,382.808889
2019-01-13 11:00,303.562500,576.408889
2019-01-13 12:00,306.187012,699.271111
2019-01-13 13:00,307.555908,754.026667
2019-01-13 14:00,308.306885,750.204444
2019-01-13 15:00,308.857666,675.111111
2019-01-13 16:00,309.569824,546.240000
2019-01-13 17:00,309.580811,369.457778
2019-01-13 18:00,304.776123,171.395556
2019-01-13 19:00,302.566162,24.160000
2019-01-13 20:00,301.172974,0.000000
2019-01-13 21:00,299.608154,0.000000
2019-01-13 22:00,298.338623,0.000000
2019-01-13 23:00,297.193115,0.000000
2019-01-14 00:00,296.283936,0.000000
2019-01-14 01:00,295.694336,0.000000
2019-01-14 02:00,295.052734,0.000000
2019-01-14 03:00,293.619385,0.000000
2019-01-14 04:00,293.969238,0.000000
2019-01-14 05:00,292.753662,0.000000
2019-01-14 06:00,293.757812,0.000000
2019-01-14 07:00,294.131348,0.000000
2019-01-14 08:00,294.527832,42.524444
2019-01-14 09:00,297.067749,195.413333
2019-01-14 10:00,300.625244,394.382222
2019-01-14 11:00,302.476929,574.204444
2019-01-14 12:00,304.701904,693.724444
2019-01-14 13:00,306.175293,761.955556
2019-01-14 14:00,306.996582,755.360000
2019-01-14 15:00,308.021973,681.742222
2019-01-14 16:00,308.243652,549.102222
2019-01-14 17:00,307.746826,371.786667
2019-01-14 18:00,304.987305,175.768889
2019-01-14 19:00,302.605469,24.960000
2019-01-14 20:00,301.078857,0.000000
2019-01-14 21:00,299.291748,0.000000
2019-01-14 22:00,298.069824,0.000000
2019-01-14 23:00,296.828247,0.000000
2019-01-15 00:00,296.004639,0.000000
2019-01-15 01:00,295.483154,0.000000
2019-01-15 02:00,294.874512,0.000000
2019-01-15 03:00,294.233643,0.000000
2019-01-15 04:00,293.346436,0.000000
2019-01-15 05:00,292.411621,0.000000
2019-01-15 06:00,292.530762,0.000000
2019-01-15 07:00,293.238037,0.000000
2019-01-15 08:00,294.557861,44.746667
2019-01-15 09:00,297.288208,211.146667
2019-01-15 10:00,300.828613,408.088889
2019-01-15 11:00,302.631958,577.368889
2019-01-15 12:00,304.605225,703.200000
2019-01-15 13:00,306.046143,764.995556
2019-01-15 14:00,306.723389,752.373333
2019-01-15 15:00,307.395996,684.995556
2019-01-15 16:00,307.196045,540.284444
2019-01-15 17:00,307.192383,365.031111
2019-01-15 18:00,305.334229,173.120000
2019-01-15 19:00,303.721069,25.404444
2019-01-15 20:00,302.473022,0.000000
2019-01-15 21:00,299.717651,0.000000
2019-01-15 22:00,298.231201,0.000000
2019-01-15 23:00,297.541992,0.000000
2019-01-16 00:00,296.666992,0.000000
2019-01-16 01:00,296.126709,0.000000
2019-01-16 02:00,295.382080,0.000000
2019-01-16 03:00,294.838623,0.000000
2019-01-16 04:00,294.783691,0.000000
2019-01-16 05:00,294.693604,0.000000
2019-01-16 06:00,295.017822,0.000000
2019-01-16 07:00,294.295898,0.000000
2019-01-16 08:00,295.847168,43.662222
2019-01-16 09:00,298.214111,189.297778
2019-01-16 10:00,301.869324,398.240000
2019-01-16 11:00,303.783936,560.746667
2019-01-16 12:00,305.405029,685.724444
2019-01-16 13:00,305.883423,756.711111
2019-01-16 14:00,306.926758,753.066667
2019-01-16 15:00,308.781738,661.457778
2019-01-16 16:00,309.207764,540.266667
2019-01-16 17:00,308.677979,354.560000
2019-01-16 18:00,306.077881,163.395556
2019-01-16 19:00,302.980103,26.453333
2019-01-16 20:00,301.534424,0.000000
2019-01-16 21:00,299.811035,0.000000
2019-01-16 22:00,298.723389,0.000000
2019-01-16 23:00,297.786499,0.000000
2019-01-17 00:00,296.723877,0.000000
2019-01-17 01:00,296.559570,0.000000
2019-01-17 02:00,295.924561,0.000000
2019-01-17 03:00,295.977539,0.000000
2019-01-17 04:00,295.946777,0.000000
2019-01-17 05:00,296.242920,0.000000
2019-01-17 06:00,297.023193,0.000000
2019-01-17 07:00,297.287842,0.000000
2019-01-17 08:00,298.316284,31.057778
2019-01-17 09:00,298.650391,163.182222
2019-01-17 10:00,301.278076,320.053333
2019-01-17 11:00,303.073730,547.626667
2019-01-17 12:00,305.196777,684.924444
2019-01-17 13:00,306.076782,742.115556
2019-01-17 14:00,307.077881,746.577778
2019-01-17 15:00,308.467041,675.733333
2019-01-17 16:00,309.020996,545.102222
2019-01-17 17:00,308.307373,368.515556
2019-01-17 18:00,306.324707,176.142222
2019-01-17 19:00,303.830444,23.715556
2019-01-17 20:00,301.710815,0.000000
2019-01-17 21:00,300.119385,0.000000
2019-01-17 22:00,299.402466,0.000000
2019-01-17 23:00,298.428345,0.000000
2019-01-18 00:00,297.880981,0.000000
2019-01-18 01:00,297.299805,0.000000
2019-01-18 02:00,296.987183,0.000000
2019-01-18 03:00,296.319824,0.000000
2019-01-18 04:00,296.178101,0.000000
2019-01-18 05:00,295.651245,0.000000
2019-01-18 06:00,295.880859,0.000000
2019-01-18 07:00,295.336914,0.000000
2019-01-18 08:00,296.072632,40.711111
2019-01-18 09:00,297.427002,204.551111
2019-01-18 10:00,301.359619,401.262222
2019-01-18 11:00,303.746338,575.662222
2019-01-18 12:00,305.619507,700.266667
2019-01-18 13:00,306.901001,761.013333
2019-01-18 14:00,307.630371,754.844444
2019-01-18 15:00,307.959473,684.675556
2019-01-18 16:00,307.674072,540.373333
2019-01-18 17:00,307.724365,369.724444
2019-01-18 18:00,305.285400,176.337778
2019-01-18 19:00,303.580688,25.155556
2019-01-18 20:00,301.987671,0.000000
2019-01-18 21:00,300.123535,0.000000
2019-01-18 22:00,298.720947,0.000000
2019-01-18 23:00,297.396362,0.000000
2019-01-19 00:00,296.984863,0.000000
2019-01-19 01:00,296.417847,0.000000
2019-01-19 02:00,295.649658,0.000000
2019-01-19 03:00,295.096436,0.000000
2019-01-19 04:00,294.885986,0.000000
2019-01-19 05:00,295.157227,0.000000
2019-01-19 06:00,295.448730,0.000000
2019-01-19 07:00,295.822754,0.000000
2019-01-19 08:00,296.086182,28.711111
2019-01-19 09:00,297.170288,158.240000
2019-01-19 10:00,300.745056,347.520000
2019-01-19 11:00,303.250122,563.804444
2019-01-19 12:00,305.482178,699.253333
2019-01-19 13:00,306.988037,765.155556
2019-01-19 14:00,308.298828,757.226667
2019-01-19 15:00,308.890625,671.413333
2019-01-19 16:00,308.669922,547.324444
2019-01-19 17:00,308.603271,374.168889
2019-01-19 18:00,305.585449,184.177778
2019-01-19 19:00,302.807251,28.302222
2019-01-19 20:00,302.793213,0.000000
2019-01-19 21:00,300.665283,0.000000
2019-01-19 22:00,299.405884,0.000000
2019-01-19 23:00,298.285034,0.000000
2019-01-20 00:00,297.349121,0.000000
2019-01-20 01:00,296.511841,0.000000
2019-01-20 02:00,297.133545,0.000000
2019-01-20 03:00,295.876465,0.000000
2019-01-20 04:00,296.764893,0.000000
2019-01-20 05:00,296.525635,0.000000
2019-01-20 06:00,297.048584,0.000000
2019-01-20 07:00,297.552246,0.000000
2019-01-20 08:00,298.331055,33.724444
2019-01-20 09:00,298.922119,120.835556
2019-01-20 10:00,301.589355,367.893333
2019-01-20 11:00,303.664062,573.884444
2019-01-20 12:00,305.911011,701.262222
2019-01-20 13:00,307.483154,760.551111
2019-01-20 14:00,308.723389,758.382222
2019-01-20 15:00,309.232178,692.764444
2019-01-20 16:00,309.401855,564.355556
2019-01-20 17:00,308.244141,386.044444
2019-01-20 18:00,306.207275,183.857778
2019-01-20 19:00,303.235596,29.244444
2019-01-20 20:00,302.963623,0.000000
2019-01-20 21:00,299.850708,0.000000
2019-01-20 22:00,298.449829,0.000000
2019-01-20 23:00,297.725342,0.000000
2019-01-21 00:00,297.266602,0.000000
2019-01-21 01:00,297.068359,0.000000
2019-01-21 02:00,296.995605,0.000000
2019-01-21 03:00,296.842285,0.000000
2019-01-21 04:00,297.117676,0.000000
2019-01-21 05:00,297.176758,0.000000
2019-01-21 06:00,297.640625,0.000000
2019-01-21 07:00,297.523438,0.000000
2019-01-21 08:00,297.295410,20.800000
2019-01-21 09:00,298.098755,124.142222
2019-01-21 10:00,300.622070,294.524444
2019-01-21 11:00,303.065186,501.048889
2019-01-21 12:00,305.184570,678.702222
2019-01-21 13:00,306.668579,728.995556
2019-01-21 14:00,307.731445,737.102222
2019-01-21 15:00,308.428223,644.035556
2019-01-21 16:00,308.600342,534.400000
2019-01-21 17:00,308.480469,371.822222
2019-01-21 18:00,306.247803,181.475556
2019-01-21 19:00,304.080200,25.440000
2019-01-21 20:00,302.457397,0.000000
2019-01-21 21:00,300.616699,0.000000
2019-01-21 22:00,298.631104,0.000000
2019-01-21 23:00,297.727173,0.000000
2019-01-22 00:00,296.865967,0.000000
2019-01-22 01:00,296.526367,0.000000
2019-01-22 02:00,296.252686,0.000000
2019-01-22 03:00,297.017822,0.000000
2019-01-22 04:00,296.878662,0.000000
2019-01-22 05:00,295.929688,0.000000
2019-01-22 06:00,296.647217,0.000000
2019-01-22 07:00,296.532227,0.000000
2019-01-22 08:00,296.662354,33.031111
2019-01-22 09:00,297.518311,192.088889
2019-01-22 10:00,302.306641,395.911111
2019-01-22 11:00,303.655518,567.982222
2019-01-22 12:00,305.331421,701.084444
2019-01-22 13:00,306.940186,767.893333
2019-01-22 14:00,308.050293,764.977778
2019-01-22 15:00,309.443848,692.906667
2019-01-22 16:00,309.236328,559.360000
2019-01-22 17:00,308.679932,386.897778
2019-01-22 18:00,307.361084,187.395556
2019-01-22 19:00,303.536133,30.577778
2019-01-22 20:00,302.479492,0.000000
2019-01-22 21:00,299.844238,0.000000
2019-01-22 22:00,298.284546,0.000000
2019-01-22 23:00,297.259521,0.000000
2019-01-23 00:00,296.252930,0.000000
2019-01-23 01:00,295.498291,0.000000
2019-01-23 02:00,295.175049,0.000000
2019-01-23 03:00,295.104492,0.000000
2019-01-23 04:00,294.639160,0.000000
2019-01-23 05:00,294.214111,0.000000
2019-01-23 06:00,293.968018,0.000000
2019-01-23 07:00,295.136963,0.000000
2019-01-23 08:00,295.031494,41.280000
2019-01-23 09:00,297.544067,207.573333
2019-01-23 10:00,301.293701,404.728889
2019-01-23 11:00,303.886719,575.360000
2019-01-23 12:00,306.491211,704.195556
2019-01-23 13:00,307.419678,756.462222
2019-01-23 14:00,308.676758,755.911111
2019-01-23 15:00,309.163818,666.133333
2019-01-23 16:00,309.293457,543.288889
2019-01-23 17:00,308.629150,370.986667
2019-01-23 18:00,306.000977,178.986667
2019-01-23 19:00,303.588623,28.800000
2019-01-23 20:00,301.887207,0.000000
2019-01-23 21:00,300.186157,0.000000
2019-01-23 22:00,298.343750,0.000000
2019-01-23 23:00,297.629150,0.000000
2019-01-24 00:00,297.015625,0.000000
2019-01-24 01:00,296.381104,0.000000
2019-01-24 02:00,295.639893,0.000000
2019-01-24 03:00,295.285645,0.000000
2019-01-24 04:00,295.343262,0.000000
2019-01-24 05:00,295.668945,0.000000
2019-01-24 06:00,296.082031,0.000000
2019-01-24 07:00,296.539795,0.000000
2019-01-24 08:00,297.185059,23.520000
2019-01-24 09:00,297.621826,127.360000
2019-01-24 10:00,301.900391,349.457778
2019-01-24 11:00,302.821533,461.315556
2019-01-24 12:00,304.601074,530.186667
2019-01-24 13:00,305.974854,749.937778
2019-01-24 14:00,306.394897,689.155556
2019-01-24 15:00,308.224609,615.946667
2019-01-24 16:00,308.878174,531.715556
2019-01-24 17:00,307.083008,329.066667
2019-01-24 18:00,305.039429,180.373333
2019-01-24 19:00,303.015869,29.671111
2019-01-24 20:00,302.411377,0.000000
2019-01-24 21:00,300.306030,0.000000
2019-01-24 22:00,299.419189,0.000000
2019-01-24 23:00,298.717896,0.000000
2019-01-25 00:00,297.978271,0.000000
2019-01-25 01:00,297.439941,0.000000
2019-01-25 02:00,296.580566,0.000000
2019-01-25 03:00,295.473633,0.000000
2019-01-25 04:00,295.296143,0.000000
2019-01-25 05:00,295.683350,0.000000
2019-01-25 06:00,296.465088,0.000000
2019-01-25 07:00,296.578369,0.000000
2019-01-25 08:00,296.998535,37.600000
2019-01-25 09:00,298.866699,204.977778
2019-01-25 10:00,302.396362,398.488889
2019-01-25 11:00,304.432007,567.057778
2019-01-25 12:00,306.791626,679.697778
2019-01-25 13:00,307.784668,712.657778
2019-01-25 14:00,308.833252,681.066667
2019-01-25 15:00,309.306885,627.164444
2019-01-25 16:00,309.118408,495.395556
2019-01-25 17:00,309.046875,372.657778
2019-01-25 18:00,306.282959,178.773333
2019-01-25 19:00,303.667969,30.222222
2019-01-25 20:00,301.081543,0.000000
2019-01-25 21:00,298.974609,0.000000
2019-01-25 22:00,298.707397,0.000000
2019-01-25 23:00,297.816772,0.000000
2019-01-26 00:00,297.584473,0.000000
2019-01-26 01:00,297.298218,0.000000
2019-01-26 02:00,297.174072,0.000000
2019-01-26 03:00,296.584961,0.000000
2019-01-26 04:00,296.168701,0.000000
2019-01-26 05:00,296.235840,0.000000
2019-01-26 06:00,296.750732,0.000000
2019-01-26 07:00,296.603271,0.000000
2019-01-26 08:00,296.885010,36.408889
2019-01-26 09:00,297.910767,168.871111
2019-01-26 10:00,302.263794,364.035556
2019-01-26 11:00,303.980713,557.493333
2019-01-26 12:00,305.675171,707.271111
2019-01-26 13:00,306.828613,773.955556
2019-01-26 14:00,307.834229,771.768889
2019-01-26 15:00,308.673828,693.066667
2019-01-26 16:00,308.894043,565.848889
2019-01-26 17:00,308.657715,392.142222
2019-01-26 18:00,307.257324,194.311111
2019-01-26 19:00,304.656006,33.102222
2019-01-26 20:00,303.484741,0.000000
2019-01-26 21:00,300.284912,0.000000
2019-01-26 22:00,298.385010,0.000000
2019-01-26 23:00,297.585327,0.000000
2019-01-27 00:00,296.668823,0.000000
2019-01-27 01:00,296.015503,0.000000
2019-01-27 02:00,295.173828,0.000000
2019-01-27 03:00,294.662109,0.000000
2019-01-27 04:00,294.204590,0.000000
2019-01-27 05:00,293.715576,0.000000
2019-01-27 06:00,294.875977,0.000000
2019-01-27 07:00,294.728516,0.000000
2019-01-27 08:00,294.659668,41.813333
2019-01-27 09:00,297.562988,210.808889
2019-01-27 10:00,301.043457,409.920000
2019-01-27 11:00,303.462646,589.191111
2019-01-27 12:00,305.888428,717.831111
2019-01-27 13:00,308.072510,785.528889
2019-01-27 14:00,309.238525,783.751111
2019-01-27 15:00,309.408936,712.675556
2019-01-27 16:00,309.299072,579.644444
2019-01-27 17:00,308.816895,399.360000
2019-01-27 18:00,306.657227,198.115556
2019-01-27 19:00,305.705322,34.311111
2019-01-27 20:00,303.396484,0.000000
2019-01-27 21:00,299.593506,0.000000
2019-01-27 22:00,298.461060,0.000000
2019-01-27 23:00,297.509277,0.000000
2019-01-28 00:00,296.309570,0.000000
2019-01-28 01:00,295.759521,0.000000
2019-01-28 02:00,295.264893,0.000000
2019-01-28 03:00,294.763916,0.000000
2019-01-28 04:00,294.191406,0.000000
2019-01-28 05:00,293.717773,0.000000
2019-01-28 06:00,293.678711,0.000000
2019-01-28 07:00,293.911865,0.000000
2019-01-28 08:00,294.695557,41.297778
2019-01-28 09:00,297.473755,207.182222
2019-01-28 10:00,301.121094,401.973333
2019-01-28 11:00,303.314819,578.257778
2019-01-28 12:00,305.499268,697.208889
2019-01-28 13:00,306.447266,747.128889
2019-01-28 14:00,307.513916,726.311111
2019-01-28 15:00,308.255859,657.475556
2019-01-28 16:00,308.609131,564.266667
2019-01-28 17:00,308.035156,391.644444
2019-01-28 18:00,305.993896,195.822222
2019-01-28 19:00,302.666870,34.168889
2019-01-28 20:00,302.257080,0.000000
2019-01-28 21:00,300.258301,0.000000
2019-01-28 22:00,298.593628,0.000000
2019-01-28 23:00,297.703369,0.000000
2019-01-29 00:00,297.093506,0.000000
2019-01-29 01:00,296.371826,0.000000
2019-01-29 02:00,296.370850,0.000000
2019-01-29 03:00,295.656006,0.000000
2019-01-29 04:00,295.800537,0.000000
2019-01-29 05:00,296.236084,0.000000
2019-01-29 06:00,297.089355,0.000000
2019-01-29 07:00,297.318115,0.000000
2019-01-29 08:00,297.382324,22.097778
2019-01-29 09:00,297.922485,136.071111
2019-01-29 10:00,301.245361,309.653333
2019-01-29 11:00,302.496460,444.177778
2019-01-29 12:00,304.754517,587.911111
2019-01-29 13:00,305.526123,593.760000
2019-01-29 14:00,306.932617,705.368889
2019-01-29 15:00,308.205322,618.648889
2019-01-29 16:00,308.152832,533.937778
2019-01-29 17:00,307.683105,344.160000
2019-01-29 18:00,306.109131,174.773333
2019-01-29 19:00,303.772339,31.875556
2019-01-29 20:00,302.661377,0.000000
2019-01-29 21:00,300.137207,0.000000
2019-01-29 22:00,299.979370,0.000000
2019-01-29 23:00,298.909424,0.000000
2019-01-30 00:00,298.515381,0.000000
2019-01-30 01:00,298.223022,0.000000
2019-01-30 02:00,297.468994,0.000000
2019-01-30 03:00,296.776611,0.000000
2019-01-30 04:00,296.538818,0.000000
2019-01-30 05:00,296.498535,0.000000
2019-01-30 06:00,297.116455,0.000000
2019-01-30 07:00,297.021729,0.000000
2019-01-30 08:00,297.732178,35.306667
2019-01-30 09:00,298.970581,142.506667
2019-01-30 10:00,302.237305,303.786667
2019-01-30 11:00,303.447632,504.231111
2019-01-30 12:00,304.061523,546.080000
2019-01-30 13:00,304.955322,568.711111
2019-01-30 14:00,305.820801,594.240000
2019-01-30 15:00,306.245850,485.155556
2019-01-30 16:00,306.130371,499.324444
2019-01-30 17:00,305.541016,246.364444
2019-01-30 18:00,304.150635,155.448889
2019-01-30 19:00,302.429077,23.040000
2019-01-30 20:00,301.669189,0.000000
2019-01-30 21:00,299.619873,0.000000
2019-01-30 22:00,298.922485,0.000000
2019-01-30 23:00,298.184692,0.000000
2019-01-31 00:00,297.926880,0.000000
2019-01-31 01:00,297.671143,0.000000
2019-01-31 02:00,297.353516,0.000000
2019-01-31 03:00,297.086182,0.000000
2019-01-31 04:00,296.997559,0.000000
2019-01-31 05:00,297.099854,0.000000
2019-01-31 06:00,297.253418,0.000000
2019-01-31 07:00,297.215088,0.000000
2019-01-31 08:00,297.854004,35.128889
2019-01-31 09:00,299.219360,192.853333
2019-01-31 10:00,302.900513,388.088889
2019-01-31 11:00,304.478882,517.262222
2019-01-31 12:00,306.293945,678.755556
2019-01-31 13:00,307.745361,777.973333
2019-01-31 14:00,308.612793,754.808889
2019-01-31 15:00,309.165283,670.080000
2019-01-31 16:00,309.795166,576.728889
2019-01-31 17:00,309.028076,393.848889
2019-01-31 18:00,307.269531,199.164444
2019-01-31 19:00,304.063477,33.777778
2019-01-31 20:00,303.915771,0.000000
2019-01-31 21:00,301.141479,0.000000
2019-01-31 22:00,299.952271,0.000000
2019-01-31 23:00,299.191528,0.000000
2019-02-01 00:00,298.517944,0.000000
2019-02-01 01:00,297.820679,0.000000
2019-02-01 02:00,296.937012,0.000000
2019-02-01 03:00,296.090820,0.000000
2019-02-01 04:00,295.758057,0.000000
2019-02-01 05:00,295.737305,0.000000
2019-02-01 06:00,295.431152,0.000000
2019-02-01 07:00,295.238037,0.000000
2019-02-01 08:00,296.318359,35.342222
2019-02-01 09:00,298.634033,182.862222
2019-02-01 10:00,302.325562,384.640000
2019-02-01 11:00,304.475830,572.515556
2019-02-01 12:00,306.506714,713.208889
2019-02-01 13:00,307.904541,784.426667
2019-02-01 14:00,308.991455,783.253333
2019-02-01 15:00,310.687012,713.031111
2019-02-01 16:00,310.968750,579.644444
2019-02-01 17:00,310.173096,399.057778
2019-02-01 18:00,306.990234,200.640000
2019-02-01 19:00,303.902588,36.160000
2019-02-01 20:00,301.655396,0.000000
2019-02-01 21:00,299.562256,0.000000
2019-02-01 22:00,299.180298,0.000000
2019-02-01 23:00,298.376343,0.000000
2019-02-02 00:00,297.386719,0.000000
2019-02-02 01:00,296.969849,0.000000
2019-02-02 02:00,296.369629,0.000000
2019-02-02 03:00,295.619507,0.000000
2019-02-02 04:00,295.777832,0.000000
2019-02-02 05:00,295.655151,0.000000
2019-02-02 06:00,296.428589,0.000000
2019-02-02 07:00,296.982544,0.000000
2019-02-02 08:00,296.945923,38.951111
2019-02-02 09:00,299.132935,207.182222
2019-02-02 10:00,302.718750,403.306667
2019-02-02 11:00,304.584229,581.528889
2019-02-02 12:00,306.139526,714.826667
2019-02-02 13:00,307.896729,777.831111
2019-02-02 14:00,308.987549,772.213333
2019-02-02 15:00,308.704346,712.604444
2019-02-02 16:00,309.369629,578.986667
2019-02-02 17:00,308.986816,395.146667
2019-02-02 18:00,307.764160,200.622222
2019-02-02 19:00,305.344482,36.017778
2019-02-02 20:00,303.782471,0.000000
2019-02-02 21:00,300.694946,0.000000
2019-02-02 22:00,299.482178,0.000000
2019-02-02 23:00,298.687378,0.000000
2019-02-03 00:00,297.576416,0.000000
2019-02-03 01:00,296.577515,0.000000
2019-02-03 02:00,295.903076,0.000000
2019-02-03 03:00,294.900269,0.000000
2019-02-03 04:00,294.586792,0.000000
2019-02-03 05:00,295.485962,0.000000
2019-02-03 06:00,295.624634,0.000000
2019-02-03 07:00,295.347290,0.000000
2019-02-03 08:00,295.987549,34.613333
2019-02-03 09:00,298.084473,152.160000
2019-02-03 10:00,301.577148,370.151111
2019-02-03 11:00,303.533936,562.417778
2019-02-03 12:00,306.208984,703.537778
2019-02-03 13:00,307.611084,765.955556
2019-02-03 14:00,308.638916,762.026667
2019-02-03 15:00,308.585449,698.240000
2019-02-03 16:00,308.979248,574.631111
2019-02-03 17:00,308.305420,377.191111
2019-02-03 18:00,306.264404,180.017778
2019-02-03 19:00,304.506348,34.435556
2019-02-03 20:00,303.793579,0.000000
2019-02-03 21:00,301.016479,0.000000
2019-02-03 22:00,300.039062,0.000000
2019-02-03 23:00,299.409912,0.000000
2019-02-04 00:00,298.505127,0.000000
2019-02-04 01:00,297.914917,0.000000
2019-02-04 02:00,296.916016,0.000000
2019-02-04 03:00,296.343018,0.000000
2019-02-04 04:00,296.097534,0.000000
2019-02-04 05:00,295.464722,0.000000
2019-02-04 06:00,295.532227,0.000000
2019-02-04 07:00,295.048462,0.000000
2019-02-04 08:00,295.985107,41.280000
2019-02-04 09:00,298.529419,207.182222
2019-02-04 10:00,302.074829,409.120000
2019-02-04 11:00,304.530518,588.160000
2019-02-04 12:00,307.151611,712.693333
2019-02-04 13:00,307.984863,782.151111
2019-02-04 14:00,308.825195,781.368889
2019-02-04 15:00,310.137939,710.951111
2019-02-04 16:00,309.979736,580.408889
2019-02-04 17:00,309.364014,400.266667
2019-02-04 18:00,307.018066,198.026667
2019-02-04 19:00,304.269775,36.142222
2019-02-04 20:00,302.495117,0.000000
2019-02-04 21:00,300.673828,0.000000
2019-02-04 22:00,299.328491,0.000000
2019-02-04 23:00,298.297241,0.000000
2019-02-05 00:00,296.987427,0.000000
2019-02-05 01:00,296.289062,0.000000
2019-02-05 02:00,295.546997,0.000000
2019-02-05 03:00,294.369385,0.000000
2019-02-05 04:00,294.817139,0.000000
2019-02-05 05:00,294.453369,0.000000
2019-02-05 06:00,294.475098,0.000000
2019-02-05 07:00,293.897949,0.000000
2019-02-05 08:00,294.904419,38.862222
2019-02-05 09:00,298.090271,203.928889
2019-02-05 10:00,301.322021,408.124444
2019-02-05 11:00,303.622192,586.240000
2019-02-05 12:00,306.052856,715.200000
2019-02-05 13:00,307.447266,783.075556
2019-02-05 14:00,308.067871,781.084444
2019-02-05 15:00,309.548584,711.466667
2019-02-05 16:00,309.735107,580.337778
2019-02-05 17:00,309.737305,402.471111
2019-02-05 18:00,307.692139,202.026667
2019-02-05 19:00,304.962402,36.764444
2019-02-05 20:00,303.433350,0.000000
2019-02-05 21:00,301.141113,0.000000
2019-02-05 22:00,299.738037,0.000000
2019-02-05 23:00,298.844727,0.000000
2019-02-06 00:00,297.829346,0.000000
2019-02-06 01:00,297.218872,0.000000
2019-02-06 02:00,296.496216,0.000000
2019-02-06 03:00,295.942261,0.000000
2019-02-06 04:00,295.494507,0.000000
2019-02-06 05:00,294.998291,0.000000
2019-02-06 06:00,295.880981,0.000000
2019-02-06 07:00,295.773560,0.000000
2019-02-06 08:00,296.583496,38.364444
2019-02-06 09:00,297.340820,190.328889
2019-02-06 10:00,302.016724,327.324444
2019-02-06 11:00,303.138428,368.426667
2019-02-06 12:00,306.106445,629.902222
2019-02-06 13:00,307.329834,661.386667
2019-02-06 14:00,309.052490,766.346667
2019-02-06 15:00,311.472412,701.866667
2019-02-06 16:00,311.339600,577.208889
2019-02-06 17:00,310.221436,296.657778
2019-02-06 18:00,308.211182,118.613333
2019-02-06 19:00,305.682373,30.897778
2019-02-06 20:00,304.254272,0.000000
2019-02-06 21:00,301.736084,0.000000
2019-02-06 22:00,300.651245,0.000000
2019-02-06 23:00,299.617310,0.000000
2019-02-07 00:00,298.984253,0.000000
2019-02-07 01:00,298.472778,0.000000
2019-02-07 02:00,297.925293,0.000000
2019-02-07 03:00,297.881836,0.000000
2019-02-07 04:00,297.048828,0.000000
2019-02-07 05:00,296.462158,0.000000
2019-02-07 06:00,296.870361,0.000000
2019-02-07 07:00,297.604248,0.000000
2019-02-07 08:00,296.997925,39.822222
2019-02-07 09:00,299.178528,198.293333
2019-02-07 10:00,303.551514,370.097778
2019-02-07 11:00,305.702881,547.360000
2019-02-07 12:00,307.501465,706.560000
2019-02-07 13:00,308.848389,767.804444
2019-02-07 14:00,310.089355,787.573333
2019-02-07 15:00,311.530029,713.600000
2019-02-07 16:00,310.971436,548.640000
2019-02-07 17:00,310.487061,397.262222
2019-02-07 18:00,309.037842,203.217778
2019-02-07 19:00,306.267090,38.560000
2019-02-07 20:00,304.230469,0.000000
2019-02-07 21:00,301.300171,0.000000
2019-02-07 22:00,299.936646,0.000000
2019-02-07 23:00,299.283081,0.000000
2019-02-08 00:00,298.252930,0.000000
2019-02-08 01:00,297.301270,0.000000
2019-02-08 02:00,296.858032,0.000000
2019-02-08 03:00,297.185425,0.000000
2019-02-08 04:00,297.135376,0.000000
2019-02-08 05:00,296.853760,0.000000
2019-02-08 06:00,297.009888,0.000000
2019-02-08 07:00,296.612061,0.000000
2019-02-08 08:00,296.803345,41.866667
2019-02-08 09:00,299.462036,199.875556
2019-02-08 10:00,302.770874,403.271111
2019-02-08 11:00,304.200684,582.311111
2019-02-08 12:00,306.080322,719.520000
2019-02-08 13:00,307.091553,783.608889
2019-02-08 14:00,308.382324,782.435556
2019-02-08 15:00,310.098877,703.057778
2019-02-08 16:00,309.815674,576.248889
2019-02-08 17:00,308.983398,390.755556
2019-02-08 18:00,308.583008,204.088889
2019-02-08 19:00,304.802979,39.271111
2019-02-08 20:00,304.161987,0.000000
2019-02-08 21:00,301.565918,0.000000
2019-02-08 22:00,300.078857,0.000000
2019-02-08 23:00,299.470703,0.000000
2019-02-09 00:00,299.002319,0.000000
2019-02-09 01:00,297.911133,0.000000
2019-02-09 02:00,297.744141,0.000000
2019-02-09 03:00,297.487915,0.000000
2019-02-09 04:00,297.082764,0.000000
2019-02-09 05:00,296.929321,0.000000
2019-02-09 06:00,297.068970,0.000000
2019-02-09 07:00,297.025024,0.000000
2019-02-09 08:00,298.324341,40.462222
2019-02-09 09:00,299.093018,205.831111
2019-02-09 10:00,302.144714,382.595556
2019-02-09 11:00,304.698853,577.902222
2019-02-09 12:00,306.591187,705.173333
2019-02-09 13:00,307.229980,661.724444
2019-02-09 14:00,307.980469,589.208889
2019-02-09 15:00,308.567627,644.284444
2019-02-09 16:00,308.809326,481.688889
2019-02-09 17:00,307.948242,377.048889
2019-02-09 18:00,306.332520,161.706667
2019-02-09 19:00,304.264404,30.506667
2019-02-09 20:00,303.298828,0.000000
2019-02-09 21:00,302.005493,0.000000
2019-02-09 22:00,301.202148,0.000000
2019-02-09 23:00,300.558838,0.000000
2019-02-10 00:00,299.634766,0.000000
2019-02-10 01:00,299.161011,0.000000
2019-02-10 02:00,298.567749,0.000000
2019-02-10 03:00,298.023071,0.000000
2019-02-10 04:00,297.585449,0.000000
2019-02-10 05:00,297.688965,0.000000
2019-02-10 06:00,297.161011,0.000000
2019-02-10 07:00,296.921387,0.000000
2019-02-10 08:00,298.490356,34.897778
2019-02-10 09:00,299.709595,156.053333
2019-02-10 10:00,302.899658,370.773333
2019-02-10 11:00,305.300171,531.324444
2019-02-10 12:00,305.910889,606.488889
2019-02-10 13:00,307.052734,618.755556
2019-02-10 14:00,308.711426,619.004444
2019-02-10 15:00,307.869141,475.217778
2019-02-10 16:00,307.823730,341.671111
2019-02-10 17:00,307.035156,276.426667
2019-02-10 18:00,303.852783,152.764444
2019-02-10 19:00,302.274170,23.377778
2019-02-10 20:00,301.188721,0.000000
2019-02-10 21:00,300.058228,0.000000
2019-02-10 22:00,300.028198,0.000000
2019-02-10 23:00,299.637207,0.000000
2019-02-11 00:00,298.764771,0.000000
2019-02-11 01:00,298.154419,0.000000
2019-02-11 02:00,298.454346,0.000000
2019-02-11 03:00,297.902344,0.000000
2019-02-11 04:00,297.867920,0.000000
2019-02-11 05:00,297.105225,0.000000
2019-02-11 06:00,296.971191,0.000000
2019-02-11 07:00,297.005859,0.000000
2019-02-11 08:00,297.797363,21.813333
2019-02-11 09:00,299.128784,122.720000
2019-02-11 10:00,301.380310,343.093333
2019-02-11 11:00,303.772339,544.142222
2019-02-11 12:00,306.572021,707.093333
2019-02-11 13:00,307.963623,785.244444
2019-02-11 14:00,309.645020,793.368889
2019-02-11 15:00,310.098145,712.142222
2019-02-11 16:00,310.662842,593.084444
2019-02-11 17:00,310.191406,412.248889
2019-02-11 18:00,308.455078,211.342222
2019-02-11 19:00,306.620361,40.764444
2019-02-11 20:00,303.920654,0.000000
2019-02-11 21:00,302.039429,0.000000
2019-02-11 22:00,300.739868,0.000000
2019-02-11 23:00,299.693848,0.000000
2019-02-12 00:00,298.868774,0.000000
2019-02-12 01:00,297.756104,0.000000
2019-02-12 02:00,296.812988,0.000000
2019-02-12 03:00,296.382935,0.000000
2019-02-12 04:00,295.497070,0.000000
2019-02-12 05:00,295.104736,0.000000
2019-02-12 06:00,294.521484,0.000000
2019-02-12 07:00,293.844971,0.000000
2019-02-12 08:00,295.186523,44.337778
2019-02-12 09:00,297.961670,193.831111
2019-02-12 10:00,301.013489,373.297778
2019-02-12 11:00,304.114502,571.662222
2019-02-12 12:00,306.237671,712.071111
2019-02-12 13:00,308.413330,768.657778
2019-02-12 14:00,309.660156,771.128889
2019-02-12 15:00,310.332764,706.648889
2019-02-12 16:00,310.808350,594.346667
2019-02-12 17:00,310.097656,421.475556
2019-02-12 18:00,309.147461,216.213333
2019-02-12 19:00,306.989014,42.328889
2019-02-12 20:00,302.701416,0.000000
2019-02-12 21:00,301.276123,0.000000
2019-02-12 22:00,299.707764,0.000000
2019-02-12 23:00,297.710815,0.000000
2019-02-13 00:00,297.383301,0.000000
2019-02-13 01:00,296.226196,0.000000
2019-02-13 02:00,296.534668,0.000000
2019-02-13 03:00,295.255981,0.000000
2019-02-13 04:00,294.698364,0.000000
2019-02-13 05:00,294.604004,0.000000
2019-02-13 06:00,294.631592,0.000000
2019-02-13 07:00,294.462646,0.000000
2019-02-13 08:00,294.862305,43.128889
2019-02-13 09:00,296.964417,207.875556
2019-02-13 10:00,300.696655,412.746667
2019-02-13 11:00,303.664307,602.897778
2019-02-13 12:00,306.077393,736.373333
2019-02-13 13:00,308.277832,805.048889
2019-02-13 14:00,309.073242,804.177778
2019-02-13 15:00,309.852783,734.080000
2019-02-13 16:00,310.128906,600.640000
2019-02-13 17:00,309.349121,418.364444
2019-02-13 18:00,308.413818,210.755556
2019-02-13 19:00,305.441650,41.813333
2019-02-13 20:00,302.827393,0.000000
2019-02-13 21:00,300.503052,0.000000
2019-02-13 22:00,299.122925,0.000000
2019-02-13 23:00,298.075562,0.000000
2019-02-14 00:00,296.994141,0.000000
2019-02-14 01:00,296.863647,0.000000
2019-02-14 02:00,295.662354,0.000000
2019-02-14 03:00,295.261475,0.000000
2019-02-14 04:00,294.559570,0.000000
2019-02-14 05:00,293.809570,0.000000
2019-02-14 06:00,294.031006,0.000000
2019-02-14 07:00,294.431396,0.000000
2019-02-14 08:00,295.846191,43.484444
2019-02-14 09:00,298.534302,213.404444
2019-02-14 10:00,301.695068,414.595556
2019-02-14 11:00,304.046753,593.102222
2019-02-14 12:00,305.953369,720.355556
2019-02-14 13:00,308.080566,791.680000
2019-02-14 14:00,309.279053,783.324444
2019-02-14 15:00,310.455078,717.617778
2019-02-14 16:00,310.469482,562.186667
2019-02-14 17:00,309.719727,361.635556
2019-02-14 18:00,308.618896,206.720000
2019-02-14 19:00,305.640869,40.800000
2019-02-14 20:00,303.365601,0.000000
2019-02-14 21:00,301.649658,0.000000
2019-02-14 22:00,300.851074,0.000000
2019-02-14 23:00,299.752075,0.000000
2019-02-15 00:00,299.012573,0.000000
2019-02-15 01:00,298.171631,0.000000
2019-02-15 02:00,297.685547,0.000000
2019-02-15 03:00,297.309326,0.000000
2019-02-15 04:00,296.611816,0.000000
2019-02-15 05:00,296.403320,0.000000
2019-02-15 06:00,296.131104,0.000000
2019-02-15 07:00,295.719971,0.000000
2019-02-15 08:00,296.518555,44.551111
2019-02-15 09:00,299.114319,215.111111
2019-02-15 10:00,303.097656,417.706667
2019-02-15 11:00,305.701782,597.351111
2019-02-15 12:00,307.562988,729.777778
2019-02-15 13:00,309.027832,797.635556
2019-02-15 14:00,309.618164,664.391111
2019-02-15 15:00,309.972900,638.097778
2019-02-15 16:00,310.030762,485.937778
2019-02-15 17:00,309.361816,296.515556
2019-02-15 18:00,308.759277,194.897778
2019-02-15 19:00,306.118652,38.204444
2019-02-15 20:00,304.212158,0.000000
2019-02-15 21:00,301.659668,0.000000
2019-02-15 22:00,300.714966,0.000000
2019-02-15 23:00,300.141479,0.000000
2019-02-16 00:00,299.023315,0.000000
2019-02-16 01:00,297.704468,0.000000
2019-02-16 02:00,297.161621,0.000000
2019-02-16 03:00,296.537598,0.000000
2019-02-16 04:00,295.950439,0.000000
2019-02-16 05:00,295.723022,0.000000
2019-02-16 06:00,294.866943,0.000000
2019-02-16 07:00,294.513428,0.000000
2019-02-16 08:00,295.992798,45.635556
2019-02-16 09:00,299.386230,220.746667
2019-02-16 10:00,302.597900,426.186667
2019-02-16 11:00,305.621094,607.857778
2019-02-16 12:00,307.612061,739.840000
2019-02-16 13:00,309.680176,805.617778
2019-02-16 14:00,310.664551,780.888889
2019-02-16 15:00,311.345215,731.786667
2019-02-16 16:00,311.354980,597.297778
2019-02-16 17:00,310.997559,416.800000
2019-02-16 18:00,309.639404,208.942222
2019-02-16 19:00,306.661865,42.186667
2019-02-16 20:00,303.131592,0.000000
2019-02-16 21:00,300.845215,0.000000
2019-02-16 22:00,299.995361,0.000000
2019-02-16 23:00,299.130005,0.000000
2019-02-17 00:00,298.105957,0.000000
2019-02-17 01:00,297.696411,0.000000
2019-02-17 02:00,297.399536,0.000000
2019-02-17 03:00,296.449341,0.000000
2019-02-17 04:00,296.296265,0.000000
2019-02-17 05:00,296.260376,0.000000
2019-02-17 06:00,296.744873,0.000000
2019-02-17 07:00,296.779907,0.000000
2019-02-17 08:00,297.382324,42.453333
2019-02-17 09:00,299.114624,186.204444
2019-02-17 10:00,302.692627,384.266667
2019-02-17 11:00,305.197144,541.475556
2019-02-17 12:00,307.065186,615.591111
2019-02-17 13:00,308.685059,787.431111
2019-02-17 14:00,309.184814,780.426667
2019-02-17 15:00,308.260742,528.248889
2019-02-17 16:00,307.427002,407.466667
2019-02-17 17:00,306.497070,339.111111
2019-02-17 18:00,304.291016,157.653333
2019-02-17 19:00,302.419800,35.804444
2019-02-17 20:00,300.872070,0.000000
2019-02-17 21:00,300.528442,0.000000
2019-02-17 22:00,300.324219,0.000000
2019-02-17 23:00,299.698486,0.000000
2019-02-18 00:00,299.146484,0.000000
2019-02-18 01:00,298.743164,0.000000
2019-02-18 02:00,298.447021,0.000000
2019-02-18 03:00,297.937134,0.000000
2019-02-18 04:00,297.551514,0.000000
2019-02-18 05:00,297.416138,0.000000
2019-02-18 06:00,297.285767,0.000000
2019-02-18 07:00,297.123169,0.000000
2019-02-18 08:00,297.768311,44.177778
2019-02-18 09:00,299.337891,173.386667
2019-02-18 10:00,302.789429,396.248889
2019-02-18 11:00,304.820679,472.551111
2019-02-18 12:00,306.360840,599.591111
2019-02-18 13:00,307.705322,680.160000
2019-02-18 14:00,307.349609,615.342222
2019-02-18 15:00,306.628174,403.431111
2019-02-18 16:00,306.397461,491.395556
2019-02-18 17:00,305.136475,296.960000
2019-02-18 18:00,302.435303,138.737778
2019-02-18 19:00,301.689453,23.662222
2019-02-18 20:00,300.551025,0.000000
2019-02-18 21:00,299.889648,0.000000
2019-02-18 22:00,298.969971,0.000000
2019-02-18 23:00,298.424561,0.000000
2019-02-19 00:00,298.198975,0.000000
2019-02-19 01:00,297.969482,0.000000
2019-02-19 02:00,297.435791,0.000000
2019-02-19 03:00,297.197876,0.000000
2019-02-19 04:00,296.477417,0.000000
2019-02-19 05:00,296.209351,0.000000
2019-02-19 06:00,296.253052,0.000000
2019-02-19 07:00,296.180542,0.000000
2019-02-19 08:00,297.543945,45.831111
2019-02-19 09:00,299.277588,203.946667
2019-02-19 10:00,301.873535,342.435556
2019-02-19 11:00,304.278687,589.386667
2019-02-19 12:00,306.120850,726.844444
2019-02-19 13:00,308.295898,788.960000
2019-02-19 14:00,309.255859,736.746667
2019-02-19 15:00,309.812012,696.800000
2019-02-19 16:00,309.634277,564.142222
2019-02-19 17:00,308.830566,401.866667
2019-02-19 18:00,308.038818,209.475556
2019-02-19 19:00,305.477539,35.146667
2019-02-19 20:00,304.339111,0.000000
2019-02-19 21:00,302.126465,0.000000
2019-02-19 22:00,300.750366,0.000000
2019-02-19 23:00,300.361084,0.000000
2019-02-20 00:00,299.663452,0.000000
2019-02-20 01:00,298.903320,0.000000
2019-02-20 02:00,298.490479,0.000000
2019-02-20 03:00,297.538208,0.000000
2019-02-20 04:00,295.455078,0.000000
2019-02-20 05:00,297.234375,0.000000
2019-02-20 06:00,295.380737,0.000000
2019-02-20 07:00,295.411133,0.000000
2019-02-20 08:00,296.231323,9.582222
2019-02-20 09:00,296.153687,126.293333
2019-02-20 10:00,300.168945,262.648889
2019-02-20 11:00,303.044434,476.000000
2019-02-20 12:00,305.163086,567.360000
2019-02-20 13:00,305.905273,499.608889
2019-02-20 14:00,306.484619,446.631111
2019-02-20 15:00,307.856689,612.586667
2019-02-20 16:00,307.873291,537.973333
2019-02-20 17:00,306.229980,360.302222
2019-02-20 18:00,303.874512,146.880000
2019-02-20 19:00,302.358643,35.164444
2019-02-20 20:00,301.189697,0.000000
2019-02-20 21:00,300.302856,0.000000
2019-02-20 22:00,299.668213,0.000000
2019-02-20 23:00,298.788208,0.000000
2019-02-21 00:00,297.906494,0.000000
2019-02-21 01:00,297.465576,0.000000
2019-02-21 02:00,297.390625,0.000000
2019-02-21 03:00,296.777588,0.000000
2019-02-21 04:00,296.101440,0.000000
2019-02-21 05:00,296.159668,0.000000
2019-02-21 06:00,295.149292,0.000000
2019-02-21 07:00,294.905273,0.000000
2019-02-21 08:00,296.466675,44.284444
2019-02-21 09:00,299.800781,209.582222
2019-02-21 10:00,302.728516,420.444444
2019-02-21 11:00,305.212891,587.431111
2019-02-21 12:00,306.575439,656.160000
2019-02-21 13:00,308.603027,790.880000
2019-02-21 14:00,309.819824,794.844444
2019-02-21 15:00,310.391602,732.657778
2019-02-21 16:00,310.185059,564.693333
2019-02-21 17:00,309.930664,385.031111
2019-02-21 18:00,309.082764,162.453333
2019-02-21 19:00,305.616699,38.346667
2019-02-21 20:00,304.840454,0.000000
2019-02-21 21:00,302.667969,0.000000
2019-02-21 22:00,300.832764,0.000000
2019-02-21 23:00,299.761230,0.000000
2019-02-22 00:00,299.138062,0.000000
2019-02-22 01:00,298.419678,0.000000
2019-02-22 02:00,298.241577,0.000000
2019-02-22 03:00,297.809448,0.000000
2019-02-22 04:00,296.707275,0.000000
2019-02-22 05:00,296.317993,0.000000
2019-02-22 06:00,296.136353,0.000000
2019-02-22 07:00,296.232056,0.000000
2019-02-22 08:00,296.515625,49.493333
2019-02-22 09:00,299.705688,226.488889
2019-02-22 10:00,302.626953,425.368889
2019-02-22 11:00,305.539307,613.155556
2019-02-22 12:00,307.706543,743.733333
2019-02-22 13:00,309.747314,814.737778
2019-02-22 14:00,311.035156,813.173333
2019-02-22 15:00,311.569580,745.831111
2019-02-22 16:00,311.709473,614.560000
2019-02-22 17:00,311.541992,429.013333
2019-02-22 18:00,310.521240,222.240000
2019-02-22 19:00,306.403564,45.084444
2019-02-22 20:00,304.814453,0.000000
2019-02-22 21:00,301.539795,0.000000
2019-02-22 22:00,299.824219,0.000000
2019-02-22 23:00,299.264526,0.000000
2019-02-23 00:00,298.451416,0.000000
2019-02-23 01:00,297.674194,0.000000
2019-02-23 02:00,297.194214,0.000000
2019-02-23 03:00,296.655029,0.000000
2019-02-23 04:00,296.111816,0.000000
2019-02-23 05:00,295.564209,0.000000
2019-02-23 06:00,295.022461,0.000000
2019-02-23 07:00,294.540771,0.000000
2019-02-23 08:00,296.057373,51.448889
2019-02-23 09:00,298.812500,230.648889
2019-02-23 10:00,301.896973,442.328889
2019-02-23 11:00,304.903931,625.902222
2019-02-23 12:00,307.192139,759.484444
2019-02-23 13:00,309.412842,829.226667
2019-02-23 14:00,310.500244,828.088889
2019-02-23 15:00,311.702148,756.462222
2019-02-23 16:00,311.827881,620.835556
2019-02-23 17:00,311.449707,435.804444
2019-02-23 18:00,310.432373,225.457778
2019-02-23 19:00,306.207031,45.991111
2019-02-23 20:00,303.880981,0.000000
2019-02-23 21:00,300.951172,0.000000
2019-02-23 22:00,299.627441,0.000000
2019-02-23 23:00,298.312500,0.000000
2019-02-24 00:00,297.705933,0.000000
2019-02-24 01:00,296.331543,0.000000
2019-02-24 02:00,296.085205,0.000000
2019-02-24 03:00,295.911621,0.000000
2019-02-24 04:00,295.604736,0.000000
2019-02-24 05:00,295.416992,0.000000
2019-02-24 06:00,294.962158,0.000000
2019-02-24 07:00,295.120361,0.000000
2019-02-24 08:00,297.272217,46.933333
2019-02-24 09:00,299.242065,196.071111
2019-02-24 10:00,301.343262,389.582222
2019-02-24 11:00,304.057861,597.031111
2019-02-24 12:00,306.239990,751.128889
2019-02-24 13:00,308.357178,820.817778
2019-02-24 14:00,308.688232,813.280000
2019-02-24 15:00,310.299561,744.746667
2019-02-24 16:00,310.352783,594.382222
2019-02-24 17:00,309.987061,401.991111
2019-02-24 18:00,308.746094,217.724444
2019-02-24 19:00,305.873779,44.853333
2019-02-24 20:00,304.251587,0.000000
2019-02-24 21:00,302.175659,0.000000
2019-02-24 22:00,300.410156,0.000000
2019-02-24 23:00,299.610229,0.000000
2019-02-25 00:00,299.193604,0.000000
2019-02-25 01:00,298.654785,0.000000
2019-02-25 02:00,297.354126,0.000000
2019-02-25 03:00,296.981323,0.000000
2019-02-25 04:00,296.355347,0.000000
2019-02-25 05:00,296.098633,0.000000
2019-02-25 06:00,295.992432,0.000000
2019-02-25 07:00,295.660400,0.000000
2019-02-25 08:00,296.815918,51.413333
2019-02-25 09:00,299.196838,205.635556
2019-02-25 10:00,302.534180,434.151111
2019-02-25 11:00,305.157593,608.622222
2019-02-25 12:00,307.463379,746.524444
2019-02-25 13:00,308.941406,805.635556
2019-02-25 14:00,310.109863,810.755556
2019-02-25 15:00,310.650391,718.382222
2019-02-25 16:00,310.996094,582.880000
2019-02-25 17:00,310.205322,389.582222
2019-02-25 18:00,308.512939,200.888889
2019-02-25 19:00,305.965820,33.831111
2019-02-25 20:00,304.357056,0.000000
2019-02-25 21:00,302.567627,0.000000
2019-02-25 22:00,301.425659,0.000000
2019-02-25 23:00,300.259399,0.000000
2019-02-26 00:00,299.417969,0.000000
2019-02-26 01:00,298.316650,0.000000
2019-02-26 02:00,297.548950,0.000000
2019-02-26 03:00,296.851196,0.000000
2019-02-26 04:00,296.135742,0.000000
2019-02-26 05:00,296.197510,0.000000
2019-02-26 06:00,296.246582,0.000000
2019-02-26 07:00,296.333984,0.000000
2019-02-26 08:00,297.568481,48.142222
2019-02-26 09:00,299.744934,202.080000
2019-02-26 10:00,302.028931,430.471111
2019-02-26 11:00,304.124390,566.044444
2019-02-26 12:00,306.503174,740.924444
2019-02-26 13:00,307.647705,676.782222
2019-02-26 14:00,308.698730,636.853333
2019-02-26 15:00,309.696045,731.733333
2019-02-26 16:00,309.413818,520.142222
2019-02-26 17:00,309.233398,365.955556
2019-02-26 18:00,307.976074,150.400000
2019-02-26 19:00,306.025879,33.920000
2019-02-26 20:00,304.225586,0.000000
2019-02-26 21:00,302.105591,0.000000
2019-02-26 22:00,301.164307,0.000000
2019-02-26 23:00,300.156982,0.000000
2019-02-27 00:00,299.439209,0.000000
2019-02-27 01:00,298.852051,0.000000
2019-02-27 02:00,297.969238,0.000000
2019-02-27 03:00,297.532349,0.000000
2019-02-27 04:00,297.136963,0.000000
2019-02-27 05:00,297.351562,0.000000
2019-02-27 06:00,297.094482,0.000000
2019-02-27 07:00,296.602539,0.000000
2019-02-27 08:00,297.474243,44.888889
2019-02-27 09:00,300.122314,203.786667
2019-02-27 10:00,303.363770,447.306667
2019-02-27 11:00,306.176270,627.075556
2019-02-27 12:00,307.766602,753.866667
2019-02-27 13:00,309.012939,776.000000
2019-02-27 14:00,309.557617,800.515556
2019-02-27 15:00,309.730713,713.973333
2019-02-27 16:00,310.164551,553.457778
2019-02-27 17:00,309.923828,414.311111
2019-02-27 18:00,308.899170,183.697778
2019-02-27 19:00,306.412598,22.311111
2019-02-27 20:00,305.697754,0.000000
2019-02-27 21:00,303.121582,0.000000
2019-02-27 22:00,301.170410,0.000000
2019-02-27 23:00,300.357300,0.000000
2019-02-28 00:00,299.582275,0.000000
2019-02-28 01:00,299.081055,0.000000
2019-02-28 02:00,298.499756,0.000000
2019-02-28 03:00,297.484741,0.000000
2019-02-28 04:00,296.708740,0.000000
2019-02-28 05:00,296.130981,0.000000
2019-02-28 06:00,295.671875,0.000000
2019-02-28 07:00,295.905884,0.000000
2019-02-28 08:00,297.298096,32.462222
2019-02-28 09:00,299.046509,165.031111
2019-02-28 10:00,302.640015,362.400000
2019-02-28 11:00,304.422607,359.822222
2019-02-28 12:00,306.244629,490.364444
2019-02-28 13:00,308.010498,605.333333
2019-02-28 14:00,309.439453,688.213333
2019-02-28 15:00,309.960693,670.275556
2019-02-28 16:00,310.016357,563.733333
2019-02-28 17:00,309.327393,397.920000
2019-02-28 18:00,307.882812,191.555556
2019-02-28 19:00,305.792725,38.275556
2019-02-28 20:00,304.844727,0.000000
2019-02-28 21:00,304.564697,0.000000
2019-02-28 22:00,302.126343,0.000000
2019-02-28 23:00,299.929932,0.000000
2019-03-01 00:00,297.389648,0.000000
2019-03-01 01:00,296.448486,0.000000
2019-03-01 02:00,295.639160,0.000000
2019-03-01 03:00,295.404785,0.000000
2019-03-01 04:00,294.860107,0.000000
2019-03-01 05:00,295.493164,0.000000
2019-03-01 06:00,294.724854,0.000000
2019-03-01 07:00,294.173828,0.000000
2019-03-01 08:00,295.964111,55.520000
2019-03-01 09:00,298.994629,229.884444
2019-03-01 10:00,302.513184,394.773333
2019-03-01 11:00,305.558105,637.404444
2019-03-01 12:00,307.684326,775.502222
2019-03-01 13:00,309.615234,843.680000
2019-03-01 14:00,310.821289,843.217778
2019-03-01 15:00,311.236328,759.537778
2019-03-01 16:00,310.942871,611.928889
2019-03-01 17:00,310.287109,429.760000
2019-03-01 18:00,309.159180,221.351111
2019-03-01 19:00,306.254639,45.155556
2019-03-01 20:00,303.734253,0.000000
2019-03-01 21:00,301.197021,0.000000
2019-03-01 22:00,300.348022,0.000000
2019-03-01 23:00,299.195679,0.000000
2019-03-02 00:00,298.508911,0.000000
2019-03-02 01:00,297.747314,0.000000
2019-03-02 02:00,296.750977,0.000000
2019-03-02 03:00,296.046875,0.000000
2019-03-02 04:00,296.642334,0.000000
2019-03-02 05:00,296.709961,0.000000
2019-03-02 06:00,296.299072,0.000000
2019-03-02 07:00,296.106689,0.000000
2019-03-02 08:00,296.482422,58.577778
2019-03-02 09:00,299.889893,243.360000
2019-03-02 10:00,302.724976,450.080000
2019-03-02 11:00,306.579102,621.937778
2019-03-02 12:00,307.905273,764.373333
2019-03-02 13:00,309.310791,836.657778
2019-03-02 14:00,309.973145,813.760000
2019-03-02 15:00,310.675781,759.715556
2019-03-02 16:00,310.335693,609.386667
2019-03-02 17:00,310.191895,420.355556
2019-03-02 18:00,308.558350,217.280000
2019-03-02 19:00,307.114014,46.648889
2019-03-02 20:00,303.950684,0.000000
2019-03-02 21:00,301.404297,0.000000
2019-03-02 22:00,300.347412,0.000000
2019-03-02 23:00,299.492188,0.000000
2019-03-03 00:00,298.783203,0.000000
2019-03-03 01:00,297.443359,0.000000
2019-03-03 02:00,298.183350,0.000000
2019-03-03 03:00,297.832275,0.000000
2019-03-03 04:00,297.124756,0.000000
2019-03-03 05:00,296.414307,0.000000
2019-03-03 06:00,294.604492,0.000000
2019-03-03 07:00,294.054932,0.000000
2019-03-03 08:00,295.841431,60.995556
2019-03-03 09:00,299.567871,252.284444
2019-03-03 10:00,303.296509,465.102222
2019-03-03 11:00,306.630127,649.920000
2019-03-03 12:00,308.614746,782.862222
2019-03-03 13:00,310.112061,850.115556
2019-03-03 14:00,310.812012,845.066667
2019-03-03 15:00,311.195557,767.342222
2019-03-03 16:00,311.021973,632.995556
2019-03-03 17:00,310.574463,445.920000
2019-03-03 18:00,309.516602,232.515556
2019-03-03 19:00,305.909424,48.177778
2019-03-03 20:00,304.113281,0.000000
2019-03-03 21:00,301.497559,0.000000
2019-03-03 22:00,299.978271,0.000000
2019-03-03 23:00,298.491699,0.000000
2019-03-04 00:00,297.544189,0.000000
2019-03-04 01:00,295.862305,0.000000
2019-03-04 02:00,294.511230,0.000000
2019-03-04 03:00,294.389160,0.000000
2019-03-04 04:00,294.715332,0.000000
2019-03-04 05:00,294.900757,0.000000
2019-03-04 06:00,294.624023,0.000000
2019-03-04 07:00,293.103271,0.000000
2019-03-04 08:00,294.733887,58.968889
2019-03-04 09:00,297.469360,239.946667
2019-03-04 10:00,300.876221,455.520000
2019-03-04 11:00,304.120117,643.360000
2019-03-04 12:00,307.081543,776.266667
2019-03-04 13:00,308.484619,836.426667
2019-03-04 14:00,309.883301,839.893333
2019-03-04 15:00,310.448486,765.671111
2019-03-04 16:00,310.465332,627.751111
2019-03-04 17:00,309.729736,440.675556
2019-03-04 18:00,309.395752,228.355556
2019-03-04 19:00,305.774658,47.413333
2019-03-04 20:00,303.479492,0.000000
2019-03-04 21:00,301.224976,0.000000
2019-03-04 22:00,299.434082,0.000000
2019-03-04 23:00,298.486694,0.000000
2019-03-05 00:00,297.748901,0.000000
2019-03-05 01:00,296.781860,0.000000
2019-03-05 02:00,295.493652,0.000000
2019-03-05 03:00,296.521973,0.000000
2019-03-05 04:00,296.644409,0.000000
2019-03-05 05:00,297.248535,0.000000
2019-03-05 06:00,296.701416,0.000000
2019-03-05 07:00,296.517334,0.000000
2019-03-05 08:00,297.167114,22.577778
2019-03-05 09:00,298.596802,140.533333
2019-03-05 10:00,300.521606,322.720000
2019-03-05 11:00,303.631104,606.702222
2019-03-05 12:00,305.938477,689.831111
2019-03-05 13:00,308.194824,828.764444
2019-03-05 14:00,308.260498,608.995556
2019-03-05 15:00,309.699951,597.902222
2019-03-05 16:00,310.450684,571.253333
2019-03-05 17:00,309.984863,377.653333
2019-03-05 18:00,309.154541,206.560000
2019-03-05 19:00,306.737305,39.573333
2019-03-05 20:00,305.139404,0.000000
2019-03-05 21:00,303.054321,0.000000
2019-03-05 22:00,301.372437,0.000000
2019-03-05 23:00,300.262817,0.000000
2019-03-06 00:00,299.425659,0.000000
2019-03-06 01:00,298.534424,0.000000
2019-03-06 02:00,297.725342,0.000000
2019-03-06 03:00,296.867676,0.000000
2019-03-06 04:00,296.187134,0.000000
2019-03-06 05:00,296.586182,0.000000
2019-03-06 06:00,295.313232,0.000000
2019-03-06 07:00,295.261475,0.000000
2019-03-06 08:00,297.047974,63.146667
2019-03-06 09:00,299.985718,248.640000
2019-03-06 10:00,303.393799,466.204444
2019-03-06 11:00,306.452393,628.035556
2019-03-06 12:00,308.439453,780.266667
2019-03-06 13:00,309.982666,844.533333
2019-03-06 14:00,311.066650,837.155556
2019-03-06 15:00,312.665527,750.808889
2019-03-06 16:00,312.406250,627.217778
2019-03-06 17:00,311.942139,436.497778
2019-03-06 18:00,311.023682,231.768889
2019-03-06 19:00,307.393799,48.160000
2019-03-06 20:00,304.154297,0.000000
2019-03-06 21:00,301.708008,0.000000
2019-03-06 22:00,300.541992,0.000000
2019-03-06 23:00,299.302856,0.000000
2019-03-07 00:00,298.193726,0.000000
2019-03-07 01:00,296.918823,0.000000
2019-03-07 02:00,295.940918,0.000000
2019-03-07 03:00,295.355469,0.000000
2019-03-07 04:00,294.831299,0.000000
2019-03-07 05:00,294.816895,0.000000
2019-03-07 06:00,294.770996,0.000000
2019-03-07 07:00,295.274414,0.000000
2019-03-07 08:00,296.601440,62.702222
2019-03-07 09:00,298.970215,251.022222
2019-03-07 10:00,302.168457,410.613333
2019-03-07 11:00,305.080688,641.866667
2019-03-07 12:00,307.773682,765.831111
2019-03-07 13:00,309.321045,818.862222
2019-03-07 14:00,310.568359,821.546667
2019-03-07 15:00,311.625488,687.395556
2019-03-07 16:00,312.238525,599.360000
2019-03-07 17:00,311.364746,408.497778
2019-03-07 18:00,307.413818,201.688889
2019-03-07 19:00,303.567993,37.457778
2019-03-07 20:00,301.897217,0.000000
2019-03-07 21:00,301.025146,0.000000
2019-03-07 22:00,300.024170,0.000000
2019-03-07 23:00,298.802734,0.000000
2019-03-08 00:00,298.335693,0.000000
2019-03-08 01:00,297.791382,0.000000
2019-03-08 02:00,297.646851,0.000000
2019-03-08 03:00,297.880737,0.000000
2019-03-08 04:00,297.686157,0.000000
2019-03-08 05:00,296.965332,0.000000
2019-03-08 06:00,297.493164,0.000000
2019-03-08 07:00,297.451416,0.000000
2019-03-08 08:00,297.961914,17.297778
2019-03-08 09:00,299.243042,124.853333
2019-03-08 10:00,301.298340,285.937778
2019-03-08 11:00,304.434082,546.328889
2019-03-08 12:00,306.677490,712.177778
2019-03-08 13:00,308.541748,824.657778
2019-03-08 14:00,310.287842,811.751111
2019-03-08 15:00,310.007080,667.324444
2019-03-08 16:00,310.741943,559.911111
2019-03-08 17:00,309.233398,293.528889
2019-03-08 18:00,306.522705,200.142222
2019-03-08 19:00,303.014404,35.128889
2019-03-08 20:00,301.230225,0.000000
2019-03-08 21:00,300.256470,0.000000
2019-03-08 22:00,299.880859,0.000000
2019-03-08 23:00,299.047974,0.000000
2019-03-09 00:00,298.495239,0.000000
2019-03-09 01:00,297.994263,0.000000
2019-03-09 02:00,297.221680,0.000000
2019-03-09 03:00,296.446655,0.000000
2019-03-09 04:00,296.393311,0.000000
2019-03-09 05:00,296.752930,0.000000
2019-03-09 06:00,296.503540,0.000000
2019-03-09 07:00,296.419434,0.035556
2019-03-09 08:00,298.120850,66.400000
2019-03-09 09:00,300.007080,257.280000
2019-03-09 10:00,302.951538,452.586667
2019-03-09 11:00,305.068726,638.488889
2019-03-09 12:00,306.936035,779.128889
2019-03-09 13:00,308.664307,837.351111
2019-03-09 14:00,310.135742,829.831111
2019-03-09 15:00,310.753418,724.124444
2019-03-09 16:00,310.944580,617.013333
2019-03-09 17:00,310.585449,441.315556
2019-03-09 18:00,309.494385,226.951111
2019-03-09 19:00,306.509277,46.880000
2019-03-09 20:00,302.765137,0.000000
2019-03-09 21:00,300.468384,0.000000
2019-03-09 22:00,300.180664,0.000000
2019-03-09 23:00,299.235229,0.000000
2019-03-10 00:00,298.741333,0.000000
2019-03-10 01:00,298.589844,0.000000
2019-03-10 02:00,298.065674,0.000000
2019-03-10 03:00,297.678101,0.000000
2019-03-10 04:00,296.711670,0.000000
2019-03-10 05:00,296.911621,0.000000
2019-03-10 06:00,296.598267,0.000000
2019-03-10 07:00,296.413208,0.035556
2019-03-10 08:00,297.802979,39.680000
2019-03-10 09:00,299.716064,125.742222
2019-03-10 10:00,301.595337,312.408889
2019-03-10 11:00,302.830444,402.186667
2019-03-10 12:00,304.288818,462.968889
2019-03-10 13:00,306.395996,662.755556
2019-03-10 14:00,307.769775,612.906667
2019-03-10 15:00,308.554688,560.782222
2019-03-10 16:00,308.738281,473.102222
2019-03-10 17:00,308.169678,298.613333
2019-03-10 18:00,307.157471,131.164444
2019-03-10 19:00,304.965576,33.208889
2019-03-10 20:00,303.777588,0.000000
2019-03-10 21:00,302.461670,0.000000
2019-03-10 22:00,300.915894,0.000000
2019-03-10 23:00,300.242676,0.000000
2019-03-11 00:00,299.448730,0.000000
2019-03-11 01:00,298.899902,0.000000
2019-03-11 02:00,298.441895,0.000000
2019-03-11 03:00,298.433594,0.000000
2019-03-11 04:00,298.063110,0.000000
2019-03-11 05:00,297.532959,0.000000
2019-03-11 06:00,297.936890,0.000000
2019-03-11 07:00,297.953613,0.035556
2019-03-11 08:00,298.630737,19.715556
2019-03-11 09:00,299.986694,119.840000
2019-03-11 10:00,301.947021,260.213333
2019-03-11 11:00,303.734863,408.853333
2019-03-11 12:00,306.121338,597.902222
2019-03-11 13:00,307.959961,688.053333
2019-03-11 14:00,309.159180,776.302222
2019-03-11 15:00,309.715088,667.022222
2019-03-11 16:00,309.762939,491.520000
2019-03-11 17:00,308.972168,307.662222
2019-03-11 18:00,307.169434,152.213333
2019-03-11 19:00,304.204590,40.355556
2019-03-11 20:00,302.641357,0.000000
2019-03-11 21:00,301.363037,0.000000
2019-03-11 22:00,301.119263,0.000000
2019-03-11 23:00,300.417847,0.000000
2019-03-12 00:00,300.009155,0.000000
2019-03-12 01:00,299.663086,0.000000
2019-03-12 02:00,299.236450,0.000000
2019-03-12 03:00,299.051392,0.000000
2019-03-12 04:00,298.510254,0.000000
2019-03-12 05:00,298.522461,0.000000
2019-03-12 06:00,298.293945,0.000000
2019-03-12 07:00,298.228149,0.071111
2019-03-12 08:00,299.287354,50.702222
2019-03-12 09:00,301.404663,233.244444
2019-03-12 10:00,304.192017,370.968889
2019-03-12 11:00,306.398926,509.600000
2019-03-12 12:00,308.038330,681.422222
2019-03-12 13:00,309.459229,776.391111
2019-03-12 14:00,310.077393,512.266667
2019-03-12 15:00,308.172363,376.000000
2019-03-12 16:00,306.740479,493.493333
2019-03-12 17:00,305.940186,167.644444
2019-03-12 18:00,304.205322,140.320000
2019-03-12 19:00,302.839355,39.448889
2019-03-12 20:00,301.990234,0.000000
2019-03-12 21:00,301.143799,0.000000
2019-03-12 22:00,300.033936,0.000000
2019-03-12 23:00,299.787842,0.000000
2019-03-13 00:00,299.274414,0.000000
2019-03-13 01:00,298.543701,0.000000
2019-03-13 02:00,298.224609,0.000000
2019-03-13 03:00,297.909668,0.000000
2019-03-13 04:00,297.357666,0.000000
2019-03-13 05:00,297.211670,0.000000
2019-03-13 06:00,297.129150,0.000000
2019-03-13 07:00,296.962891,0.124444
2019-03-13 08:00,298.098999,67.520000
2019-03-13 09:00,300.074707,255.253333
2019-03-13 10:00,303.291626,460.142222
2019-03-13 11:00,305.500854,588.195556
2019-03-13 12:00,308.015381,755.555556
2019-03-13 13:00,309.227783,833.937778
2019-03-13 14:00,310.474365,735.484444
2019-03-13 15:00,311.951416,743.466667
2019-03-13 16:00,312.229004,584.853333
2019-03-13 17:00,311.731689,432.337778
2019-03-13 18:00,310.301270,196.782222
2019-03-13 19:00,307.686279,44.764444
2019-03-13 20:00,304.368652,0.000000
2019-03-13 21:00,301.615723,0.000000
2019-03-13 22:00,300.817139,0.000000
2019-03-13 23:00,299.960815,0.000000
2019-03-14 00:00,299.518188,0.000000
2019-03-14 01:00,299.185913,0.000000
2019-03-14 02:00,299.131104,0.000000
2019-03-14 03:00,298.770752,0.000000
2019-03-14 04:00,298.459351,0.000000
2019-03-14 05:00,298.226807,0.000000
2019-03-14 06:00,298.725220,0.000000
2019-03-14 07:00,298.731567,0.177778
2019-03-14 08:00,298.979492,65.564444
2019-03-14 09:00,301.183350,258.257778
2019-03-14 10:00,304.035889,462.417778
2019-03-14 11:00,306.700439,644.888889
2019-03-14 12:00,308.464355,758.577778
2019-03-14 13:00,309.878906,766.560000
2019-03-14 14:00,311.285645,790.773333
2019-03-14 15:00,311.767578,698.702222
2019-03-14 16:00,311.832275,604.622222
2019-03-14 17:00,311.424561,395.680000
2019-03-14 18:00,310.284668,217.013333
2019-03-14 19:00,306.958496,40.640000
2019-03-14 20:00,304.794678,0.000000
2019-03-14 21:00,302.405762,0.000000
2019-03-14 22:00,301.682617,0.000000
2019-03-14 23:00,300.894653,0.000000
2019-03-15 00:00,300.087402,0.000000
2019-03-15 01:00,299.614990,0.000000
2019-03-15 02:00,299.148315,0.000000
2019-03-15 03:00,298.795410,0.000000
2019-03-15 04:00,298.733032,0.000000
2019-03-15 05:00,298.691650,0.000000
2019-03-15 06:00,298.504517,0.000000
2019-03-15 07:00,298.880127,0.160000
2019-03-15 08:00,299.534546,52.195556
2019-03-15 09:00,301.362793,190.666667
2019-03-15 10:00,304.156494,376.604444
2019-03-15 11:00,307.110596,616.640000
2019-03-15 12:00,308.029297,762.666667
2019-03-15 13:00,309.674072,783.697778
2019-03-15 14:00,310.540771,723.804444
2019-03-15 15:00,311.346436,689.102222
2019-03-15 16:00,311.346191,526.951111
2019-03-15 17:00,311.271484,404.871111
2019-03-15 18:00,310.091064,206.186667
2019-03-15 19:00,307.096680,36.853333
2019-03-15 20:00,304.355225,0.000000
2019-03-15 21:00,302.497803,0.000000
2019-03-15 22:00,301.125854,0.000000
2019-03-15 23:00,300.717041,0.000000
2019-03-16 00:00,299.967529,0.000000
2019-03-16 01:00,299.667236,0.000000
2019-03-16 02:00,299.141602,0.000000
2019-03-16 03:00,298.704346,0.000000
2019-03-16 04:00,298.322266,0.000000
2019-03-16 05:00,298.237305,0.000000
2019-03-16 06:00,298.317383,0.000000
2019-03-16 07:00,297.958740,0.248889
2019-03-16 08:00,299.301392,70.951111
2019-03-16 09:00,301.699219,257.902222
2019-03-16 10:00,304.830933,469.724444
2019-03-16 11:00,306.759277,645.617778
2019-03-16 12:00,308.721191,765.208889
2019-03-16 13:00,310.406494,838.951111
2019-03-16 14:00,310.672119,693.191111
2019-03-16 15:00,310.866211,651.982222
2019-03-16 16:00,311.314941,584.515556
2019-03-16 17:00,310.402344,395.786667
2019-03-16 18:00,309.580078,214.186667
2019-03-16 19:00,307.002686,42.168889
2019-03-16 20:00,305.140869,0.000000
2019-03-16 21:00,302.463623,0.000000
2019-03-16 22:00,301.239746,0.000000
2019-03-16 23:00,300.446045,0.000000
2019-03-17 00:00,299.457520,0.000000
2019-03-17 01:00,298.915771,0.000000
2019-03-17 02:00,298.678955,0.000000
2019-03-17 03:00,298.329102,0.000000
2019-03-17 04:00,298.471924,0.000000
2019-03-17 05:00,298.445923,0.000000
2019-03-17 06:00,298.330566,0.000000
2019-03-17 07:00,297.917847,0.284444
2019-03-17 08:00,299.148560,53.617778
2019-03-17 09:00,300.649780,249.315556
2019-03-17 10:00,303.705811,437.582222
2019-03-17 11:00,306.766846,634.506667
2019-03-17 12:00,308.426514,770.968889
2019-03-17 13:00,310.129883,847.804444
2019-03-17 14:00,311.236816,833.937778
2019-03-17 15:00,312.520264,751.342222
2019-03-17 16:00,312.614502,580.764444
2019-03-17 17:00,311.388672,353.546667
2019-03-17 18:00,308.287842,187.217778
2019-03-17 19:00,303.782471,36.373333
2019-03-17 20:00,301.870605,0.000000
2019-03-17 21:00,300.864746,0.000000
2019-03-17 22:00,301.140625,0.000000
2019-03-17 23:00,300.595825,0.000000
2019-03-18 00:00,299.701172,0.000000
2019-03-18 01:00,298.828491,0.000000
2019-03-18 02:00,298.533813,0.000000
2019-03-18 03:00,298.167114,0.000000
2019-03-18 04:00,298.337646,0.000000
2019-03-18 05:00,298.173950,0.000000
2019-03-18 06:00,298.308838,0.000000
2019-03-18 07:00,298.419678,0.213333
2019-03-18 08:00,298.964844,42.897778
2019-03-18 09:00,300.329590,159.022222
2019-03-18 10:00,302.970703,311.662222
2019-03-18 11:00,304.315796,439.448889
2019-03-18 12:00,307.281982,715.271111
2019-03-18 13:00,308.798828,725.262222
2019-03-18 14:00,309.630127,625.404444
2019-03-18 15:00,310.320068,503.520000
2019-03-18 16:00,311.117188,501.244444
2019-03-18 17:00,304.488525,225.084444
2019-03-18 18:00,301.595703,117.955556
2019-03-18 19:00,301.167480,28.675556
2019-03-18 20:00,300.251953,0.000000
2019-03-18 21:00,299.882568,0.000000
2019-03-18 22:00,299.943604,0.000000
2019-03-18 23:00,299.598389,0.000000
2019-03-19 00:00,299.222168,0.000000
2019-03-19 01:00,299.072021,0.000000
2019-03-19 02:00,298.960327,0.000000
2019-03-19 03:00,298.723267,0.000000
2019-03-19 04:00,298.903931,0.000000
2019-03-19 05:00,298.868530,0.000000
2019-03-19 06:00,298.971802,0.000000
2019-03-19 07:00,299.083130,0.231111
2019-03-19 08:00,298.838379,44.480000
2019-03-19 09:00,299.381592,133.653333
2019-03-19 10:00,302.548706,347.982222
2019-03-19 11:00,304.955322,503.680000
2019-03-19 12:00,306.716797,649.528889
2019-03-19 13:00,308.493896,734.648889
2019-03-19 14:00,309.695557,759.911111
2019-03-19 15:00,310.249268,660.337778
2019-03-19 16:00,310.037109,529.386667
2019-03-19 17:00,306.719238,304.355556
2019-03-19 18:00,301.501465,110.097778
2019-03-19 19:00,299.488281,15.982222
2019-03-19 20:00,299.541260,0.000000
2019-03-19 21:00,299.668457,0.000000
2019-03-19 22:00,299.563232,0.000000
2019-03-19 23:00,299.346680,0.000000
2019-03-20 00:00,298.640259,0.000000
2019-03-20 01:00,297.888184,0.000000
2019-03-20 02:00,297.618530,0.000000
2019-03-20 03:00,297.548096,0.000000
2019-03-20 04:00,297.561279,0.000000
2019-03-20 05:00,297.815063,0.000000
2019-03-20 06:00,297.950195,0.000000
2019-03-20 07:00,298.019531,0.124444
2019-03-20 08:00,297.789185,29.351111
2019-03-20 09:00,299.117554,147.591111
2019-03-20 10:00,302.115845,332.337778
2019-03-20 11:00,303.780762,434.293333
2019-03-20 12:00,304.914551,463.004444
2019-03-20 13:00,306.676025,682.293333
2019-03-20 14:00,307.418945,634.577778
2019-03-20 15:00,303.570801,467.626667
2019-03-20 16:00,300.673584,216.017778
2019-03-20 17:00,300.270264,111.751111
2019-03-20 18:00,300.625977,121.066667
2019-03-20 19:00,300.177979,18.666667
2019-03-20 20:00,299.521240,0.000000
2019-03-20 21:00,299.423584,0.000000
2019-03-20 22:00,298.652588,0.000000
2019-03-20 23:00,298.521240,0.000000
2019-03-21 00:00,298.279785,0.000000
2019-03-21 01:00,297.803833,0.000000
2019-03-21 02:00,297.559570,0.000000
2019-03-21 03:00,296.984985,0.000000
2019-03-21 04:00,297.016357,0.000000
2019-03-21 05:00,297.324341,0.000000
2019-03-21 06:00,297.414307,0.000000
2019-03-21 07:00,297.287964,0.373333
2019-03-21 08:00,297.883667,43.484444
2019-03-21 09:00,299.695801,204.337778
2019-03-21 10:00,301.591309,353.031111
2019-03-21 11:00,302.153320,342.097778
2019-03-21 12:00,303.017822,432.106667
2019-03-21 13:00,305.386719,612.551111
2019-03-21 14:00,306.225098,527.911111
2019-03-21 15:00,307.496582,538.808889
2019-03-21 16:00,307.690918,468.711111
2019-03-21 17:00,302.119385,284.977778
2019-03-21 18:00,299.709229,65.031111
2019-03-21 19:00,299.129883,19.786667
2019-03-21 20:00,299.221680,0.000000
2019-03-21 21:00,298.418213,0.000000
2019-03-21 22:00,298.185791,0.000000
2019-03-21 23:00,297.948120,0.000000
2019-03-22 00:00,297.477295,0.000000
2019-03-22 01:00,297.241577,0.000000
2019-03-22 02:00,296.957275,0.000000
2019-03-22 03:00,297.103760,0.000000
2019-03-22 04:00,297.059448,0.000000
2019-03-22 05:00,296.765991,0.000000
2019-03-22 06:00,296.512939,0.000000
2019-03-22 07:00,296.097412,0.177778
2019-03-22 08:00,295.794678,11.555556
2019-03-22 09:00,295.635010,55.662222
2019-03-22 10:00,296.195312,96.693333
2019-03-22 11:00,296.864258,135.040000
2019-03-22 12:00,298.174805,233.066667
2019-03-22 13:00,299.890137,412.284444
2019-03-22 14:00,301.273926,394.808889
2019-03-22 15:00,300.915283,324.035556
2019-03-22 16:00,300.656494,189.742222
2019-03-22 17:00,300.675293,164.106667
2019-03-22 18:00,299.475098,62.044444
2019-03-22 19:00,298.852295,16.960000
2019-03-22 20:00,298.419434,0.000000
2019-03-22 21:00,298.016235,0.000000
2019-03-22 22:00,297.551025,0.000000
2019-03-22 23:00,297.498169,0.000000
2019-03-23 00:00,297.527710,0.000000
2019-03-23 01:00,297.351196,0.000000
2019-03-23 02:00,297.021484,0.000000
2019-03-23 03:00,296.657471,0.000000
2019-03-23 04:00,296.758545,0.000000
2019-03-23 05:00,296.348389,0.000000
2019-03-23 06:00,296.419678,0.000000
2019-03-23 07:00,296.347046,0.586667
2019-03-23 08:00,297.267456,60.355556
2019-03-23 09:00,298.749390,194.115556
2019-03-23 10:00,301.370605,448.480000
2019-03-23 11:00,303.522095,592.106667
2019-03-23 12:00,305.216309,679.982222
2019-03-23 13:00,306.564209,694.008889
2019-03-23 14:00,306.528076,603.875556
2019-03-23 15:00,306.629639,542.631111
2019-03-23 16:00,306.944092,533.457778
2019-03-23 17:00,306.557617,367.164444
2019-03-23 18:00,304.842041,194.648889
2019-03-23 19:00,302.256592,37.760000
2019-03-23 20:00,300.955811,0.000000
2019-03-23 21:00,299.915039,0.000000
2019-03-23 22:00,300.208740,0.000000
2019-03-23 23:00,299.162842,0.000000
2019-03-24 00:00,299.045044,0.000000
2019-03-24 01:00,298.520386,0.000000
2019-03-24 02:00,298.066650,0.000000
2019-03-24 03:00,297.543335,0.000000
2019-03-24 04:00,297.088745,0.000000
2019-03-24 05:00,297.074219,0.000000
2019-03-24 06:00,297.678223,0.000000
2019-03-24 07:00,297.326660,0.906667
2019-03-24 08:00,298.141968,84.888889
2019-03-24 09:00,300.598755,277.653333
2019-03-24 10:00,301.235596,474.826667
2019-03-24 11:00,303.566406,650.026667
2019-03-24 12:00,304.678955,768.977778
2019-03-24 13:00,306.181641,826.951111
2019-03-24 14:00,307.906738,808.800000
2019-03-24 15:00,308.284180,693.262222
2019-03-24 16:00,308.152832,528.995556
2019-03-24 17:00,307.539551,361.280000
2019-03-24 18:00,304.802734,178.986667
2019-03-24 19:00,303.607422,38.862222
2019-03-24 20:00,302.769287,0.000000
2019-03-24 21:00,301.602051,0.000000
2019-03-24 22:00,299.723389,0.000000
2019-03-24 23:00,299.135132,0.000000
2019-03-25 00:00,298.700806,0.000000
2019-03-25 01:00,298.175293,0.000000
2019-03-25 02:00,297.664551,0.000000
2019-03-25 03:00,297.435181,0.000000
2019-03-25 04:00,296.648438,0.000000
2019-03-25 05:00,295.991455,0.000000
2019-03-25 06:00,295.771973,0.000000
2019-03-25 07:00,295.534790,1.013333
2019-03-25 08:00,297.408447,86.755556
2019-03-25 09:00,299.969971,282.168889
2019-03-25 10:00,302.431396,487.253333
2019-03-25 11:00,304.231689,657.600000
2019-03-25 12:00,305.843506,781.493333
2019-03-25 13:00,307.136963,836.337778
2019-03-25 14:00,307.997070,800.106667
2019-03-25 15:00,307.516602,576.071111
2019-03-25 16:00,307.164307,473.120000
2019-03-25 17:00,306.189697,340.977778
2019-03-25 18:00,304.711914,133.884444
2019-03-25 19:00,303.313965,31.004444
2019-03-25 20:00,302.483276,0.000000
2019-03-25 21:00,300.994019,0.000000
2019-03-25 22:00,300.287476,0.000000
2019-03-25 23:00,299.956055,0.000000
2019-03-26 00:00,298.808105,0.000000
2019-03-26 01:00,298.487427,0.000000
2019-03-26 02:00,298.205688,0.000000
2019-03-26 03:00,297.810059,0.000000
2019-03-26 04:00,297.431030,0.000000
2019-03-26 05:00,297.203613,0.000000
2019-03-26 06:00,296.230957,0.000000
2019-03-26 07:00,296.007324,1.137778
2019-03-26 08:00,297.611816,78.968889
2019-03-26 09:00,299.730713,285.440000
2019-03-26 10:00,303.326660,476.835556
2019-03-26 11:00,304.938965,663.057778
2019-03-26 12:00,306.194092,783.200000
2019-03-26 13:00,306.982666,699.857778
2019-03-26 14:00,307.700195,663.715556
2019-03-26 15:00,307.937256,688.888889
2019-03-26 16:00,308.060059,568.640000
2019-03-26 17:00,307.219482,345.333333
2019-03-26 18:00,304.877441,108.426667
2019-03-26 19:00,303.479248,37.404444
2019-03-26 20:00,302.699219,0.000000
2019-03-26 21:00,301.612915,0.000000
2019-03-26 22:00,300.463379,0.000000
2019-03-26 23:00,299.922607,0.000000
2019-03-27 00:00,299.432373,0.000000
2019-03-27 01:00,298.631592,0.000000
2019-03-27 02:00,298.244385,0.000000
2019-03-27 03:00,297.820557,0.000000
2019-03-27 04:00,297.448975,0.000000
2019-03-27 05:00,297.113159,0.000000
2019-03-27 06:00,297.208252,0.000000
2019-03-27 07:00,297.107422,1.191111
2019-03-27 08:00,298.237549,62.240000
2019-03-27 09:00,300.510498,234.933333
2019-03-27 10:00,302.366333,426.008889
2019-03-27 11:00,304.230713,542.755556
2019-03-27 12:00,306.291992,737.386667
2019-03-27 13:00,306.188232,529.102222
2019-03-27 14:00,307.586914,692.835556
2019-03-27 15:00,308.206299,637.511111
2019-03-27 16:00,307.870361,514.844444
2019-03-27 17:00,307.763916,361.973333
2019-03-27 18:00,307.032715,194.631111
2019-03-27 19:00,304.257324,18.400000
2019-03-27 20:00,302.291748,0.000000
2019-03-27 21:00,300.878906,0.000000
2019-03-27 22:00,299.390137,0.000000
2019-03-27 23:00,299.083740,0.000000
2019-03-28 00:00,298.791260,0.000000
2019-03-28 01:00,299.730591,0.000000
2019-03-28 02:00,298.054932,0.000000
2019-03-28 03:00,297.622559,0.000000
2019-03-28 04:00,297.097778,0.000000
2019-03-28 05:00,296.760498,0.000000
2019-03-28 06:00,296.678467,0.000000
2019-03-28 07:00,296.825806,0.693333
2019-03-28 08:00,297.619873,21.226667
2019-03-28 09:00,299.205811,76.942222
2019-03-28 10:00,302.373291,344.728889
2019-03-28 11:00,304.980957,586.897778
2019-03-28 12:00,306.202637,641.226667
2019-03-28 13:00,307.364258,768.906667
2019-03-28 14:00,307.159180,764.213333
2019-03-28 15:00,307.667969,544.106667
2019-03-28 16:00,306.637939,470.133333
2019-03-28 17:00,301.391357,271.733333
2019-03-28 18:00,301.060059,102.542222
2019-03-28 19:00,299.784180,34.880000
2019-03-28 20:00,299.573975,0.000000
2019-03-28 21:00,298.893311,0.000000
2019-03-28 22:00,299.159180,0.000000
2019-03-28 23:00,297.980591,0.000000
2019-03-29 00:00,297.921387,0.000000
2019-03-29 01:00,297.616089,0.000000
2019-03-29 02:00,297.021973,0.000000
2019-03-29 03:00,296.907349,0.000000
2019-03-29 04:00,296.669312,0.000000
2019-03-29 05:00,296.541382,0.000000
2019-03-29 06:00,296.391846,0.000000
2019-03-29 07:00,296.416382,1.493333
2019-03-29 08:00,297.859131,89.191111
2019-03-29 09:00,299.369629,246.471111
2019-03-29 10:00,302.103394,484.942222
2019-03-29 11:00,303.824951,641.066667
2019-03-29 12:00,305.769775,722.986667
2019-03-29 13:00,306.496826,749.048889
2019-03-29 14:00,307.229492,750.293333
2019-03-29 15:00,307.784180,666.275556
2019-03-29 16:00,308.278320,522.844444
2019-03-29 17:00,308.390381,385.031111
2019-03-29 18:00,303.878662,168.355556
2019-03-29 19:00,300.559082,29.973333
2019-03-29 20:00,301.449951,0.000000
2019-03-29 21:00,300.585693,0.000000
2019-03-29 22:00,299.967285,0.000000
2019-03-29 23:00,299.235596,0.000000
2019-03-30 00:00,298.853882,0.000000
2019-03-30 01:00,298.472412,0.000000
2019-03-30 02:00,297.789185,0.000000
2019-03-30 03:00,297.210571,0.000000
2019-03-30 04:00,296.264648,0.000000
2019-03-30 05:00,295.821167,0.000000
2019-03-30 06:00,295.423096,0.000000
2019-03-30 07:00,295.531616,1.564444
2019-03-30 08:00,297.647461,88.817778
2019-03-30 09:00,299.337158,261.617778
2019-03-30 10:00,302.404053,481.368889
2019-03-30 11:00,304.726074,628.888889
2019-03-30 12:00,306.563965,776.071111
2019-03-30 13:00,307.883057,832.977778
2019-03-30 14:00,308.478760,747.591111
2019-03-30 15:00,309.133057,687.146667
2019-03-30 16:00,309.209717,535.715556
2019-03-30 17:00,308.026123,326.186667
2019-03-30 18:00,304.793701,189.244444
2019-03-30 19:00,303.559082,22.488889
2019-03-30 20:00,302.606689,0.000000
2019-03-30 21:00,301.680664,0.000000
2019-03-30 22:00,300.151611,0.000000
2019-03-30 23:00,300.475586,0.000000
2019-03-31 00:00,299.968262,0.000000
2019-03-31 01:00,299.400146,0.000000
2019-03-31 02:00,298.679565,0.000000
2019-03-31 03:00,298.163208,0.000000
2019-03-31 04:00,297.440674,0.000000
2019-03-31 05:00,298.383545,0.000000
2019-03-31 06:00,297.867065,0.000000
2019-03-31 07:00,297.041870,1.760000
2019-03-31 08:00,298.142700,73.457778
2019-03-31 09:00,299.401001,240.604444
2019-03-31 10:00,300.079590,316.782222
2019-03-31 11:00,302.886963,516.426667
2019-03-31 12:00,304.818115,710.755556
2019-03-31 13:00,306.047607,752.960000
2019-03-31 14:00,307.156494,729.013333
2019-03-31 15:00,307.170898,543.537778
2019-03-31 16:00,301.482910,414.222222
2019-03-31 17:00,302.448486,153.333333
2019-03-31 18:00,302.391846,151.662222
2019-03-31 19:00,301.441650,36.337778
2019-03-31 20:00,300.856934,0.000000
2019-03-31 21:00,300.044678,0.000000
2019-03-31 22:00,299.529541,0.000000
2019-03-31 23:00,298.976318,0.000000
2019-04-01 00:00,298.909790,0.000000
2019-04-01 01:00,298.624390,0.000000
2019-04-01 02:00,298.486816,0.000000
2019-04-01 03:00,298.036377,0.000000
2019-04-01 04:00,297.922485,0.000000
2019-04-01 05:00,297.385254,0.000000
2019-04-01 06:00,297.634277,0.000000
2019-04-01 07:00,297.884644,1.848889
2019-04-01 08:00,298.726318,76.782222
2019-04-01 09:00,300.611328,229.262222
2019-04-01 10:00,303.533569,361.777778
2019-04-01 11:00,302.560547,287.875556
2019-04-01 12:00,303.669556,444.817778
2019-04-01 13:00,303.682129,517.724444
2019-04-01 14:00,305.531250,569.920000
2019-04-01 15:00,300.750488,425.671111
2019-04-01 16:00,299.991455,166.577778
2019-04-01 17:00,300.722656,175.822222
2019-04-01 18:00,299.917236,124.533333
2019-04-01 19:00,300.387451,23.715556
2019-04-01 20:00,299.871704,0.000000
2019-04-01 21:00,299.389282,0.000000
2019-04-01 22:00,298.464600,0.000000
2019-04-01 23:00,297.973389,0.000000
2019-04-02 00:00,298.236450,0.000000
2019-04-02 01:00,298.320312,0.000000
2019-04-02 02:00,298.180908,0.000000
2019-04-02 03:00,297.623169,0.000000
2019-04-02 04:00,297.181152,0.000000
2019-04-02 05:00,297.089478,0.000000
2019-04-02 06:00,297.200562,0.000000
2019-04-02 07:00,297.109131,1.351111
2019-04-02 08:00,297.387329,64.871111
2019-04-02 09:00,298.089600,127.804444
2019-04-02 10:00,299.101318,182.222222
2019-04-02 11:00,297.847900,181.564444
2019-04-02 12:00,298.071777,142.275556
2019-04-02 13:00,298.499512,157.422222
2019-04-02 14:00,301.656006,383.768889
2019-04-02 15:00,302.137451,498.631111
2019-04-02 16:00,302.612427,379.111111
2019-04-02 17:00,300.874268,251.804444
2019-04-02 18:00,299.211670,92.124444
2019-04-02 19:00,299.130859,11.911111
2019-04-02 20:00,298.968750,0.000000
2019-04-02 21:00,299.024414,0.000000
2019-04-02 22:00,296.998779,0.000000
2019-04-02 23:00,296.843628,0.000000
2019-04-03 00:00,296.662720,0.000000
2019-04-03 01:00,296.542236,0.000000
2019-04-03 02:00,296.253540,0.000000
2019-04-03 03:00,296.276978,0.000000
2019-04-03 04:00,296.315063,0.000000
2019-04-03 05:00,296.170532,0.000000
2019-04-03 06:00,296.151001,0.000000
2019-04-03 07:00,296.182983,1.617778
2019-04-03 08:00,296.975220,54.595556
2019-04-03 09:00,297.040771,166.506667
2019-04-03 10:00,299.367432,124.195556
2019-04-03 11:00,300.318115,383.786667
2019-04-03 12:00,301.746094,584.373333
2019-04-03 13:00,302.976685,622.151111
2019-04-03 14:00,303.024658,577.813333
2019-04-03 15:00,303.752197,375.537778
2019-04-03 16:00,304.345947,439.182222
2019-04-03 17:00,303.467163,290.844444
2019-04-03 18:00,302.316406,123.022222
2019-04-03 19:00,301.693970,27.324444
2019-04-03 20:00,300.390747,0.000000
2019-04-03 21:00,299.001343,0.000000
2019-04-03 22:00,298.382080,0.000000
2019-04-03 23:00,298.168579,0.000000
2019-04-04 00:00,297.516846,0.000000
2019-04-04 01:00,297.082764,0.000000
2019-04-04 02:00,296.812012,0.000000
2019-04-04 03:00,296.247314,0.000000
2019-04-04 04:00,296.228271,0.000000
2019-04-04 05:00,295.998413,0.000000
2019-04-04 06:00,295.505615,0.000000
2019-04-04 07:00,295.697510,1.955556
2019-04-04 08:00,297.171631,81.528889
2019-04-04 09:00,299.197021,250.648889
2019-04-04 10:00,302.609985,494.595556
2019-04-04 11:00,303.651123,633.902222
2019-04-04 12:00,304.487427,686.115556
2019-04-04 13:00,305.772949,757.884444
2019-04-04 14:00,306.456787,736.568889
2019-04-04 15:00,306.373291,721.902222
2019-04-04 16:00,306.187012,486.186667
2019-04-04 17:00,305.119141,388.551111
2019-04-04 18:00,304.413574,183.253333
2019-04-04 19:00,302.790649,22.648889
2019-04-04 20:00,301.312988,0.000000
2019-04-04 21:00,300.337158,0.000000
2019-04-04 22:00,298.915771,0.000000
2019-04-04 23:00,298.717773,0.000000
2019-04-05 00:00,298.501343,0.000000
2019-04-05 01:00,298.327271,0.000000
2019-04-05 02:00,297.908691,0.000000
2019-04-05 03:00,297.175049,0.000000
2019-04-05 04:00,297.122803,0.000000
2019-04-05 05:00,296.928955,0.000000
2019-04-05 06:00,297.311035,0.000000
2019-04-05 07:00,297.232300,2.080000
2019-04-05 08:00,297.483032,76.657778
2019-04-05 09:00,297.841064,237.226667
2019-04-05 10:00,301.403809,348.817778
2019-04-05 11:00,303.011719,632.746667
2019-04-05 12:00,304.961914,755.360000
2019-04-05 13:00,305.835205,784.568889
2019-04-05 14:00,306.848877,764.480000
2019-04-05 15:00,306.565918,646.151111
2019-04-05 16:00,306.320068,514.968889
2019-04-05 17:00,303.134033,318.293333
2019-04-05 18:00,301.186035,114.666667
2019-04-05 19:00,300.345459,31.697778
2019-04-05 20:00,299.902832,0.000000
2019-04-05 21:00,298.835449,0.000000
2019-04-05 22:00,298.633789,0.000000
2019-04-05 23:00,298.344849,0.000000
2019-04-06 00:00,298.112915,0.000000
2019-04-06 01:00,297.998901,0.000000
2019-04-06 02:00,297.798828,0.000000
2019-04-06 03:00,297.489990,0.000000
2019-04-06 04:00,297.569824,0.000000
2019-04-06 05:00,297.443726,0.000000
2019-04-06 06:00,297.534058,0.000000
2019-04-06 07:00,297.671753,1.155556
2019-04-06 08:00,297.964233,41.973333
2019-04-06 09:00,299.988403,218.791111
2019-04-06 10:00,301.643433,230.631111
2019-04-06 11:00,302.588623,292.266667
2019-04-06 12:00,303.537598,358.417778
2019-04-06 13:00,303.668213,420.640000
2019-04-06 14:00,304.214600,410.026667
2019-04-06 15:00,304.343750,500.408889
2019-04-06 16:00,304.027588,407.342222
2019-04-06 17:00,301.660400,296.142222
2019-04-06 18:00,301.301025,121.706667
2019-04-06 19:00,300.543945,27.182222
2019-04-06 20:00,299.611328,0.000000
2019-04-06 21:00,298.816162,0.000000
2019-04-06 22:00,298.147095,0.000000
2019-04-06 23:00,298.036743,0.000000
2019-04-07 00:00,297.625488,0.000000
2019-04-07 01:00,297.588745,0.000000
2019-04-07 02:00,297.258667,0.000000
2019-04-07 03:00,296.850952,0.000000
2019-04-07 04:00,297.261108,0.000000
2019-04-07 05:00,296.969971,0.000000
2019-04-07 06:00,296.435425,0.000000
2019-04-07 07:00,296.661987,2.186667
2019-04-07 08:00,297.289429,67.644444
2019-04-07 09:00,297.703979,149.457778
2019-04-07 10:00,299.875244,250.275556
2019-04-07 11:00,300.125732,252.835556
2019-04-07 12:00,300.726196,259.946667
2019-04-07 13:00,302.254883,529.955556
2019-04-07 14:00,303.515625,388.337778
2019-04-07 15:00,304.275391,294.897778
2019-04-07 16:00,304.992188,214.577778
2019-04-07 17:00,303.319580,120.551111
2019-04-07 18:00,302.411865,101.546667
2019-04-07 19:00,301.546875,32.995556
2019-04-07 20:00,300.359863,0.000000
2019-04-07 21:00,299.518066,0.000000
2019-04-07 22:00,299.341675,0.000000
2019-04-07 23:00,298.902100,0.000000
2019-04-08 00:00,298.223389,0.000000
2019-04-08 01:00,297.957520,0.000000
2019-04-08 02:00,297.437744,0.000000
2019-04-08 03:00,297.227539,0.000000
2019-04-08 04:00,296.971680,0.000000
2019-04-08 05:00,296.819580,0.000000
2019-04-08 06:00,296.776733,0.000000
2019-04-08 07:00,296.983765,0.728889
2019-04-08 08:00,297.186401,30.453333
2019-04-08 09:00,297.456787,102.151111
2019-04-08 10:00,299.408325,105.137778
2019-04-08 11:00,299.943970,223.271111
2019-04-08 12:00,301.723877,462.471111
2019-04-08 13:00,302.171631,367.164444
2019-04-08 14:00,302.888916,464.853333
2019-04-08 15:00,303.585693,421.013333
2019-04-08 16:00,304.359131,448.497778
2019-04-08 17:00,305.042236,291.128889
2019-04-08 18:00,303.686279,119.840000
2019-04-08 19:00,302.810059,33.991111
2019-04-08 20:00,301.103027,0.000000
2019-04-08 21:00,299.899414,0.000000
2019-04-08 22:00,299.195557,0.000000
2019-04-08 23:00,298.725830,0.000000
2019-04-09 00:00,298.623657,0.000000
2019-04-09 01:00,298.292847,0.000000
2019-04-09 02:00,297.517456,0.000000
2019-04-09 03:00,297.898926,0.000000
2019-04-09 04:00,297.904053,0.000000
2019-04-09 05:00,297.722778,0.000000
2019-04-09 06:00,297.607056,0.000000
2019-04-09 07:00,297.639160,2.631111
2019-04-09 08:00,297.722290,83.840000
2019-04-09 09:00,298.794189,277.368889
2019-04-09 10:00,301.443970,428.906667
2019-04-09 11:00,303.467896,441.973333
2019-04-09 12:00,303.648315,394.311111
2019-04-09 13:00,304.282715,395.466667
2019-04-09 14:00,304.145020,271.715556
2019-04-09 15:00,305.048340,401.920000
2019-04-09 16:00,305.300049,451.040000
2019-04-09 17:00,305.048340,350.862222
2019-04-09 18:00,304.312500,187.893333
2019-04-09 19:00,302.156982,34.684444
2019-04-09 20:00,301.199463,0.000000
2019-04-09 21:00,300.529297,0.000000
2019-04-09 22:00,300.547119,0.000000
2019-04-09 23:00,299.417236,0.000000
2019-04-10 00:00,298.885986,0.000000
2019-04-10 01:00,298.701172,0.000000
2019-04-10 02:00,297.971802,0.000000
2019-04-10 03:00,297.721069,0.000000
2019-04-10 04:00,297.205322,0.000000
2019-04-10 05:00,297.149048,0.000000
2019-04-10 06:00,297.461792,0.000000
2019-04-10 07:00,297.321899,2.311111
2019-04-10 08:00,298.505005,75.680000
2019-04-10 09:00,300.037720,203.555556
2019-04-10 10:00,302.985962,436.355556
2019-04-10 11:00,304.242920,525.173333
2019-04-10 12:00,304.053223,378.773333
2019-04-10 13:00,306.200684,779.182222
2019-04-10 14:00,307.501709,745.422222
2019-04-10 15:00,308.127441,535.466667
2019-04-10 16:00,303.020020,420.782222
2019-04-10 17:00,300.705566,189.315556
2019-04-10 18:00,300.708008,99.395556
2019-04-10 19:00,300.380127,26.951111
2019-04-10 20:00,299.848999,0.000000
2019-04-10 21:00,299.736206,0.000000
2019-04-10 22:00,299.022339,0.000000
2019-04-10 23:00,299.356079,0.000000
2019-04-11 00:00,298.656372,0.000000
2019-04-11 01:00,298.341309,0.000000
2019-04-11 02:00,297.595459,0.000000
2019-04-11 03:00,297.354736,0.000000
2019-04-11 04:00,297.565430,0.000000
2019-04-11 05:00,298.257568,0.000000
2019-04-11 06:00,297.942627,0.000000
2019-04-11 07:00,297.954590,2.826667
2019-04-11 08:00,298.989868,88.960000
2019-04-11 09:00,300.357788,206.951111
2019-04-11 10:00,302.549072,396.142222
2019-04-11 11:00,303.849365,539.982222
2019-04-11 12:00,304.659912,606.862222
2019-04-11 13:00,305.475098,732.106667
2019-04-11 14:00,307.163330,670.968889
2019-04-11 15:00,305.401855,346.222222
2019-04-11 16:00,303.625488,241.084444
2019-04-11 17:00,303.103760,171.324444
2019-04-11 18:00,302.567139,92.551111
2019-04-11 19:00,301.937988,26.204444
2019-04-11 20:00,300.860840,0.000000
2019-04-11 21:00,300.289551,0.000000
2019-04-11 22:00,299.058228,0.000000
2019-04-11 23:00,298.693726,0.000000
2019-04-12 00:00,298.500244,0.000000
2019-04-12 01:00,297.872559,0.000000
2019-04-12 02:00,297.328369,0.000000
2019-04-12 03:00,297.544556,0.000000
2019-04-12 04:00,297.710693,0.000000
2019-04-12 05:00,297.562866,0.000000
2019-04-12 06:00,297.651001,0.000000
2019-04-12 07:00,297.330811,1.688889
2019-04-12 08:00,297.701416,34.595556
2019-04-12 09:00,298.350220,161.048889
2019-04-12 10:00,300.950928,333.724444
2019-04-12 11:00,303.035278,501.031111
2019-04-12 12:00,302.439575,347.093333
2019-04-12 13:00,301.275146,276.284444
2019-04-12 14:00,302.330566,432.444444
2019-04-12 15:00,301.838379,340.515556
2019-04-12 16:00,301.558105,232.711111
2019-04-12 17:00,301.607666,274.684444
2019-04-12 18:00,300.985107,117.457778
2019-04-12 19:00,300.248291,25.937778
2019-04-12 20:00,299.030029,0.000000
2019-04-12 21:00,298.892578,0.000000
2019-04-12 22:00,298.363647,0.000000
2019-04-12 23:00,297.948730,0.000000
2019-04-13 00:00,297.790527,0.000000
2019-04-13 01:00,297.832397,0.000000
2019-04-13 02:00,297.526733,0.000000
2019-04-13 03:00,297.651489,0.000000
2019-04-13 04:00,297.747681,0.000000
2019-04-13 05:00,297.775024,0.000000
2019-04-13 06:00,297.798584,0.000000
2019-04-13 07:00,297.899048,2.613333
2019-04-13 08:00,298.315796,69.991111
2019-04-13 09:00,299.366455,187.271111
2019-04-13 10:00,301.691528,320.782222
2019-04-13 11:00,303.166382,423.111111
2019-04-13 12:00,303.893188,424.657778
2019-04-13 13:00,304.390381,473.617778
2019-04-13 14:00,304.332031,622.524444
2019-04-13 15:00,306.252197,630.915556
2019-04-13 16:00,306.562500,475.253333
2019-04-13 17:00,304.307617,324.764444
2019-04-13 18:00,303.108154,159.075556
2019-04-13 19:00,301.486816,27.626667
2019-04-13 20:00,300.138794,0.000000
2019-04-13 21:00,299.380249,0.000000
2019-04-13 22:00,298.931885,0.000000
2019-04-13 23:00,298.662109,0.000000
2019-04-14 00:00,298.413452,0.000000
2019-04-14 01:00,297.184082,0.000000
2019-04-14 02:00,297.073608,0.000000
2019-04-14 03:00,296.620361,0.000000
2019-04-14 04:00,296.301880,0.000000
2019-04-14 05:00,296.031250,0.000000
2019-04-14 06:00,296.556396,0.000000
2019-04-14 07:00,296.464478,4.302222
2019-04-14 08:00,297.881104,107.608889
2019-04-14 09:00,299.401733,286.577778
2019-04-14 10:00,300.986816,400.995556
2019-04-14 11:00,302.654785,503.964444
2019-04-14 12:00,304.494141,600.640000
2019-04-14 13:00,305.973877,759.377778
2019-04-14 14:00,306.815918,784.871111
2019-04-14 15:00,306.024170,601.991111
2019-04-14 16:00,306.415771,450.097778
2019-04-14 17:00,304.741943,303.626667
2019-04-14 18:00,301.516602,92.817778
2019-04-14 19:00,301.326904,30.346667
2019-04-14 20:00,299.791992,0.000000
2019-04-14 21:00,299.702148,0.000000
2019-04-14 22:00,299.260376,0.000000
2019-04-14 23:00,298.729492,0.000000
2019-04-15 00:00,298.614502,0.000000
2019-04-15 01:00,298.047974,0.000000
2019-04-15 02:00,297.706299,0.000000
2019-04-15 03:00,297.335693,0.000000
2019-04-15 04:00,297.389893,0.000000
2019-04-15 05:00,297.614258,0.000000
2019-04-15 06:00,298.577515,0.000000
2019-04-15 07:00,298.486084,3.111111
2019-04-15 08:00,298.944946,76.106667
2019-04-15 09:00,299.849365,209.120000
2019-04-15 10:00,302.432739,397.653333
2019-04-15 11:00,303.169434,392.480000
2019-04-15 12:00,304.242310,450.666667
2019-04-15 13:00,304.958496,490.062222
2019-04-15 14:00,305.331543,422.488889
2019-04-15 15:00,305.521240,410.435556
2019-04-15 16:00,305.831787,359.822222
2019-04-15 17:00,302.854736,177.546667
2019-04-15 18:00,301.800537,110.986667
2019-04-15 19:00,300.779785,29.280000
2019-04-15 20:00,299.689209,0.000000
2019-04-15 21:00,299.433228,0.000000
2019-04-15 22:00,298.409790,0.000000
2019-04-15 23:00,298.303345,0.000000
2019-04-16 00:00,298.750366,0.000000
2019-04-16 01:00,296.999268,0.000000
2019-04-16 02:00,297.387817,0.000000
2019-04-16 03:00,297.268433,0.000000
2019-04-16 04:00,297.463257,0.000000
2019-04-16 05:00,297.214478,0.000000
2019-04-16 06:00,297.332520,0.000000
2019-04-16 07:00,297.424316,2.808889
2019-04-16 08:00,298.043457,46.951111
2019-04-16 09:00,298.991943,141.831111
2019-04-16 10:00,300.671997,298.648889
2019-04-16 11:00,301.320190,437.013333
2019-04-16 12:00,302.621582,496.835556
2019-04-16 13:00,303.995850,538.826667
2019-04-16 14:00,305.450195,619.324444
2019-04-16 15:00,304.885986,301.777778
2019-04-16 16:00,304.619873,274.951111
2019-04-16 17:00,300.379150,330.097778
2019-04-16 18:00,298.781738,88.604444
2019-04-16 19:00,298.013672,29.333333
2019-04-16 20:00,297.590088,0.000000
2019-04-16 21:00,297.659668,0.000000
2019-04-16 22:00,297.834717,0.000000
2019-04-16 23:00,297.588379,0.000000
2019-04-17 00:00,297.786377,0.000000
2019-04-17 01:00,297.581299,0.000000
2019-04-17 02:00,297.193604,0.000000
2019-04-17 03:00,297.487305,0.000000
2019-04-17 04:00,297.293335,0.000000
2019-04-17 05:00,297.663086,0.000000
2019-04-17 06:00,297.671631,0.000000
2019-04-17 07:00,297.817627,2.044444
2019-04-17 08:00,298.336182,51.128889
2019-04-17 09:00,299.136108,156.337778
2019-04-17 10:00,300.073120,341.048889
2019-04-17 11:00,299.700928,375.573333
2019-04-17 12:00,300.710449,486.791111
2019-04-17 13:00,300.127441,334.364444
2019-04-17 14:00,300.774902,322.844444
2019-04-17 15:00,302.256592,489.280000
2019-04-17 16:00,302.186279,298.488889
2019-04-17 17:00,302.677490,259.431111
2019-04-17 18:00,301.776367,148.853333
2019-04-17 19:00,300.792480,15.680000
2019-04-17 20:00,299.526855,0.000000
2019-04-17 21:00,299.083740,0.000000
2019-04-17 22:00,298.410522,0.000000
2019-04-17 23:00,297.772583,0.000000
2019-04-18 00:00,297.318359,0.000000
2019-04-18 01:00,297.290527,0.000000
2019-04-18 02:00,297.255615,0.000000
2019-04-18 03:00,297.723633,0.000000
2019-04-18 04:00,296.572510,0.000000
2019-04-18 05:00,296.283569,0.000000
2019-04-18 06:00,296.133179,0.000000
2019-04-18 07:00,297.094360,4.764444
2019-04-18 08:00,298.484131,86.222222
2019-04-18 09:00,299.632935,234.986667
2019-04-18 10:00,301.615967,319.928889
2019-04-18 11:00,302.917480,443.840000
2019-04-18 12:00,303.177979,397.368889
2019-04-18 13:00,303.300537,366.080000
2019-04-18 14:00,304.723145,571.342222
2019-04-18 15:00,305.221680,441.902222
2019-04-18 16:00,305.121094,476.035556
2019-04-18 17:00,303.545654,371.306667
2019-04-18 18:00,301.749756,102.844444
2019-04-18 19:00,300.834229,20.302222
2019-04-18 20:00,299.937256,0.000000
2019-04-18 21:00,299.226074,0.000000
2019-04-18 22:00,298.592896,0.000000
2019-04-18 23:00,298.484009,0.000000
2019-04-19 00:00,297.978394,0.000000
2019-04-19 01:00,297.963379,0.000000
2019-04-19 02:00,297.594360,0.000000
2019-04-19 03:00,297.652588,0.000000
2019-04-19 04:00,297.831299,0.000000
2019-04-19 05:00,297.502686,0.000000
2019-04-19 06:00,297.628784,0.000000
2019-04-19 07:00,297.561401,2.595556
2019-04-19 08:00,297.611572,33.564444
2019-04-19 09:00,298.135620,94.844444
2019-04-19 10:00,299.498779,225.511111
2019-04-19 11:00,299.367188,261.173333
2019-04-19 12:00,300.625732,376.711111
2019-04-19 13:00,301.714111,521.884444
2019-04-19 14:00,303.290283,510.293333
2019-04-19 15:00,303.574219,488.853333
2019-04-19 16:00,303.858887,401.866667
2019-04-19 17:00,302.187744,304.480000
2019-04-19 18:00,301.194092,98.560000
2019-04-19 19:00,300.474854,24.817778
2019-04-19 20:00,299.349854,0.000000
2019-04-19 21:00,298.614014,0.000000
2019-04-19 22:00,298.244385,0.000000
2019-04-19 23:00,298.044556,0.000000
2019-04-20 00:00,297.730347,0.000000
2019-04-20 01:00,297.488159,0.000000
2019-04-20 02:00,297.512451,0.000000
2019-04-20 03:00,297.765625,0.000000
2019-04-20 04:00,297.870239,0.000000
2019-04-20 05:00,297.342163,0.000000
2019-04-20 06:00,297.364380,0.000000
2019-04-20 07:00,297.577881,2.826667
2019-04-20 08:00,297.584839,47.608889
2019-04-20 09:00,298.900146,204.764444
2019-04-20 10:00,300.729614,323.093333
2019-04-20 11:00,302.652832,470.648889
2019-04-20 12:00,304.456299,716.408889
2019-04-20 13:00,305.439941,716.604444
2019-04-20 14:00,306.238770,745.191111
2019-04-20 15:00,306.353271,515.306667
2019-04-20 16:00,304.658936,316.408889
2019-04-20 17:00,302.100586,124.408889
2019-04-20 18:00,301.408325,102.577778
2019-04-20 19:00,300.575562,27.377778
2019-04-20 20:00,299.122070,0.000000
2019-04-20 21:00,298.791504,0.000000
2019-04-20 22:00,298.246216,0.000000
2019-04-20 23:00,298.351685,0.000000
2019-04-21 00:00,297.817627,0.000000
2019-04-21 01:00,297.916260,0.000000
2019-04-21 02:00,297.517212,0.000000
2019-04-21 03:00,297.704102,0.000000
2019-04-21 04:00,297.885864,0.000000
2019-04-21 05:00,297.887573,0.000000
2019-04-21 06:00,297.922729,0.000000
2019-04-21 07:00,298.048096,3.235556
2019-04-21 08:00,298.746094,56.568889
2019-04-21 09:00,299.063477,200.426667
2019-04-21 10:00,300.784424,258.986667
2019-04-21 11:00,302.939819,504.764444
2019-04-21 12:00,304.150146,586.613333
2019-04-21 13:00,304.499268,469.848889
2019-04-21 14:00,305.766113,623.217778
2019-04-21 15:00,305.302979,617.475556
2019-04-21 16:00,305.377686,423.875556
2019-04-21 17:00,305.140625,296.746667
2019-04-21 18:00,303.933350,173.991111
2019-04-21 19:00,302.516846,25.333333
2019-04-21 20:00,301.130493,0.000000
2019-04-21 21:00,300.359619,0.000000
2019-04-21 22:00,299.234009,0.000000
2019-04-21 23:00,298.758545,0.000000
2019-04-22 00:00,298.344849,0.000000
2019-04-22 01:00,298.325073,0.000000
2019-04-22 02:00,298.283203,0.000000
2019-04-22 03:00,298.501099,0.000000
2019-04-22 04:00,298.419678,0.000000
2019-04-22 05:00,298.271729,0.000000
2019-04-22 06:00,298.506714,0.000000
2019-04-22 07:00,298.591309,1.813333
2019-04-22 08:00,298.873779,65.102222
2019-04-22 09:00,300.378540,233.511111
2019-04-22 10:00,301.718628,322.826667
2019-04-22 11:00,303.617798,585.386667
2019-04-22 12:00,304.329590,601.084444
2019-04-22 13:00,304.378418,537.493333
2019-04-22 14:00,304.657471,468.960000
2019-04-22 15:00,305.843506,613.937778
2019-04-22 16:00,305.462402,450.417778
2019-04-22 17:00,302.074951,266.791111
2019-04-22 18:00,300.808838,128.213333
2019-04-22 19:00,300.306885,32.302222
2019-04-22 20:00,299.369385,0.000000
2019-04-22 21:00,298.336426,0.000000
2019-04-22 22:00,298.256104,0.000000
2019-04-22 23:00,297.843750,0.000000
2019-04-23 00:00,297.699463,0.000000
2019-04-23 01:00,298.190674,0.000000
2019-04-23 02:00,297.981934,0.000000
2019-04-23 03:00,298.169434,0.000000
2019-04-23 04:00,298.142334,0.000000
2019-04-23 05:00,297.951416,0.000000
2019-04-23 06:00,297.749756,0.000000
2019-04-23 07:00,297.409180,5.493333
2019-04-23 08:00,297.924927,114.986667
2019-04-23 09:00,299.687866,305.173333
2019-04-23 10:00,303.053711,500.906667
2019-04-23 11:00,304.621948,668.871111
2019-04-23 12:00,306.110840,765.813333
2019-04-23 13:00,307.052979,787.040000
2019-04-23 14:00,307.740479,744.248889
2019-04-23 15:00,307.765625,547.662222
2019-04-23 16:00,307.278809,434.453333
2019-04-23 17:00,305.489014,333.102222
2019-04-23 18:00,303.187012,187.182222
2019-04-23 19:00,301.734863,35.288889
2019-04-23 20:00,300.688232,0.000000
2019-04-23 21:00,300.147705,0.000000
2019-04-23 22:00,300.090454,0.000000
2019-04-23 23:00,299.469727,0.000000
2019-04-24 00:00,299.046753,0.000000
2019-04-24 01:00,298.599609,0.000000
2019-04-24 02:00,297.864380,0.000000
2019-04-24 03:00,297.618530,0.000000
2019-04-24 04:00,297.508057,0.000000
2019-04-24 05:00,297.108032,0.000000
2019-04-24 06:00,296.874512,0.000000
2019-04-24 07:00,296.805664,6.791111
2019-04-24 08:00,297.797852,103.573333
2019-04-24 09:00,300.099854,285.280000
2019-04-24 10:00,302.585449,514.168889
2019-04-24 11:00,304.239868,667.982222
2019-04-24 12:00,306.475342,787.502222
2019-04-24 13:00,308.308105,822.293333
2019-04-24 14:00,308.712646,743.822222
2019-04-24 15:00,308.548340,604.515556
2019-04-24 16:00,306.946777,413.528889
2019-04-24 17:00,305.431152,315.057778
2019-04-24 18:00,303.792480,191.715556
2019-04-24 19:00,302.444580,36.355556
2019-04-24 20:00,300.921143,0.000000
2019-04-24 21:00,300.312744,0.000000
2019-04-24 22:00,299.997803,0.000000
2019-04-24 23:00,299.393799,0.000000
2019-04-25 00:00,298.672363,0.000000
2019-04-25 01:00,298.578735,0.000000
2019-04-25 02:00,298.177612,0.000000
2019-04-25 03:00,297.794556,0.000000
2019-04-25 04:00,298.027222,0.000000
2019-04-25 05:00,297.771118,0.000000
2019-04-25 06:00,298.465088,0.000000
2019-04-25 07:00,298.327881,6.880000
2019-04-25 08:00,299.305908,110.684444
2019-04-25 09:00,300.780640,292.817778
2019-04-25 10:00,303.271362,500.657778
2019-04-25 11:00,304.374146,624.853333
2019-04-25 12:00,305.822021,766.862222
2019-04-25 13:00,306.947021,824.942222
2019-04-25 14:00,308.279297,814.844444
2019-04-25 15:00,307.817871,585.884444
2019-04-25 16:00,308.412842,533.048889
2019-04-25 17:00,307.760254,379.128889
2019-04-25 18:00,305.973389,178.435556
2019-04-25 19:00,304.152588,22.240000
2019-04-25 20:00,302.257324,0.000000
2019-04-25 21:00,301.052002,0.000000
2019-04-25 22:00,299.966919,0.000000
2019-04-25 23:00,299.441772,0.000000
2019-04-26 00:00,299.312744,0.000000
2019-04-26 01:00,298.720093,0.000000
2019-04-26 02:00,298.178833,0.000000
2019-04-26 03:00,297.903198,0.000000
2019-04-26 04:00,297.922363,0.000000
2019-04-26 05:00,297.630127,0.000000
2019-04-26 06:00,297.555908,0.000000
2019-04-26 07:00,297.695801,6.453333
2019-04-26 08:00,298.917114,118.382222
2019-04-26 09:00,301.336792,265.617778
2019-04-26 10:00,302.818359,335.235556
2019-04-26 11:00,304.746094,605.546667
2019-04-26 12:00,305.599854,642.275556
2019-04-26 13:00,306.431641,794.808889
2019-04-26 14:00,305.856689,644.746667
2019-04-26 15:00,305.834229,548.640000
2019-04-26 16:00,306.031494,466.542222
2019-04-26 17:00,303.354492,323.608889
2019-04-26 18:00,303.099609,150.542222
2019-04-26 19:00,302.155029,12.817778
2019-04-26 20:00,301.594238,0.000000
2019-04-26 21:00,300.674805,0.000000
2019-04-26 22:00,300.018677,0.000000
2019-04-26 23:00,299.976074,0.000000
2019-04-27 00:00,299.593628,0.000000
2019-04-27 01:00,299.696533,0.000000
2019-04-27 02:00,298.840698,0.000000
2019-04-27 03:00,298.005371,0.000000
2019-04-27 04:00,298.099365,0.000000
2019-04-27 05:00,298.007324,0.000000
2019-04-27 06:00,297.950684,0.000000
2019-04-27 07:00,297.849243,3.573333
2019-04-27 08:00,298.687988,84.106667
2019-04-27 09:00,300.107422,169.955556
2019-04-27 10:00,299.405640,199.573333
2019-04-27 11:00,300.817017,371.768889
2019-04-27 12:00,302.462524,494.968889
2019-04-27 13:00,302.316895,459.911111
2019-04-27 14:00,303.992432,468.444444
2019-04-27 15:00,304.986328,484.942222
2019-04-27 16:00,304.602295,431.111111
2019-04-27 17:00,301.766602,290.115556
2019-04-27 18:00,299.335938,93.777778
2019-04-27 19:00,298.321533,22.524444
2019-04-27 20:00,298.022461,0.000000
2019-04-27 21:00,297.661377,0.000000
2019-04-27 22:00,298.060303,0.000000
2019-04-27 23:00,298.085938,0.000000
2019-04-28 00:00,297.877563,0.000000
2019-04-28 01:00,297.476074,0.000000
2019-04-28 02:00,297.174561,0.000000
2019-04-28 03:00,297.294800,0.000000
2019-04-28 04:00,297.364624,0.000000
2019-04-28 05:00,297.336182,0.000000
2019-04-28 06:00,297.539917,0.000000
2019-04-28 07:00,297.475952,6.808889
2019-04-28 08:00,298.764893,102.151111
2019-04-28 09:00,300.566772,193.582222
2019-04-28 10:00,302.328247,349.813333
2019-04-28 11:00,303.253418,350.346667
2019-04-28 12:00,303.373779,373.546667
2019-04-28 13:00,305.395264,677.991111
2019-04-28 14:00,305.777588,588.586667
2019-04-28 15:00,305.882568,581.955556
2019-04-28 16:00,303.477539,365.280000
2019-04-28 17:00,301.536621,147.324444
2019-04-28 18:00,301.039062,117.635556
2019-04-28 19:00,300.235352,30.080000
2019-04-28 20:00,300.065674,0.000000
2019-04-28 21:00,299.381226,0.000000
2019-04-28 22:00,298.727173,0.000000
2019-04-28 23:00,298.552490,0.000000
2019-04-29 00:00,298.757446,0.000000
2019-04-29 01:00,298.715332,0.000000
2019-04-29 02:00,298.407837,0.000000
2019-04-29 03:00,298.380127,0.000000
2019-04-29 04:00,298.475464,0.000000
2019-04-29 05:00,298.283081,0.000000
2019-04-29 06:00,298.408691,0.000000
2019-04-29 07:00,298.317261,3.822222
2019-04-29 08:00,299.029419,51.768889
2019-04-29 09:00,300.079346,233.955556
2019-04-29 10:00,301.282471,274.133333
2019-04-29 11:00,303.190796,422.631111
2019-04-29 12:00,303.586914,436.871111
2019-04-29 13:00,304.225342,385.422222
2019-04-29 14:00,305.302002,530.880000
2019-04-29 15:00,306.074707,420.728889
2019-04-29 16:00,304.010986,384.906667
2019-04-29 17:00,302.295166,247.075556
2019-04-29 18:00,301.126465,87.377778
2019-04-29 19:00,300.248291,23.164444
2019-04-29 20:00,298.851196,0.000000
2019-04-29 21:00,298.516113,0.000000
2019-04-29 22:00,297.492676,0.000000
2019-04-29 23:00,297.581421,0.000000
2019-04-30 00:00,297.679565,0.000000
2019-04-30 01:00,298.096313,0.000000
2019-04-30 02:00,297.901123,0.000000
2019-04-30 03:00,298.141479,0.000000
2019-04-30 04:00,298.417358,0.000000
2019-04-30 05:00,298.183960,0.000000
2019-04-30 06:00,298.267334,0.000000
2019-04-30 07:00,298.626953,3.555556
2019-04-30 08:00,298.890991,23.093333
2019-04-30 09:00,300.450073,37.173333
2019-04-30 10:00,297.951050,115.146667
2019-04-30 11:00,299.344482,276.942222
2019-04-30 12:00,301.637817,412.408889
2019-04-30 13:00,302.902100,476.142222
2019-04-30 14:00,303.396973,442.826667
2019-04-30 15:00,303.796875,510.257778
2019-04-30 16:00,302.770020,384.977778
2019-04-30 17:00,300.409912,210.311111
2019-04-30 18:00,300.034424,77.991111
2019-04-30 19:00,299.521362,27.093333
2019-04-30 20:00,298.671997,0.000000
2019-04-30 21:00,298.185242,0.000000
2019-04-30 22:00,298.324341,0.000000
2019-04-30 23:00,298.156616,0.000000
2019-05-01 00:00,297.409790,0.000000
2019-05-01 01:00,297.968384,0.000000
2019-05-01 02:00,297.389038,0.000000
2019-05-01 03:00,297.203369,0.000000
2019-05-01 04:00,297.886353,0.000000
2019-05-01 05:00,298.155029,0.000000
2019-05-01 06:00,297.872314,0.000000
2019-05-01 07:00,297.946167,3.377778
2019-05-01 08:00,298.892212,66.168889
2019-05-01 09:00,299.959961,186.471111
2019-05-01 10:00,302.599609,278.257778
2019-05-01 11:00,303.561035,481.564444
2019-05-01 12:00,303.762329,571.342222
2019-05-01 13:00,303.287720,407.573333
2019-05-01 14:00,298.440430,358.097778
2019-05-01 15:00,299.550293,296.853333
2019-05-01 16:00,299.467529,170.257778
2019-05-01 17:00,299.940186,162.737778
2019-05-01 18:00,300.216675,94.933333
2019-05-01 19:00,299.154907,18.897778
2019-05-01 20:00,298.671753,0.000000
2019-05-01 21:00,298.124023,0.000000
2019-05-01 22:00,297.592285,0.000000
2019-05-01 23:00,297.562744,0.000000
2019-05-02 00:00,297.915161,0.000000
2019-05-02 01:00,297.939331,0.000000
2019-05-02 02:00,297.884644,0.000000
2019-05-02 03:00,297.987305,0.000000
2019-05-02 04:00,297.653564,0.000000
2019-05-02 05:00,297.614258,0.000000
2019-05-02 06:00,297.594604,0.000000
2019-05-02 07:00,297.452881,2.613333
2019-05-02 08:00,298.466309,20.213333
2019-05-02 09:00,299.818726,68.515556
2019-05-02 10:00,300.594849,190.595556
2019-05-02 11:00,299.461182,161.991111
2019-05-02 12:00,299.887451,272.711111
2019-05-02 13:00,300.275146,291.626667
2019-05-02 14:00,301.567139,347.751111
2019-05-02 15:00,301.351318,241.955556
2019-05-02 16:00,299.100098,241.920000
2019-05-02 17:00,298.346680,100.266667
2019-05-02 18:00,298.382324,38.897778
2019-05-02 19:00,298.093994,3.697778
2019-05-02 20:00,297.567871,0.000000
2019-05-02 21:00,297.120850,0.000000
2019-05-02 22:00,297.477173,0.000000
2019-05-02 23:00,297.477417,0.000000
2019-05-03 00:00,297.270996,0.000000
2019-05-03 01:00,297.402100,0.000000
2019-05-03 02:00,296.894409,0.000000
2019-05-03 03:00,296.275146,0.000000
2019-05-03 04:00,296.626953,0.000000
2019-05-03 05:00,296.192383,0.000000
2019-05-03 06:00,296.229980,0.000000
2019-05-03 07:00,296.296021,4.960000
2019-05-03 08:00,297.181274,55.146667
2019-05-03 09:00,298.312012,145.208889
2019-05-03 10:00,299.800293,240.515556
2019-05-03 11:00,301.266357,385.280000
2019-05-03 12:00,302.416748,429.048889
2019-05-03 13:00,303.722900,598.755556
2019-05-03 14:00,305.302246,688.035556
2019-05-03 15:00,304.559814,457.671111
2019-05-03 16:00,303.001465,276.355556
2019-05-03 17:00,300.562744,246.080000
2019-05-03 18:00,299.948975,90.471111
2019-05-03 19:00,298.937744,19.626667
2019-05-03 20:00,298.641846,0.000000
2019-05-03 21:00,297.778198,0.000000
2019-05-03 22:00,296.534790,0.000000
2019-05-03 23:00,296.398804,0.000000
2019-05-04 00:00,296.216797,0.000000
2019-05-04 01:00,296.088257,0.000000
2019-05-04 02:00,296.111816,0.000000
2019-05-04 03:00,296.002686,0.000000
2019-05-04 04:00,295.794922,0.000000
2019-05-04 05:00,296.079834,0.000000
2019-05-04 06:00,296.323364,0.000000
2019-05-04 07:00,296.200317,1.457778
2019-05-04 08:00,296.917114,34.026667
2019-05-04 09:00,297.703003,182.328889
2019-05-04 10:00,299.814697,291.893333
2019-05-04 11:00,299.939941,209.848889
2019-05-04 12:00,300.133301,201.120000
2019-05-04 13:00,300.380127,172.728889
2019-05-04 14:00,300.724854,141.013333
2019-05-04 15:00,300.471436,134.577778
2019-05-04 16:00,301.078369,164.124444
2019-05-04 17:00,299.863037,100.995556
2019-05-04 18:00,299.723877,77.866667
2019-05-04 19:00,299.197510,14.560000
2019-05-04 20:00,298.735596,0.000000
2019-05-04 21:00,298.292480,0.000000
2019-05-04 22:00,298.068237,0.000000
2019-05-04 23:00,298.108643,0.000000
2019-05-05 00:00,298.022095,0.000000
2019-05-05 01:00,297.676514,0.000000
2019-05-05 02:00,297.155273,0.000000
2019-05-05 03:00,296.466797,0.000000
2019-05-05 04:00,297.151855,0.000000
2019-05-05 05:00,297.362183,0.000000
2019-05-05 06:00,297.412720,0.000000
2019-05-05 07:00,297.397339,4.711111
2019-05-05 08:00,298.614258,62.435556
2019-05-05 09:00,300.067627,224.426667
2019-05-05 10:00,301.421143,285.724444
2019-05-05 11:00,302.200073,425.173333
2019-05-05 12:00,302.983643,453.582222
2019-05-05 13:00,304.846436,617.368889
2019-05-05 14:00,305.320557,544.408889
2019-05-05 15:00,305.666504,529.653333
2019-05-05 16:00,305.964355,512.782222
2019-05-05 17:00,304.303955,321.582222
2019-05-05 18:00,302.755005,121.973333
2019-05-05 19:00,301.328979,26.417778
2019-05-05 20:00,300.662598,0.000000
2019-05-05 21:00,300.027954,0.000000
2019-05-05 22:00,299.285889,0.000000
2019-05-05 23:00,298.778198,0.000000
2019-05-06 00:00,298.313965,0.000000
2019-05-06 01:00,298.098999,0.000000
2019-05-06 02:00,297.380981,0.000000
2019-05-06 03:00,296.958862,0.000000
2019-05-06 04:00,296.639404,0.000000
2019-05-06 05:00,296.520874,0.000000
2019-05-06 06:00,296.639404,0.000000
2019-05-06 07:00,297.137939,9.422222
2019-05-06 08:00,298.946289,128.800000
2019-05-06 09:00,300.828979,319.697778
2019-05-06 10:00,302.782593,440.302222
2019-05-06 11:00,304.023560,486.400000
2019-05-06 12:00,305.273804,580.373333
2019-05-06 13:00,304.882324,362.968889
2019-05-06 14:00,305.676025,461.280000
2019-05-06 15:00,305.590332,491.182222
2019-05-06 16:00,305.165283,395.786667
2019-05-06 17:00,302.580566,258.488889
2019-05-06 18:00,302.007324,151.573333
2019-05-06 19:00,300.457275,21.457778
2019-05-06 20:00,299.472778,0.000000
2019-05-06 21:00,299.112305,0.000000
2019-05-06 22:00,298.533936,0.000000
2019-05-06 23:00,298.582642,0.000000
2019-05-07 00:00,298.812744,0.000000
2019-05-07 01:00,298.747070,0.000000
2019-05-07 02:00,298.642578,0.000000
2019-05-07 03:00,298.954590,0.000000
2019-05-07 04:00,298.838989,0.000000
2019-05-07 05:00,298.334961,0.000000
2019-05-07 06:00,298.401245,0.000000
2019-05-07 07:00,298.415771,4.551111
2019-05-07 08:00,298.947510,52.444444
2019-05-07 09:00,300.559692,98.560000
2019-05-07 10:00,300.424927,170.755556
2019-05-07 11:00,300.779541,242.844444
2019-05-07 12:00,302.218018,400.160000
2019-05-07 13:00,304.428711,637.404444
2019-05-07 14:00,305.521240,645.226667
2019-05-07 15:00,301.703857,295.982222
2019-05-07 16:00,300.164307,158.791111
2019-05-07 17:00,300.129028,118.400000
2019-05-07 18:00,299.694824,63.395556
2019-05-07 19:00,299.051758,17.688889
2019-05-07 20:00,298.831543,0.000000
2019-05-07 21:00,298.903687,0.000000
2019-05-07 22:00,298.666016,0.000000
2019-05-07 23:00,298.606567,0.000000
2019-05-08 00:00,298.545898,0.000000
2019-05-08 01:00,298.229736,0.000000
2019-05-08 02:00,297.317261,0.000000
2019-05-08 03:00,297.662109,0.000000
2019-05-08 04:00,298.024414,0.000000
2019-05-08 05:00,298.091675,0.000000
2019-05-08 06:00,297.879761,0.000000
2019-05-08 07:00,297.797607,3.751111
2019-05-08 08:00,298.017578,55.164444
2019-05-08 09:00,299.549805,215.982222
2019-05-08 10:00,300.504395,338.666667
2019-05-08 11:00,301.057983,406.400000
2019-05-08 12:00,300.398926,284.960000
2019-05-08 13:00,301.736694,460.960000
2019-05-08 14:00,303.860107,543.911111
2019-05-08 15:00,305.495972,637.600000
2019-05-08 16:00,305.757568,470.293333
2019-05-08 17:00,302.586426,307.111111
2019-05-08 18:00,299.353027,66.488889
2019-05-08 19:00,299.183472,23.946667
2019-05-08 20:00,298.224976,0.000000
2019-05-08 21:00,297.893799,0.000000
2019-05-08 22:00,297.452881,0.000000
2019-05-08 23:00,297.709961,0.000000
2019-05-09 00:00,297.509521,0.000000
2019-05-09 01:00,297.240356,0.000000
2019-05-09 02:00,297.153198,0.000000
2019-05-09 03:00,297.416504,0.000000
2019-05-09 04:00,297.293823,0.000000
2019-05-09 05:00,297.225586,0.000000
2019-05-09 06:00,297.422974,0.000000
2019-05-09 07:00,297.379639,3.822222
2019-05-09 08:00,298.282471,41.920000
2019-05-09 09:00,299.940063,257.066667
2019-05-09 10:00,301.171387,212.817778
2019-05-09 11:00,302.373047,337.653333
2019-05-09 12:00,302.108398,281.884444
2019-05-09 13:00,303.994629,500.071111
2019-05-09 14:00,305.018311,615.022222
2019-05-09 15:00,303.786865,583.875556
2019-05-09 16:00,300.638672,329.884444
2019-05-09 17:00,299.966309,120.871111
2019-05-09 18:00,300.234863,33.511111
2019-05-09 19:00,298.776611,11.395556
2019-05-09 20:00,298.981934,0.000000
2019-05-09 21:00,298.667236,0.000000
2019-05-09 22:00,297.876587,0.000000
2019-05-09 23:00,298.052246,0.000000
2019-05-10 00:00,298.116943,0.000000
2019-05-10 01:00,298.117798,0.000000
2019-05-10 02:00,297.557739,0.000000
2019-05-10 03:00,297.624756,0.000000
2019-05-10 04:00,297.697266,0.000000
2019-05-10 05:00,297.714355,0.000000
2019-05-10 06:00,298.181396,0.000000
2019-05-10 07:00,298.097778,4.515556
2019-05-10 08:00,299.169800,52.000000
2019-05-10 09:00,300.146851,234.702222
2019-05-10 10:00,301.120117,284.462222
2019-05-10 11:00,302.609863,486.506667
2019-05-10 12:00,304.516357,632.764444
2019-05-10 13:00,304.660522,676.497778
2019-05-10 14:00,304.030273,599.502222
2019-05-10 15:00,301.547852,377.688889
2019-05-10 16:00,300.876221,215.520000
2019-05-10 17:00,301.348633,193.031111
2019-05-10 18:00,300.236084,101.297778
2019-05-10 19:00,299.904053,16.355556
2019-05-10 20:00,298.585205,0.000000
2019-05-10 21:00,298.330811,0.000000
2019-05-10 22:00,298.062866,0.000000
2019-05-10 23:00,298.285889,0.000000
2019-05-11 00:00,297.600464,0.000000
2019-05-11 01:00,297.489380,0.000000
2019-05-11 02:00,297.456665,0.000000
2019-05-11 03:00,297.979126,0.000000
2019-05-11 04:00,298.070679,0.000000
2019-05-11 05:00,298.043457,0.000000
2019-05-11 06:00,297.771484,0.000000
2019-05-11 07:00,297.658203,1.991111
2019-05-11 08:00,298.654907,46.613333
2019-05-11 09:00,300.408936,222.720000
2019-05-11 10:00,301.649658,447.200000
2019-05-11 11:00,301.929688,378.862222
2019-05-11 12:00,303.018799,610.720000
2019-05-11 13:00,303.747070,586.684444
2019-05-11 14:00,304.709229,590.524444
2019-05-11 15:00,301.041748,335.093333
2019-05-11 16:00,300.057861,167.573333
2019-05-11 17:00,299.821777,136.462222
2019-05-11 18:00,300.012451,71.662222
2019-05-11 19:00,299.568115,23.288889
2019-05-11 20:00,298.693848,0.000000
2019-05-11 21:00,298.752319,0.000000
2019-05-11 22:00,298.757568,0.000000
2019-05-11 23:00,298.031372,0.000000
2019-05-12 00:00,297.937866,0.000000
2019-05-12 01:00,297.799072,0.000000
2019-05-12 02:00,297.816162,0.000000
2019-05-12 03:00,298.053955,0.000000
2019-05-12 04:00,298.049194,0.000000
2019-05-12 05:00,298.182007,0.000000
2019-05-12 06:00,298.269287,0.000000
2019-05-12 07:00,298.228027,3.502222
2019-05-12 08:00,298.296509,62.097778
2019-05-12 09:00,299.140625,162.560000
2019-05-12 10:00,300.346680,321.155556
2019-05-12 11:00,301.529053,432.657778
2019-05-12 12:00,303.394043,571.768889
2019-05-12 13:00,304.333740,555.004444
2019-05-12 14:00,304.901367,479.431111
2019-05-12 15:00,304.092041,307.768889
2019-05-12 16:00,304.011230,394.222222
2019-05-12 17:00,303.384033,237.564444
2019-05-12 18:00,302.135010,115.555556
2019-05-12 19:00,300.563721,33.013333
2019-05-12 20:00,299.483154,0.000000
2019-05-12 21:00,299.100220,0.000000
2019-05-12 22:00,299.154785,0.000000
2019-05-12 23:00,298.508057,0.000000
2019-05-13 00:00,297.757812,0.000000
2019-05-13 01:00,297.442749,0.000000
2019-05-13 02:00,297.121094,0.000000
2019-05-13 03:00,297.727417,0.000000
2019-05-13 04:00,298.111572,0.000000
2019-05-13 05:00,298.820190,0.000000
2019-05-13 06:00,298.994141,0.000000
2019-05-13 07:00,298.949829,4.977778
2019-05-13 08:00,299.586548,58.311111
2019-05-13 09:00,300.885254,193.031111
2019-05-13 10:00,302.992798,348.888889
2019-05-13 11:00,303.586182,350.382222
2019-05-13 12:00,302.724121,349.262222
2019-05-13 13:00,302.391357,469.368889
2019-05-13 14:00,304.223145,560.266667
2019-05-13 15:00,304.730713,537.155556
2019-05-13 16:00,301.719971,364.213333
2019-05-13 17:00,299.827881,62.897778
2019-05-13 18:00,299.946533,36.035556
2019-05-13 19:00,299.119141,29.777778
2019-05-13 20:00,298.444336,0.000000
2019-05-13 21:00,297.876709,0.000000
2019-05-13 22:00,298.440796,0.000000
2019-05-13 23:00,298.495728,0.000000
2019-05-14 00:00,298.459717,0.000000
2019-05-14 01:00,298.542847,0.000000
2019-05-14 02:00,298.266602,0.000000
2019-05-14 03:00,298.013428,0.000000
2019-05-14 04:00,297.937378,0.000000
2019-05-14 05:00,297.842896,0.000000
2019-05-14 06:00,297.862915,0.000000
2019-05-14 07:00,297.815918,3.235556
2019-05-14 08:00,297.800659,29.831111
2019-05-14 09:00,298.957275,62.115556
2019-05-14 10:00,298.145752,149.368889
2019-05-14 11:00,299.465332,366.933333
2019-05-14 12:00,300.064697,378.311111
2019-05-14 13:00,301.918701,474.684444
2019-05-14 14:00,302.499512,429.386667
2019-05-14 15:00,303.581299,531.555556
2019-05-14 16:00,302.809326,346.328889
2019-05-14 17:00,301.896729,296.551111
2019-05-14 18:00,300.561768,99.182222
2019-05-14 19:00,298.832275,25.600000
2019-05-14 20:00,298.339478,0.000000
2019-05-14 21:00,298.207764,0.000000
2019-05-14 22:00,298.161377,0.000000
2019-05-14 23:00,298.189331,0.000000
2019-05-15 00:00,297.754395,0.000000
2019-05-15 01:00,297.204712,0.000000
2019-05-15 02:00,297.083008,0.000000
2019-05-15 03:00,297.098877,0.000000
2019-05-15 04:00,296.988647,0.000000
2019-05-15 05:00,297.350586,0.000000
2019-05-15 06:00,297.215210,0.000000
2019-05-15 07:00,297.191040,2.471111
2019-05-15 08:00,297.062256,39.271111
2019-05-15 09:00,298.191528,78.524444
2019-05-15 10:00,298.653687,252.391111
2019-05-15 11:00,299.904053,374.666667
2019-05-15 12:00,301.933472,637.351111
2019-05-15 13:00,301.573364,421.013333
2019-05-15 14:00,301.577637,418.062222
2019-05-15 15:00,300.795654,373.546667
2019-05-15 16:00,300.292725,356.497778
2019-05-15 17:00,298.262573,209.866667
2019-05-15 18:00,298.452026,88.640000
2019-05-15 19:00,298.156372,17.475556
2019-05-15 20:00,297.794312,0.000000
2019-05-15 21:00,297.353638,0.000000
2019-05-15 22:00,296.609009,0.000000
2019-05-15 23:00,297.254272,0.000000
2019-05-16 00:00,296.057495,0.000000
2019-05-16 01:00,296.286865,0.000000
2019-05-16 02:00,295.541016,0.000000
2019-05-16 03:00,295.834595,0.000000
2019-05-16 04:00,295.872681,0.000000
2019-05-16 05:00,295.616699,0.000000
2019-05-16 06:00,295.834839,0.000000
2019-05-16 07:00,296.005859,7.484444
2019-05-16 08:00,297.425293,100.604444
2019-05-16 09:00,298.776367,260.231111
2019-05-16 10:00,300.181030,296.675556
2019-05-16 11:00,301.010132,319.840000
2019-05-16 12:00,302.608154,562.008889
2019-05-16 13:00,303.505615,621.493333
2019-05-16 14:00,304.354980,647.431111
2019-05-16 15:00,303.009521,392.764444
2019-05-16 16:00,302.705078,433.244444
2019-05-16 17:00,301.029785,171.164444
2019-05-16 18:00,299.803711,27.306667
2019-05-16 19:00,298.836792,19.964444
2019-05-16 20:00,296.647827,0.000000
2019-05-16 21:00,296.902466,0.000000
2019-05-16 22:00,296.720825,0.000000
2019-05-16 23:00,296.239014,0.000000
2019-05-17 00:00,296.228638,0.000000
2019-05-17 01:00,296.272461,0.000000
2019-05-17 02:00,296.267578,0.000000
2019-05-17 03:00,295.750488,0.000000
2019-05-17 04:00,295.705322,0.000000
2019-05-17 05:00,295.455811,0.000000
2019-05-17 06:00,295.676514,0.000000
2019-05-17 07:00,295.951416,7.040000
2019-05-17 08:00,297.362061,81.404444
2019-05-17 09:00,298.070312,211.057778
2019-05-17 10:00,300.423828,357.582222
2019-05-17 11:00,301.763062,509.600000
2019-05-17 12:00,303.470703,616.888889
2019-05-17 13:00,304.481567,775.697778
2019-05-17 14:00,304.958008,666.311111
2019-05-17 15:00,305.692627,598.702222
2019-05-17 16:00,305.344971,450.311111
2019-05-17 17:00,303.736328,316.462222
2019-05-17 18:00,300.907837,137.546667
2019-05-17 19:00,300.541748,27.164444
2019-05-17 20:00,299.573730,0.000000
2019-05-17 21:00,298.910278,0.000000
2019-05-17 22:00,299.533203,0.000000
2019-05-17 23:00,298.832275,0.000000
2019-05-18 00:00,298.230469,0.000000
2019-05-18 01:00,298.133911,0.000000
2019-05-18 02:00,297.313843,0.000000
2019-05-18 03:00,297.283081,0.000000
2019-05-18 04:00,297.244019,0.000000
2019-05-18 05:00,296.689941,0.000000
2019-05-18 06:00,296.787720,0.000000
2019-05-18 07:00,297.635132,6.400000
2019-05-18 08:00,298.511353,110.933333
2019-05-18 09:00,299.700195,247.360000
2019-05-18 10:00,302.280762,448.302222
2019-05-18 11:00,303.125366,561.600000
2019-05-18 12:00,304.151611,634.311111
2019-05-18 13:00,304.583130,624.657778
2019-05-18 14:00,305.269775,600.853333
2019-05-18 15:00,303.885132,437.457778
2019-05-18 16:00,302.616455,438.026667
2019-05-18 17:00,300.255859,248.515556
2019-05-18 18:00,297.389160,92.320000
2019-05-18 19:00,296.762573,3.022222
2019-05-18 20:00,296.504395,0.000000
2019-05-18 21:00,296.515869,0.000000
2019-05-18 22:00,296.786499,0.000000
2019-05-18 23:00,296.403442,0.000000
2019-05-19 00:00,296.343994,0.000000
2019-05-19 01:00,296.205200,0.000000
2019-05-19 02:00,296.194214,0.000000
2019-05-19 03:00,296.270752,0.000000
2019-05-19 04:00,296.296875,0.000000
2019-05-19 05:00,296.165283,0.000000
2019-05-19 06:00,296.132812,0.000000
2019-05-19 07:00,296.183838,6.488889
2019-05-19 08:00,297.001953,49.546667
2019-05-19 09:00,298.143311,192.906667
2019-05-19 10:00,298.671997,287.288889
2019-05-19 11:00,299.978882,318.737778
2019-05-19 12:00,300.990967,397.333333
2019-05-19 13:00,302.010254,427.466667
2019-05-19 14:00,303.498535,431.004444
2019-05-19 15:00,303.867432,339.857778
2019-05-19 16:00,303.483154,324.657778
2019-05-19 17:00,302.340088,339.626667
2019-05-19 18:00,299.412354,127.111111
2019-05-19 19:00,298.518677,15.502222
2019-05-19 20:00,298.026611,0.000000
2019-05-19 21:00,297.697632,0.000000
2019-05-19 22:00,297.465820,0.000000
2019-05-19 23:00,297.273804,0.000000
2019-05-20 00:00,297.446045,0.000000
2019-05-20 01:00,297.494873,0.000000
2019-05-20 02:00,297.634644,0.000000
2019-05-20 03:00,297.686157,0.000000
2019-05-20 04:00,297.878174,0.000000
2019-05-20 05:00,297.370972,0.000000
2019-05-20 06:00,297.451782,0.000000
2019-05-20 07:00,297.390381,4.035556
2019-05-20 08:00,298.194458,45.280000
2019-05-20 09:00,299.209351,169.191111
2019-05-20 10:00,300.870850,250.133333
2019-05-20 11:00,302.156738,326.702222
2019-05-20 12:00,303.027954,501.973333
2019-05-20 13:00,303.077271,483.217778
2019-05-20 14:00,304.865112,662.222222
2019-05-20 15:00,304.992676,570.577778
2019-05-20 16:00,301.653076,402.008889
2019-05-20 17:00,299.217773,164.853333
2019-05-20 18:00,298.607788,72.053333
2019-05-20 19:00,298.166748,11.111111
2019-05-20 20:00,297.731934,0.000000
2019-05-20 21:00,297.239624,0.000000
2019-05-20 22:00,296.930542,0.000000
2019-05-20 23:00,296.200439,0.000000
2019-05-21 00:00,296.298584,0.000000
2019-05-21 01:00,296.020996,0.000000
2019-05-21 02:00,295.901245,0.000000
2019-05-21 03:00,295.369019,0.000000
2019-05-21 04:00,295.750732,0.000000
2019-05-21 05:00,295.601440,0.000000
2019-05-21 06:00,295.889404,0.000000
2019-05-21 07:00,296.121704,9.724444
2019-05-21 08:00,297.118774,86.115556
2019-05-21 09:00,297.853271,166.151111
2019-05-21 10:00,299.650391,321.813333
2019-05-21 11:00,300.653320,385.386667
2019-05-21 12:00,301.476074,457.120000
2019-05-21 13:00,302.588379,622.862222
2019-05-21 14:00,303.414185,692.764444
2019-05-21 15:00,302.843994,536.266667
2019-05-21 16:00,303.690674,402.826667
2019-05-21 17:00,299.989014,229.226667
2019-05-21 18:00,298.752686,44.764444
2019-05-21 19:00,298.100830,14.755556
2019-05-21 20:00,297.743530,0.000000
2019-05-21 21:00,297.630371,0.000000
2019-05-21 22:00,297.403198,0.000000
2019-05-21 23:00,297.488037,0.000000
2019-05-22 00:00,297.417969,0.000000
2019-05-22 01:00,297.177856,0.000000
2019-05-22 02:00,297.029663,0.000000
2019-05-22 03:00,297.665649,0.000000
2019-05-22 04:00,297.796265,0.000000
2019-05-22 05:00,297.370728,0.000000
2019-05-22 06:00,297.661011,0.000000
2019-05-22 07:00,297.613525,5.368889
2019-05-22 08:00,298.617188,58.186667
2019-05-22 09:00,299.489868,192.053333
2019-05-22 10:00,300.753418,370.453333
2019-05-22 11:00,301.622314,331.111111
2019-05-22 12:00,303.370117,537.920000
2019-05-22 13:00,303.618774,359.715556
2019-05-22 14:00,304.149414,425.546667
2019-05-22 15:00,303.925293,287.537778
2019-05-22 16:00,304.801514,417.137778
2019-05-22 17:00,304.637939,279.537778
2019-05-22 18:00,302.237549,174.257778
2019-05-22 19:00,301.042480,31.111111
2019-05-22 20:00,299.536377,0.000000
2019-05-22 21:00,299.071045,0.000000
2019-05-22 22:00,298.795776,0.000000
2019-05-22 23:00,298.022583,0.000000
2019-05-23 00:00,297.729248,0.000000
2019-05-23 01:00,297.323853,0.000000
2019-05-23 02:00,297.270752,0.000000
2019-05-23 03:00,297.994873,0.000000
2019-05-23 04:00,298.084229,0.000000
2019-05-23 05:00,297.978027,0.000000
2019-05-23 06:00,298.173828,0.000000
2019-05-23 07:00,298.331543,2.560000
2019-05-23 08:00,298.956055,33.991111
2019-05-23 09:00,300.356812,184.533333
2019-05-23 10:00,301.206787,287.626667
2019-05-23 11:00,302.782837,354.666667
2019-05-23 12:00,303.472412,301.297778
2019-05-23 13:00,303.769043,390.577778
2019-05-23 14:00,301.585205,322.417778
2019-05-23 15:00,301.020264,369.653333
2019-05-23 16:00,300.525879,142.897778
2019-05-23 17:00,300.247070,141.155556
2019-05-23 18:00,299.510254,66.506667
2019-05-23 19:00,298.939209,24.053333
2019-05-23 20:00,298.395996,0.000000
2019-05-23 21:00,298.760254,0.000000
2019-05-23 22:00,298.153809,0.000000
2019-05-23 23:00,297.462646,0.000000
2019-05-24 00:00,297.765259,0.000000
2019-05-24 01:00,297.692505,0.000000
2019-05-24 02:00,297.297241,0.000000
2019-05-24 03:00,296.988647,0.000000
2019-05-24 04:00,296.909424,0.000000
2019-05-24 05:00,297.244873,0.000000
2019-05-24 06:00,297.497070,0.000000
2019-05-24 07:00,297.456543,5.724444
2019-05-24 08:00,297.588745,72.391111
2019-05-24 09:00,299.062012,175.840000
2019-05-24 10:00,299.776611,188.480000
2019-05-24 11:00,301.548706,368.782222
2019-05-24 12:00,300.914673,339.484444
2019-05-24 13:00,301.401611,336.035556
2019-05-24 14:00,300.269775,321.386667
2019-05-24 15:00,299.821777,382.240000
2019-05-24 16:00,299.559814,212.977778
2019-05-24 17:00,299.220459,85.208889
2019-05-24 18:00,298.807983,79.875556
2019-05-24 19:00,298.326050,13.582222
2019-05-24 20:00,297.836914,0.000000
2019-05-24 21:00,297.682495,0.000000
2019-05-24 22:00,297.008057,0.000000
2019-05-24 23:00,296.942749,0.000000
2019-05-25 00:00,296.550903,0.000000
2019-05-25 01:00,296.386597,0.000000
2019-05-25 02:00,296.416504,0.000000
2019-05-25 03:00,296.417358,0.000000
2019-05-25 04:00,296.328369,0.000000
2019-05-25 05:00,296.272949,0.000000
2019-05-25 06:00,296.024292,0.000000
2019-05-25 07:00,295.998413,1.422222
2019-05-25 08:00,296.932373,42.417778
2019-05-25 09:00,297.557861,169.635556
2019-05-25 10:00,298.310547,233.386667
2019-05-25 11:00,299.707397,390.666667
2019-05-25 12:00,300.090576,304.995556
2019-05-25 13:00,300.146484,301.564444
2019-05-25 14:00,300.158691,222.435556
2019-05-25 15:00,300.745239,302.773333
2019-05-25 16:00,300.985107,293.724444
2019-05-25 17:00,300.692383,198.844444
2019-05-25 18:00,300.234985,108.462222
2019-05-25 19:00,299.151855,23.840000
2019-05-25 20:00,298.299561,0.000000
2019-05-25 21:00,298.556152,0.000000
2019-05-25 22:00,297.445557,0.000000
2019-05-25 23:00,297.229858,0.000000
2019-05-26 00:00,297.207275,0.000000
2019-05-26 01:00,297.248779,0.000000
2019-05-26 02:00,297.618042,0.000000
2019-05-26 03:00,297.697021,0.000000
2019-05-26 04:00,297.828125,0.000000
2019-05-26 05:00,297.810059,0.000000
2019-05-26 06:00,297.539673,0.000000
2019-05-26 07:00,297.815430,5.617778
2019-05-26 08:00,298.009033,64.604444
2019-05-26 09:00,298.802979,257.653333
2019-05-26 10:00,300.952515,350.222222
2019-05-26 11:00,301.505371,373.528889
2019-05-26 12:00,302.196045,437.315556
2019-05-26 13:00,302.528198,565.724444
2019-05-26 14:00,303.094849,466.968889
2019-05-26 15:00,302.105225,368.391111
2019-05-26 16:00,300.165649,262.524444
2019-05-26 17:00,299.093872,118.293333
2019-05-26 18:00,298.236206,75.057778
2019-05-26 19:00,297.909546,23.875556
2019-05-26 20:00,297.513794,0.000000
2019-05-26 21:00,297.201416,0.000000
2019-05-26 22:00,296.852173,0.000000
2019-05-26 23:00,296.927490,0.000000
2019-05-27 00:00,296.701538,0.000000
2019-05-27 01:00,296.967896,0.000000
2019-05-27 02:00,296.011475,0.000000
2019-05-27 03:00,296.784058,0.000000
2019-05-27 04:00,296.821411,0.000000
2019-05-27 05:00,296.884521,0.000000
2019-05-27 06:00,296.996460,0.000000
2019-05-27 07:00,296.997192,6.542222
2019-05-27 08:00,297.649902,78.453333
2019-05-27 09:00,299.989258,254.542222
2019-05-27 10:00,301.664307,370.880000
2019-05-27 11:00,302.255188,362.186667
2019-05-27 12:00,302.853882,386.115556
2019-05-27 13:00,302.958130,437.493333
2019-05-27 14:00,304.388184,607.591111
2019-05-27 15:00,304.609497,540.160000
2019-05-27 16:00,302.771240,297.511111
2019-05-27 17:00,300.071533,193.120000
2019-05-27 18:00,298.265381,76.533333
2019-05-27 19:00,298.096924,21.724444
2019-05-27 20:00,297.772949,0.000000
2019-05-27 21:00,297.141479,0.000000
2019-05-27 22:00,297.484619,0.000000
2019-05-27 23:00,297.127441,0.000000
2019-05-28 00:00,296.976074,0.000000
2019-05-28 01:00,296.852417,0.000000
2019-05-28 02:00,296.937134,0.000000
2019-05-28 03:00,296.423462,0.000000
2019-05-28 04:00,296.298828,0.000000
2019-05-28 05:00,296.334351,0.000000
2019-05-28 06:00,296.170776,0.000000
2019-05-28 07:00,296.191772,1.475556
2019-05-28 08:00,296.572144,19.253333
2019-05-28 09:00,297.840210,98.044444
2019-05-28 10:00,298.442627,168.906667
2019-05-28 11:00,300.151733,344.017778
2019-05-28 12:00,300.459717,334.346667
2019-05-28 13:00,301.288452,413.102222
2019-05-28 14:00,302.351318,465.546667
2019-05-28 15:00,302.342407,375.608889
2019-05-28 16:00,303.035156,361.137778
2019-05-28 17:00,302.435059,192.728889
2019-05-28 18:00,301.732422,119.928889
2019-05-28 19:00,300.601440,41.066667
2019-05-28 20:00,299.848267,0.000000
2019-05-28 21:00,299.297119,0.000000
2019-05-28 22:00,298.744629,0.000000
2019-05-28 23:00,298.341797,0.000000
2019-05-29 00:00,298.103271,0.000000
2019-05-29 01:00,297.303833,0.000000
2019-05-29 02:00,297.042236,0.000000
2019-05-29 03:00,297.171631,0.000000
2019-05-29 04:00,297.317627,0.000000
2019-05-29 05:00,297.960205,0.000000
2019-05-29 06:00,298.012695,0.000000
2019-05-29 07:00,298.035156,6.542222
2019-05-29 08:00,298.615356,91.288889
2019-05-29 09:00,300.157227,256.622222
2019-05-29 10:00,302.089111,286.311111
2019-05-29 11:00,302.437256,304.160000
2019-05-29 12:00,303.660889,568.320000
2019-05-29 13:00,304.477783,599.840000
2019-05-29 14:00,305.038574,662.897778
2019-05-29 15:00,302.698730,443.626667
2019-05-29 16:00,300.367188,264.924444
2019-05-29 17:00,298.750000,148.622222
2019-05-29 18:00,298.131348,96.071111
2019-05-29 19:00,298.375000,18.808889
2019-05-29 20:00,297.893188,0.000000
2019-05-29 21:00,297.805176,0.000000
2019-05-29 22:00,297.552124,0.000000
2019-05-29 23:00,297.296997,0.000000
2019-05-30 00:00,296.989746,0.000000
2019-05-30 01:00,296.645386,0.000000
2019-05-30 02:00,296.933594,0.000000
2019-05-30 03:00,296.987793,0.000000
2019-05-30 04:00,297.112305,0.000000
2019-05-30 05:00,296.866089,0.000000
2019-05-30 06:00,296.767334,0.000000
2019-05-30 07:00,296.826660,5.884444
2019-05-30 08:00,297.468384,64.746667
2019-05-30 09:00,298.283081,237.706667
2019-05-30 10:00,299.828125,365.546667
2019-05-30 11:00,300.894653,401.902222
2019-05-30 12:00,303.206177,528.622222
2019-05-30 13:00,303.801025,480.515556
2019-05-30 14:00,301.706055,603.875556
2019-05-30 15:00,300.622803,338.488889
2019-05-30 16:00,300.949463,329.244444
2019-05-30 17:00,301.876221,284.604444
2019-05-30 18:00,301.334473,139.342222
2019-05-30 19:00,300.028564,36.106667
2019-05-30 20:00,299.452759,0.000000
2019-05-30 21:00,299.085571,0.000000
2019-05-30 22:00,297.425415,0.000000
2019-05-30 23:00,297.159180,0.000000
2019-05-31 00:00,296.928589,0.000000
2019-05-31 01:00,297.540405,0.000000
2019-05-31 02:00,297.169189,0.000000
2019-05-31 03:00,297.558105,0.000000
2019-05-31 04:00,297.406494,0.000000
2019-05-31 05:00,297.217285,0.000000
2019-05-31 06:00,297.275391,0.000000
2019-05-31 07:00,297.265747,5.831111
2019-05-31 08:00,298.109009,85.742222
2019-05-31 09:00,299.031128,202.737778
2019-05-31 10:00,301.260376,371.537778
2019-05-31 11:00,301.080444,380.302222
2019-05-31 12:00,302.231689,612.106667
2019-05-31 13:00,302.988647,653.137778
2019-05-31 14:00,303.057129,488.320000
2019-05-31 15:00,303.575439,434.951111
2019-05-31 16:00,300.440430,382.773333
2019-05-31 17:00,296.682373,109.457778
2019-05-31 18:00,296.337646,35.875556
2019-05-31 19:00,296.560913,9.013333
2019-05-31 20:00,296.646240,0.000000
2019-05-31 21:00,296.945679,0.000000
2019-05-31 22:00,296.646729,0.000000
2019-05-31 23:00,296.435181,0.000000
2019-06-01 00:00,296.438110,0.000000
2019-06-01 01:00,296.680664,0.000000
2019-06-01 02:00,296.491821,0.000000
2019-06-01 03:00,296.610962,0.000000
2019-06-01 04:00,296.690430,0.000000
2019-06-01 05:00,296.707031,0.000000
2019-06-01 06:00,296.647461,0.000000
2019-06-01 07:00,296.703369,4.000000
2019-06-01 08:00,296.877563,38.186667
2019-06-01 09:00,297.226562,154.915556
2019-06-01 10:00,299.287109,238.257778
2019-06-01 11:00,299.878906,377.191111
2019-06-01 12:00,300.394043,358.542222
2019-06-01 13:00,301.838501,563.040000
2019-06-01 14:00,303.015991,661.173333
2019-06-01 15:00,302.706055,510.613333
2019-06-01 16:00,301.502197,328.106667
2019-06-01 17:00,298.965576,128.106667
2019-06-01 18:00,298.462402,57.600000
2019-06-01 19:00,297.774048,23.697778
2019-06-01 20:00,297.125610,0.000000
2019-06-01 21:00,296.842651,0.000000
2019-06-01 22:00,297.609009,0.000000
2019-06-01 23:00,297.180908,0.000000
2019-06-02 00:00,297.477417,0.000000
2019-06-02 01:00,297.509399,0.000000
2019-06-02 02:00,297.466675,0.000000
2019-06-02 03:00,296.975220,0.000000
2019-06-02 04:00,296.631958,0.000000
2019-06-02 05:00,296.204468,0.000000
2019-06-02 06:00,295.988770,0.000000
2019-06-02 07:00,296.839233,9.493333
2019-06-02 08:00,297.825317,107.680000
2019-06-02 09:00,299.200684,297.688889
2019-06-02 10:00,300.802368,343.360000
2019-06-02 11:00,302.479370,527.164444
2019-06-02 12:00,302.424316,505.386667
2019-06-02 13:00,303.522217,550.613333
2019-06-02 14:00,304.236206,591.644444
2019-06-02 15:00,304.356201,487.857778
2019-06-02 16:00,303.739502,331.644444
2019-06-02 17:00,301.010010,176.586667
2019-06-02 18:00,299.117920,72.995556
2019-06-02 19:00,298.526855,22.524444
2019-06-02 20:00,297.763428,0.000000
2019-06-02 21:00,297.413086,0.000000
2019-06-02 22:00,298.274536,0.000000
2019-06-02 23:00,297.759277,0.000000
2019-06-03 00:00,297.614624,0.000000
2019-06-03 01:00,297.305542,0.000000
2019-06-03 02:00,297.116333,0.000000
2019-06-03 03:00,297.004395,0.000000
2019-06-03 04:00,296.946045,0.000000
2019-06-03 05:00,296.948730,0.000000
2019-06-03 06:00,296.991089,0.000000
2019-06-03 07:00,297.083374,2.613333
2019-06-03 08:00,297.437500,46.240000
2019-06-03 09:00,298.258789,124.426667
2019-06-03 10:00,299.140625,281.617778
2019-06-03 11:00,300.664307,353.297778
2019-06-03 12:00,301.363281,380.408889
2019-06-03 13:00,301.620361,279.591111
2019-06-03 14:00,303.080322,461.920000
2019-06-03 15:00,302.907227,384.071111
2019-06-03 16:00,302.604736,382.026667
2019-06-03 17:00,299.662354,223.751111
2019-06-03 18:00,298.075195,63.680000
2019-06-03 19:00,297.485352,10.133333
2019-06-03 20:00,297.135132,0.000000
2019-06-03 21:00,297.224731,0.000000
2019-06-03 22:00,297.163330,0.000000
2019-06-03 23:00,297.130371,0.000000
2019-06-04 00:00,297.101929,0.000000
2019-06-04 01:00,297.035767,0.000000
2019-06-04 02:00,296.689453,0.000000
2019-06-04 03:00,296.298706,0.000000
2019-06-04 04:00,296.205322,0.000000
2019-06-04 05:00,296.148560,0.000000
2019-06-04 06:00,296.317627,0.000000
2019-06-04 07:00,296.304565,6.382222
2019-06-04 08:00,297.013062,61.297778
2019-06-04 09:00,298.435059,149.120000
2019-06-04 10:00,299.128174,279.217778
2019-06-04 11:00,300.283081,313.653333
2019-06-04 12:00,300.378784,401.351111
2019-06-04 13:00,301.754761,563.484444
2019-06-04 14:00,301.321411,488.817778
2019-06-04 15:00,298.583374,207.680000
2019-06-04 16:00,298.600708,236.160000
2019-06-04 17:00,298.428101,106.631111
2019-06-04 18:00,297.625366,25.866667
2019-06-04 19:00,297.141479,9.866667
2019-06-04 20:00,297.193604,0.000000
2019-06-04 21:00,296.582031,0.000000
2019-06-04 22:00,296.458008,0.000000
2019-06-04 23:00,296.522217,0.000000
2019-06-05 00:00,295.945801,0.000000
2019-06-05 01:00,296.408813,0.000000
2019-06-05 02:00,296.411011,0.000000
2019-06-05 03:00,295.833374,0.000000
2019-06-05 04:00,295.224976,0.000000
2019-06-05 05:00,295.482666,0.000000
2019-06-05 06:00,295.545532,0.000000
2019-06-05 07:00,295.716919,3.626667
2019-06-05 08:00,296.686157,28.782222
2019-06-05 09:00,298.064697,154.293333
2019-06-05 10:00,298.999878,212.551111
2019-06-05 11:00,300.060547,311.128889
2019-06-05 12:00,300.116089,262.755556
2019-06-05 13:00,301.019897,484.373333
2019-06-05 14:00,301.717529,461.724444
2019-06-05 15:00,302.380127,583.075556
2019-06-05 16:00,298.975586,260.000000
2019-06-05 17:00,298.159424,144.835556
2019-06-05 18:00,297.291382,72.106667
2019-06-05 19:00,296.594360,15.448889
2019-06-05 20:00,296.213379,0.000000
2019-06-05 21:00,296.368042,0.000000
2019-06-05 22:00,295.929932,0.000000
2019-06-05 23:00,295.941772,0.000000
2019-06-06 00:00,295.642212,0.000000
2019-06-06 01:00,295.278076,0.000000
2019-06-06 02:00,295.001709,0.000000
2019-06-06 03:00,295.058350,0.000000
2019-06-06 04:00,294.880127,0.000000
2019-06-06 05:00,294.624512,0.000000
2019-06-06 06:00,295.276978,0.000000
2019-06-06 07:00,295.697510,7.093333
2019-06-06 08:00,296.369019,83.395556
2019-06-06 09:00,296.437378,267.200000
2019-06-06 10:00,298.326416,322.524444
2019-06-06 11:00,300.408020,350.008889
2019-06-06 12:00,301.188538,507.680000
2019-06-06 13:00,301.588867,521.351111
2019-06-06 14:00,298.633667,246.346667
2019-06-06 15:00,298.042725,223.715556
2019-06-06 16:00,299.179688,254.666667
2019-06-06 17:00,299.696777,236.551111
2019-06-06 18:00,299.638062,108.391111
2019-06-06 19:00,298.404175,30.364444
2019-06-06 20:00,297.882812,0.000000
2019-06-06 21:00,297.490601,0.000000
2019-06-06 22:00,297.048828,0.000000
2019-06-06 23:00,297.055054,0.000000
2019-06-07 00:00,296.748169,0.000000
2019-06-07 01:00,296.710815,0.000000
2019-06-07 02:00,296.869873,0.000000
2019-06-07 03:00,296.555542,0.000000
2019-06-07 04:00,296.537109,0.000000
2019-06-07 05:00,296.648926,0.000000
2019-06-07 06:00,296.753784,0.000000
2019-06-07 07:00,296.739014,4.533333
2019-06-07 08:00,297.704712,94.488889
2019-06-07 09:00,298.876465,191.591111
2019-06-07 10:00,300.756226,230.631111
2019-06-07 11:00,300.715759,308.995556
2019-06-07 12:00,302.284546,396.711111
2019-06-07 13:00,303.968628,617.813333
2019-06-07 14:00,303.655884,530.862222
2019-06-07 15:00,299.378296,341.742222
2019-06-07 16:00,298.645264,171.591111
2019-06-07 17:00,299.189697,97.635556
2019-06-07 18:00,299.603271,78.844444
2019-06-07 19:00,298.957520,14.684444
2019-06-07 20:00,298.611084,0.000000
2019-06-07 21:00,298.363770,0.000000
2019-06-07 22:00,298.593750,0.000000
2019-06-07 23:00,298.366089,0.000000
2019-06-08 00:00,298.162231,0.000000
2019-06-08 01:00,297.880005,0.000000
2019-06-08 02:00,297.581421,0.000000
2019-06-08 03:00,297.097778,0.000000
2019-06-08 04:00,297.081055,0.000000
2019-06-08 05:00,296.909424,0.000000
2019-06-08 06:00,297.134888,0.000000
2019-06-08 07:00,297.162842,6.755556
2019-06-08 08:00,297.455078,64.213333
2019-06-08 09:00,299.020020,151.982222
2019-06-08 10:00,300.631592,183.146667
2019-06-08 11:00,301.312744,195.235556
2019-06-08 12:00,301.144043,173.137778
2019-06-08 13:00,301.008911,241.973333
2019-06-08 14:00,300.905273,218.773333
2019-06-08 15:00,299.824219,297.831111
2019-06-08 16:00,299.434814,359.413333
2019-06-08 17:00,299.292480,109.280000
2019-06-08 18:00,298.474121,46.986667
2019-06-08 19:00,298.173462,20.302222
2019-06-08 20:00,298.186401,0.000000
2019-06-08 21:00,296.828125,0.000000
2019-06-08 22:00,297.180908,0.000000
2019-06-08 23:00,297.002319,0.000000
2019-06-09 00:00,296.881226,0.000000
2019-06-09 01:00,297.151489,0.000000
2019-06-09 02:00,297.009521,0.000000
2019-06-09 03:00,297.201538,0.000000
2019-06-09 04:00,297.239136,0.000000
2019-06-09 05:00,297.125244,0.000000
2019-06-09 06:00,297.157349,0.000000
2019-06-09 07:00,297.063232,3.057778
2019-06-09 08:00,297.275146,47.128889
2019-06-09 09:00,299.487915,232.906667
2019-06-09 10:00,300.670898,346.631111
2019-06-09 11:00,301.425659,475.040000
2019-06-09 12:00,302.174927,566.897778
2019-06-09 13:00,302.108765,479.626667
2019-06-09 14:00,303.459595,595.626667
2019-06-09 15:00,304.338989,636.071111
2019-06-09 16:00,300.642212,330.702222
2019-06-09 17:00,300.612305,227.822222
2019-06-09 18:00,300.391357,111.911111
2019-06-09 19:00,299.734863,34.204444
2019-06-09 20:00,298.924805,0.000000
2019-06-09 21:00,297.797119,0.000000
2019-06-09 22:00,297.572266,0.000000
2019-06-09 23:00,297.280884,0.000000
2019-06-10 00:00,297.462280,0.000000
2019-06-10 01:00,297.284546,0.000000
2019-06-10 02:00,297.097778,0.000000
2019-06-10 03:00,296.153564,0.000000
2019-06-10 04:00,296.733521,0.000000
2019-06-10 05:00,296.724121,0.000000
2019-06-10 06:00,296.716309,0.000000
2019-06-10 07:00,296.980225,6.311111
2019-06-10 08:00,297.331055,102.293333
2019-06-10 09:00,298.340942,175.253333
2019-06-10 10:00,299.026123,362.933333
2019-06-10 11:00,300.356812,525.920000
2019-06-10 12:00,301.545532,613.688889
2019-06-10 13:00,301.850098,522.613333
2019-06-10 14:00,302.224487,565.653333
2019-06-10 15:00,299.658569,162.506667
2019-06-10 16:00,299.715210,335.217778
2019-06-10 17:00,299.692017,305.724444
2019-06-10 18:00,298.371582,107.040000
2019-06-10 19:00,297.855103,29.048889
2019-06-10 20:00,298.367920,0.000000
2019-06-10 21:00,297.506836,0.000000
2019-06-10 22:00,296.717407,0.000000
2019-06-10 23:00,296.660400,0.000000
2019-06-11 00:00,296.793457,0.000000
2019-06-11 01:00,296.781250,0.000000
2019-06-11 02:00,296.592529,0.000000
2019-06-11 03:00,296.200073,0.000000
2019-06-11 04:00,296.096191,0.000000
2019-06-11 05:00,296.022461,0.000000
2019-06-11 06:00,295.660767,0.000000
2019-06-11 07:00,295.674805,3.946667
2019-06-11 08:00,296.089233,91.448889
2019-06-11 09:00,297.071411,179.893333
2019-06-11 10:00,297.999756,187.875556
2019-06-11 11:00,297.471558,198.400000
2019-06-11 12:00,298.457825,155.911111
2019-06-11 13:00,299.553406,321.724444
2019-06-11 14:00,301.107788,436.035556
2019-06-11 15:00,299.439209,325.208889
2019-06-11 16:00,297.744141,236.053333
2019-06-11 17:00,296.243774,122.720000
2019-06-11 18:00,296.357666,36.426667
2019-06-11 19:00,296.511108,5.884444
2019-06-11 20:00,296.564453,0.000000
2019-06-11 21:00,296.107544,0.000000
2019-06-11 22:00,295.869263,0.000000
2019-06-11 23:00,295.885132,0.000000
2019-06-12 00:00,296.345215,0.000000
2019-06-12 01:00,296.475830,0.000000
2019-06-12 02:00,296.360962,0.000000
2019-06-12 03:00,295.735352,0.000000
2019-06-12 04:00,295.591675,0.000000
2019-06-12 05:00,295.481323,0.000000
2019-06-12 06:00,295.462036,0.000000
2019-06-12 07:00,295.450562,0.657778
2019-06-12 08:00,295.746826,8.782222
2019-06-12 09:00,295.871216,12.853333
2019-06-12 10:00,295.876587,21.617778
2019-06-12 11:00,296.139282,33.546667
2019-06-12 12:00,295.884277,94.275556
2019-06-12 13:00,296.696777,123.840000
2019-06-12 14:00,296.363403,151.555556
2019-06-12 15:00,297.357788,171.911111
2019-06-12 16:00,298.061523,203.502222
2019-06-12 17:00,296.976074,84.942222
2019-06-12 18:00,296.940186,30.897778
2019-06-12 19:00,297.035889,14.506667
2019-06-12 20:00,296.746704,0.000000
2019-06-12 21:00,295.984741,0.000000
2019-06-12 22:00,295.635620,0.000000
2019-06-12 23:00,295.786865,0.000000
2019-06-13 00:00,296.017456,0.000000
2019-06-13 01:00,295.997559,0.000000
2019-06-13 02:00,296.045410,0.000000
2019-06-13 03:00,296.038452,0.000000
2019-06-13 04:00,296.133545,0.000000
2019-06-13 05:00,296.306763,0.000000
2019-06-13 06:00,296.374512,0.000000
2019-06-13 07:00,296.365356,3.502222
2019-06-13 08:00,296.292603,28.355556
2019-06-13 09:00,296.322510,61.546667
2019-06-13 10:00,298.738831,129.048889
2019-06-13 11:00,300.380493,492.480000
2019-06-13 12:00,299.852173,339.057778
2019-06-13 13:00,301.295288,592.088889
2019-06-13 14:00,301.335083,427.822222
2019-06-13 15:00,301.869507,369.671111
2019-06-13 16:00,300.060425,324.551111
2019-06-13 17:00,299.926392,212.711111
2019-06-13 18:00,298.916260,80.106667
2019-06-13 19:00,298.184448,33.226667
2019-06-13 20:00,297.247803,0.000000
2019-06-13 21:00,296.843994,0.000000
2019-06-13 22:00,296.624023,0.000000
2019-06-13 23:00,296.416870,0.000000
2019-06-14 00:00,296.115723,0.000000
2019-06-14 01:00,296.264404,0.000000
2019-06-14 02:00,295.867920,0.000000
2019-06-14 03:00,296.199951,0.000000
2019-06-14 04:00,296.312134,0.000000
2019-06-14 05:00,296.349731,0.000000
2019-06-14 06:00,296.306152,0.000000
2019-06-14 07:00,296.461914,4.960000
2019-06-14 08:00,297.654541,50.986667
2019-06-14 09:00,298.754517,173.386667
2019-06-14 10:00,300.194458,224.657778
2019-06-14 11:00,301.352539,424.035556
2019-06-14 12:00,302.473755,566.115556
2019-06-14 13:00,303.047852,597.955556
2019-06-14 14:00,301.916626,360.480000
2019-06-14 15:00,301.412598,406.737778
2019-06-14 16:00,300.412476,355.324444
2019-06-14 17:00,299.367676,297.404444
2019-06-14 18:00,299.170166,135.146667
2019-06-14 19:00,298.425537,28.124444
2019-06-14 20:00,297.760742,0.000000
2019-06-14 21:00,297.544922,0.000000
2019-06-14 22:00,296.971436,0.000000
2019-06-14 23:00,296.795654,0.000000
2019-06-15 00:00,296.309937,0.000000
2019-06-15 01:00,296.320557,0.000000
2019-06-15 02:00,295.658936,0.000000
2019-06-15 03:00,295.322510,0.000000
2019-06-15 04:00,295.538696,0.000000
2019-06-15 05:00,295.493164,0.000000
2019-06-15 06:00,295.512329,0.000000
2019-06-15 07:00,295.009766,1.600000
2019-06-15 08:00,295.708008,23.306667
2019-06-15 09:00,296.533203,58.328889
2019-06-15 10:00,298.326416,151.253333
2019-06-15 11:00,300.215332,302.488889
2019-06-15 12:00,299.903198,157.706667
2019-06-15 13:00,300.322021,305.422222
2019-06-15 14:00,300.191040,283.111111
2019-06-15 15:00,301.512207,412.604444
2019-06-15 16:00,302.578125,383.822222
2019-06-15 17:00,301.460449,199.875556
2019-06-15 18:00,299.416016,57.120000
2019-06-15 19:00,298.024414,17.102222
2019-06-15 20:00,297.429688,0.000000
2019-06-15 21:00,297.007690,0.000000
2019-06-15 22:00,297.291260,0.000000
2019-06-15 23:00,297.202026,0.000000
2019-06-16 00:00,296.772583,0.000000
2019-06-16 01:00,296.755005,0.000000
2019-06-16 02:00,296.775757,0.000000
2019-06-16 03:00,296.680786,0.000000
2019-06-16 04:00,296.752930,0.000000
2019-06-16 05:00,296.798096,0.000000
2019-06-16 06:00,296.785645,0.000000
2019-06-16 07:00,296.305176,6.133333
2019-06-16 08:00,297.526611,64.195556
2019-06-16 09:00,298.568848,217.760000
2019-06-16 10:00,300.594238,277.208889
2019-06-16 11:00,300.992798,340.924444
2019-06-16 12:00,301.798340,362.506667
2019-06-16 13:00,301.904907,359.111111
2019-06-16 14:00,302.277954,379.697778
2019-06-16 15:00,302.523560,355.360000
2019-06-16 16:00,303.192993,329.902222
2019-06-16 17:00,302.738525,165.528889
2019-06-16 18:00,302.599731,128.764444
2019-06-16 19:00,301.867188,39.200000
2019-06-16 20:00,299.767212,0.000000
2019-06-16 21:00,299.271240,0.000000
2019-06-16 22:00,298.297241,0.000000
2019-06-16 23:00,297.833862,0.000000
2019-06-17 00:00,298.024780,0.000000
2019-06-17 01:00,298.065552,0.000000
2019-06-17 02:00,297.933350,0.000000
2019-06-17 03:00,297.375366,0.000000
2019-06-17 04:00,297.294312,0.000000
2019-06-17 05:00,297.252808,0.000000
2019-06-17 06:00,296.975830,0.000000
2019-06-17 07:00,297.146362,2.560000
2019-06-17 08:00,297.706177,45.937778
2019-06-17 09:00,298.467407,69.013333
2019-06-17 10:00,299.837158,149.688889
2019-06-17 11:00,300.857300,272.266667
2019-06-17 12:00,301.787842,288.568889
2019-06-17 13:00,301.652344,381.280000
2019-06-17 14:00,303.040527,608.551111
2019-06-17 15:00,302.766113,464.995556
2019-06-17 16:00,301.942139,517.226667
2019-06-17 17:00,299.481567,235.217778
2019-06-17 18:00,299.293335,138.275556
2019-06-17 19:00,298.501709,24.906667
2019-06-17 20:00,297.715698,0.000000
2019-06-17 21:00,297.640015,0.000000
2019-06-17 22:00,297.983887,0.000000
2019-06-17 23:00,297.646606,0.000000
2019-06-18 00:00,297.336182,0.000000
2019-06-18 01:00,297.122314,0.000000
2019-06-18 02:00,296.578613,0.000000
2019-06-18 03:00,296.964966,0.000000
2019-06-18 04:00,297.012329,0.000000
2019-06-18 05:00,296.523071,0.000000
2019-06-18 06:00,296.868530,0.000000
2019-06-18 07:00,296.884521,4.924444
2019-06-18 08:00,297.818481,46.951111
2019-06-18 09:00,299.423462,159.484444
2019-06-18 10:00,300.805664,251.573333
2019-06-18 11:00,301.189941,322.880000
2019-06-18 12:00,302.548096,444.746667
2019-06-18 13:00,303.375977,473.297778
2019-06-18 14:00,302.102905,364.142222
2019-06-18 15:00,303.676636,531.626667
2019-06-18 16:00,304.917236,540.177778
2019-06-18 17:00,303.336548,333.137778
2019-06-18 18:00,301.278931,197.013333
2019-06-18 19:00,298.901245,38.328889
2019-06-18 20:00,298.284302,0.000000
2019-06-18 21:00,298.106934,0.000000
2019-06-18 22:00,297.587036,0.000000
2019-06-18 23:00,296.855469,0.000000
2019-06-19 00:00,297.010132,0.000000
2019-06-19 01:00,297.470703,0.000000
2019-06-19 02:00,297.264404,0.000000
2019-06-19 03:00,297.139038,0.000000
2019-06-19 04:00,297.129395,0.000000
2019-06-19 05:00,296.994019,0.000000
2019-06-19 06:00,297.804443,0.000000
2019-06-19 07:00,297.563965,7.324444
2019-06-19 08:00,298.613525,92.160000
2019-06-19 09:00,299.526794,163.360000
2019-06-19 10:00,300.729614,336.977778
2019-06-19 11:00,300.847656,409.280000
2019-06-19 12:00,302.148804,553.866667
2019-06-19 13:00,303.784058,676.622222
2019-06-19 14:00,304.294678,655.822222
2019-06-19 15:00,303.417603,362.720000
2019-06-19 16:00,300.904297,279.111111
2019-06-19 17:00,300.638550,195.964444
2019-06-19 18:00,301.024902,117.688889
2019-06-19 19:00,300.577271,20.426667
2019-06-19 20:00,299.741211,0.000000
2019-06-19 21:00,299.200806,0.000000
2019-06-19 22:00,298.560913,0.000000
2019-06-19 23:00,298.100342,0.000000
2019-06-20 00:00,297.640015,0.000000
2019-06-20 01:00,297.539551,0.000000
2019-06-20 02:00,297.759155,0.000000
2019-06-20 03:00,297.479248,0.000000
2019-06-20 04:00,297.391846,0.000000
2019-06-20 05:00,297.302246,0.000000
2019-06-20 06:00,297.078979,0.000000
2019-06-20 07:00,296.882690,8.035556
2019-06-20 08:00,298.262695,97.084444
2019-06-20 09:00,299.279053,190.151111
2019-06-20 10:00,301.201416,224.835556
2019-06-20 11:00,301.505981,297.653333
2019-06-20 12:00,302.155762,302.488889
2019-06-20 13:00,302.738892,433.368889
2019-06-20 14:00,303.233032,570.595556
2019-06-20 15:00,304.027222,620.728889
2019-06-20 16:00,302.492920,476.906667
2019-06-20 17:00,298.166382,321.653333
2019-06-20 18:00,297.575439,46.062222
2019-06-20 19:00,297.734253,23.502222
2019-06-20 20:00,296.856567,0.000000
2019-06-20 21:00,296.828735,0.000000
2019-06-20 22:00,297.954102,0.000000
2019-06-20 23:00,297.753296,0.000000
2019-06-21 00:00,297.803467,0.000000
2019-06-21 01:00,297.669434,0.000000
2019-06-21 02:00,297.032227,0.000000
2019-06-21 03:00,297.055664,0.000000
2019-06-21 04:00,297.099365,0.000000
2019-06-21 05:00,297.062988,0.000000
2019-06-21 06:00,297.775146,0.000000
2019-06-21 07:00,297.773315,1.742222
2019-06-21 08:00,297.774170,18.880000
2019-06-21 09:00,297.820923,42.186667
2019-06-21 10:00,298.487671,83.911111
2019-06-21 11:00,298.674561,135.857778
2019-06-21 12:00,299.502441,185.742222
2019-06-21 13:00,300.414795,323.502222
2019-06-21 14:00,301.785889,428.533333
2019-06-21 15:00,302.843628,455.360000
2019-06-21 16:00,302.561890,278.382222
2019-06-21 17:00,300.596558,328.871111
2019-06-21 18:00,299.675903,132.355556
2019-06-21 19:00,299.148926,6.986667
2019-06-21 20:00,297.961914,0.000000
2019-06-21 21:00,297.879272,0.000000
2019-06-21 22:00,296.645020,0.000000
2019-06-21 23:00,296.384766,0.000000
2019-06-22 00:00,296.335938,0.000000
2019-06-22 01:00,296.462646,0.000000
2019-06-22 02:00,296.169434,0.000000
2019-06-22 03:00,296.481812,0.000000
2019-06-22 04:00,296.727295,0.000000
2019-06-22 05:00,296.458618,0.000000
2019-06-22 06:00,296.484375,0.000000
2019-06-22 07:00,296.528442,4.337778
2019-06-22 08:00,298.189941,63.537778
2019-06-22 09:00,299.022583,177.582222
2019-06-22 10:00,299.879272,265.031111
2019-06-22 11:00,301.077148,363.964444
2019-06-22 12:00,300.925781,282.168889
2019-06-22 13:00,302.093018,467.057778
2019-06-22 14:00,303.296997,654.382222
2019-06-22 15:00,303.539429,448.960000
2019-06-22 16:00,300.230347,260.035556
2019-06-22 17:00,299.145874,200.337778
2019-06-22 18:00,298.881226,72.782222
2019-06-22 19:00,299.024536,12.817778
2019-06-22 20:00,297.494629,0.000000
2019-06-22 21:00,297.064819,0.000000
2019-06-22 22:00,295.524536,0.000000
2019-06-22 23:00,295.492065,0.000000
2019-06-23 00:00,295.485596,0.000000
2019-06-23 01:00,295.607910,0.000000
2019-06-23 02:00,295.836548,0.000000
2019-06-23 03:00,295.836426,0.000000
2019-06-23 04:00,296.030273,0.000000
2019-06-23 05:00,295.945801,0.000000
2019-06-23 06:00,295.908569,0.000000
2019-06-23 07:00,295.862427,5.706667
2019-06-23 08:00,296.333618,72.995556
2019-06-23 09:00,296.813721,134.080000
2019-06-23 10:00,298.205261,182.986667
2019-06-23 11:00,298.962891,255.217778
2019-06-23 12:00,299.847290,294.186667
2019-06-23 13:00,300.426636,250.791111
2019-06-23 14:00,300.454590,271.573333
2019-06-23 15:00,298.498291,571.022222
2019-06-23 16:00,297.974365,225.564444
2019-06-23 17:00,297.645508,124.088889
2019-06-23 18:00,297.812744,61.475556
2019-06-23 19:00,297.196167,35.004444
2019-06-23 20:00,296.751953,0.000000
2019-06-23 21:00,296.851074,0.000000
2019-06-23 22:00,296.601074,0.000000
2019-06-23 23:00,296.628296,0.000000
2019-06-24 00:00,296.429199,0.000000
2019-06-24 01:00,296.499390,0.000000
2019-06-24 02:00,296.419189,0.000000
2019-06-24 03:00,296.527222,0.000000
2019-06-24 04:00,296.502319,0.000000
2019-06-24 05:00,296.421509,0.000000
2019-06-24 06:00,296.364990,0.000000
2019-06-24 07:00,296.263184,3.520000
2019-06-24 08:00,296.581787,39.804444
2019-06-24 09:00,296.107788,109.440000
2019-06-24 10:00,299.402527,233.031111
2019-06-24 11:00,300.210510,247.591111
2019-06-24 12:00,301.178101,539.946667
2019-06-24 13:00,302.707520,657.280000
2019-06-24 14:00,302.911499,551.111111
2019-06-24 15:00,303.733276,538.168889
2019-06-24 16:00,301.243652,317.955556
2019-06-24 17:00,298.634277,236.853333
2019-06-24 18:00,297.747437,59.146667
2019-06-24 19:00,297.395630,17.066667
2019-06-24 20:00,297.211182,0.000000
2019-06-24 21:00,297.222900,0.000000
2019-06-24 22:00,296.498291,0.000000
2019-06-24 23:00,296.855713,0.000000
2019-06-25 00:00,296.948364,0.000000
2019-06-25 01:00,297.121582,0.000000
2019-06-25 02:00,296.712769,0.000000
2019-06-25 03:00,296.395752,0.000000
2019-06-25 04:00,296.373535,0.000000
2019-06-25 05:00,296.190430,0.000000
2019-06-25 06:00,296.696045,0.000000
2019-06-25 07:00,296.937500,7.537778
2019-06-25 08:00,297.687256,80.888889
2019-06-25 09:00,298.990234,230.506667
2019-06-25 10:00,300.379639,245.120000
2019-06-25 11:00,301.715698,381.546667
2019-06-25 12:00,301.856934,374.595556
2019-06-25 13:00,301.769409,457.813333
2019-06-25 14:00,302.152832,635.875556
2019-06-25 15:00,303.614502,583.857778
2019-06-25 16:00,301.860596,440.248889
2019-06-25 17:00,297.991943,148.071111
2019-06-25 18:00,297.417236,45.137778
2019-06-25 19:00,297.158691,8.586667
2019-06-25 20:00,296.639282,0.000000
2019-06-25 21:00,296.741455,0.000000
2019-06-25 22:00,296.012451,0.000000
2019-06-25 23:00,295.903076,0.000000
2019-06-26 00:00,296.530151,0.000000
2019-06-26 01:00,296.952393,0.000000
2019-06-26 02:00,296.732178,0.000000
2019-06-26 03:00,296.767212,0.000000
2019-06-26 04:00,296.733154,0.000000
2019-06-26 05:00,296.545166,0.000000
2019-06-26 06:00,297.269165,0.000000
2019-06-26 07:00,297.313965,3.555556
2019-06-26 08:00,297.905396,33.280000
2019-06-26 09:00,298.635864,152.871111
2019-06-26 10:00,299.139893,150.648889
2019-06-26 11:00,300.047852,327.893333
2019-06-26 12:00,299.382202,389.848889
2019-06-26 13:00,300.119507,581.760000
2019-06-26 14:00,300.680786,496.106667
2019-06-26 15:00,299.893799,389.795556
2019-06-26 16:00,298.052490,295.182222
2019-06-26 17:00,298.074707,157.635556
2019-06-26 18:00,298.143066,29.137778
2019-06-26 19:00,298.360840,16.871111
2019-06-26 20:00,297.671509,0.017778
2019-06-26 21:00,297.437744,0.000000
2019-06-26 22:00,297.824341,0.000000
2019-06-26 23:00,297.885376,0.000000
2019-06-27 00:00,298.110474,0.000000
2019-06-27 01:00,297.705200,0.000000
2019-06-27 02:00,296.927490,0.000000
2019-06-27 03:00,296.528809,0.000000
2019-06-27 04:00,296.311768,0.000000
2019-06-27 05:00,296.119263,0.000000
2019-06-27 06:00,296.037720,0.000000
2019-06-27 07:00,295.794434,6.346667
2019-06-27 08:00,297.076172,110.168889
2019-06-27 09:00,298.657593,264.071111
2019-06-27 10:00,301.081299,365.422222
2019-06-27 11:00,301.900635,386.844444
2019-06-27 12:00,302.274170,397.742222
2019-06-27 13:00,302.213867,461.457778
2019-06-27 14:00,302.173950,452.746667
2019-06-27 15:00,302.153076,407.235556
2019-06-27 16:00,301.766479,398.542222
2019-06-27 17:00,300.997070,265.120000
2019-06-27 18:00,298.842529,108.924444
2019-06-27 19:00,298.575073,21.440000
2019-06-27 20:00,298.247986,0.017778
2019-06-27 21:00,298.007935,0.000000
2019-06-27 22:00,296.991699,0.000000
2019-06-27 23:00,296.326904,0.000000
2019-06-28 00:00,296.313599,0.000000
2019-06-28 01:00,296.121094,0.000000
2019-06-28 02:00,295.594482,0.000000
2019-06-28 03:00,295.534790,0.000000
2019-06-28 04:00,295.532959,0.000000
2019-06-28 05:00,295.888184,0.000000
2019-06-28 06:00,295.725220,0.000000
2019-06-28 07:00,296.114624,2.737778
2019-06-28 08:00,297.056274,68.800000
2019-06-28 09:00,298.062744,142.346667
2019-06-28 10:00,299.810547,286.435556
2019-06-28 11:00,300.970093,416.657778
2019-06-28 12:00,301.365723,390.577778
2019-06-28 13:00,302.268311,549.706667
2019-06-28 14:00,302.826538,619.466667
2019-06-28 15:00,298.478760,199.288889
2019-06-28 16:00,298.142700,249.582222
2019-06-28 17:00,297.253296,82.400000
2019-06-28 18:00,297.537476,65.173333
2019-06-28 19:00,297.703735,7.520000
2019-06-28 20:00,297.693115,0.000000
2019-06-28 21:00,297.724976,0.000000
2019-06-28 22:00,296.708740,0.000000
2019-06-28 23:00,296.745728,0.000000
2019-06-29 00:00,296.958496,0.000000
2019-06-29 01:00,297.038818,0.000000
2019-06-29 02:00,296.813477,0.000000
2019-06-29 03:00,296.709106,0.000000
2019-06-29 04:00,296.541260,0.000000
2019-06-29 05:00,296.323730,0.000000
2019-06-29 06:00,296.599487,0.000000
2019-06-29 07:00,296.481445,1.546667
2019-06-29 08:00,296.271851,25.191111
2019-06-29 09:00,296.045776,110.862222
2019-06-29 10:00,297.626099,158.311111
2019-06-29 11:00,298.060303,183.004444
2019-06-29 12:00,298.164429,252.835556
2019-06-29 13:00,298.442383,310.613333
2019-06-29 14:00,299.242676,377.173333
2019-06-29 15:00,297.876709,275.502222
2019-06-29 16:00,296.845825,155.964444
2019-06-29 17:00,297.083862,47.626667
2019-06-29 18:00,296.749512,21.262222
2019-06-29 19:00,297.282715,4.533333
2019-06-29 20:00,296.635498,0.000000
2019-06-29 21:00,296.729248,0.000000
2019-06-29 22:00,296.550537,0.000000
2019-06-29 23:00,296.644653,0.000000
2019-06-30 00:00,296.241821,0.000000
2019-06-30 01:00,296.344360,0.000000
2019-06-30 02:00,296.367188,0.000000
2019-06-30 03:00,296.388794,0.000000
2019-06-30 04:00,296.415405,0.000000
2019-06-30 05:00,296.218750,0.000000
2019-06-30 06:00,296.738403,0.000000
2019-06-30 07:00,296.801025,3.360000
2019-06-30 08:00,297.510864,50.257778
2019-06-30 09:00,297.708496,163.040000
2019-06-30 10:00,299.331055,370.275556
2019-06-30 11:00,299.600281,391.288889
2019-06-30 12:00,300.715820,507.875556
2019-06-30 13:00,302.378052,532.568889
2019-06-30 14:00,302.696167,450.008889
2019-06-30 15:00,299.572510,229.013333
2019-06-30 16:00,299.182739,265.866667
2019-06-30 17:00,299.327759,262.968889
2019-06-30 18:00,298.715820,106.008889
2019-06-30 19:00,298.098999,46.400000
2019-06-30 20:00,296.889160,0.035556
2019-06-30 21:00,296.603638,0.000000
2019-06-30 22:00,297.135376,0.000000
2019-06-30 23:00,297.038330,0.000000
2019-07-01 00:00,296.842529,0.000000
2019-07-01 01:00,296.595459,0.000000
2019-07-01 02:00,296.233276,0.000000
2019-07-01 03:00,295.611084,0.000000
2019-07-01 04:00,295.003174,0.000000
2019-07-01 05:00,295.126953,0.000000
2019-07-01 06:00,295.075073,0.000000
2019-07-01 07:00,295.925171,6.382222
2019-07-01 08:00,297.699097,112.888889
2019-07-01 09:00,298.410583,282.488889
2019-07-01 10:00,301.161560,381.635556
2019-07-01 11:00,300.933716,372.284444
2019-07-01 12:00,301.775757,538.222222
2019-07-01 13:00,302.051270,645.457778
2019-07-01 14:00,302.471924,633.635556
2019-07-01 15:00,304.292725,591.982222
2019-07-01 16:00,304.236938,477.724444
2019-07-01 17:00,303.878906,337.493333
2019-07-01 18:00,301.278076,219.466667
2019-07-01 19:00,300.162476,53.226667
2019-07-01 20:00,298.541382,0.053333
2019-07-01 21:00,298.056152,0.000000
2019-07-01 22:00,297.212036,0.000000
2019-07-01 23:00,296.963013,0.000000
2019-07-02 00:00,296.617920,0.000000
2019-07-02 01:00,297.167603,0.000000
2019-07-02 02:00,296.961304,0.000000
2019-07-02 03:00,297.166382,0.000000
2019-07-02 04:00,297.373169,0.000000
2019-07-02 05:00,297.534302,0.000000
2019-07-02 06:00,297.675659,0.000000
2019-07-02 07:00,297.164917,3.146667
2019-07-02 08:00,298.241943,35.804444
2019-07-02 09:00,298.879150,127.502222
2019-07-02 10:00,300.222900,238.026667
2019-07-02 11:00,300.379883,311.448889
2019-07-02 12:00,302.275391,611.413333
2019-07-02 13:00,303.203735,588.711111
2019-07-02 14:00,304.032471,496.284444
2019-07-02 15:00,302.429932,364.177778
2019-07-02 16:00,303.119873,433.368889
2019-07-02 17:00,300.963135,389.937778
2019-07-02 18:00,298.386475,131.928889
2019-07-02 19:00,298.111816,33.084444
2019-07-02 20:00,297.397217,0.035556
2019-07-02 21:00,297.280273,0.000000
2019-07-02 22:00,298.159668,0.000000
2019-07-02 23:00,297.826416,0.000000
2019-07-03 00:00,298.002563,0.000000
2019-07-03 01:00,297.808960,0.000000
2019-07-03 02:00,297.618164,0.000000
2019-07-03 03:00,297.049927,0.000000
2019-07-03 04:00,297.080078,0.000000
2019-07-03 05:00,297.057983,0.000000
2019-07-03 06:00,297.106323,0.000000
2019-07-03 07:00,297.109253,0.995556
2019-07-03 08:00,297.435425,17.404444
2019-07-03 09:00,298.510498,72.533333
2019-07-03 10:00,298.332397,107.342222
2019-07-03 11:00,299.202759,170.062222
2019-07-03 12:00,302.014648,457.511111
2019-07-03 13:00,302.803955,497.102222
2019-07-03 14:00,304.284424,655.093333
2019-07-03 15:00,304.512939,542.168889
2019-07-03 16:00,303.125977,373.635556
2019-07-03 17:00,300.739380,292.942222
2019-07-03 18:00,299.673950,105.706667
2019-07-03 19:00,299.801758,28.675556
2019-07-03 20:00,299.389404,0.053333
2019-07-03 21:00,298.139771,0.000000
2019-07-03 22:00,297.682983,0.000000
2019-07-03 23:00,297.687012,0.000000
2019-07-04 00:00,297.794434,0.000000
2019-07-04 01:00,297.789917,0.000000
2019-07-04 02:00,297.277222,0.000000
2019-07-04 03:00,297.857300,0.000000
2019-07-04 04:00,297.744141,0.000000
2019-07-04 05:00,297.874146,0.000000
2019-07-04 06:00,297.958374,0.000000
2019-07-04 07:00,297.982666,2.488889
2019-07-04 08:00,298.225586,45.848889
2019-07-04 09:00,297.773071,94.897778
2019-07-04 10:00,299.400391,234.240000
2019-07-04 11:00,300.340210,310.524444
2019-07-04 12:00,299.671875,238.933333
2019-07-04 13:00,301.294067,544.728889
2019-07-04 14:00,301.751831,470.577778
2019-07-04 15:00,301.600464,501.493333
2019-07-04 16:00,298.298096,350.933333
2019-07-04 17:00,298.212769,174.755556
2019-07-04 18:00,298.294556,157.137778
2019-07-04 19:00,298.381714,41.564444
2019-07-04 20:00,297.425659,0.053333
2019-07-04 21:00,297.711670,0.000000
2019-07-04 22:00,296.391113,0.000000
2019-07-04 23:00,296.381226,0.000000
2019-07-05 00:00,296.408447,0.000000
2019-07-05 01:00,296.162842,0.000000
2019-07-05 02:00,295.496582,0.000000
2019-07-05 03:00,295.552734,0.000000
2019-07-05 04:00,296.029541,0.000000
2019-07-05 05:00,296.041016,0.000000
2019-07-05 06:00,296.099243,0.000000
2019-07-05 07:00,295.980957,0.568889
2019-07-05 08:00,296.140137,10.453333
2019-07-05 09:00,296.113647,21.795556
2019-07-05 10:00,297.282227,45.244444
2019-07-05 11:00,297.078979,32.853333
2019-07-05 12:00,297.316406,121.511111
2019-07-05 13:00,297.179199,120.711111
2019-07-05 14:00,297.886353,171.911111
2019-07-05 15:00,298.626709,185.297778
2019-07-05 16:00,299.093750,228.924444
2019-07-05 17:00,298.556641,149.297778
2019-07-05 18:00,298.158691,72.871111
2019-07-05 19:00,297.060303,10.666667
2019-07-05 20:00,296.556519,0.053333
2019-07-05 21:00,295.778931,0.000000
2019-07-05 22:00,296.008667,0.000000
2019-07-05 23:00,295.995483,0.000000
2019-07-06 00:00,296.051270,0.000000
2019-07-06 01:00,296.033569,0.000000
2019-07-06 02:00,296.085205,0.000000
2019-07-06 03:00,295.953247,0.000000
2019-07-06 04:00,295.796875,0.000000
2019-07-06 05:00,295.883057,0.000000
2019-07-06 06:00,295.892578,0.000000
2019-07-06 07:00,295.834106,0.657778
2019-07-06 08:00,295.773682,8.728889
2019-07-06 09:00,295.635498,27.200000
2019-07-06 10:00,295.771606,86.737778
2019-07-06 11:00,295.433105,71.413333
2019-07-06 12:00,297.531494,137.813333
2019-07-06 13:00,297.719238,168.302222
2019-07-06 14:00,298.091064,121.902222
2019-07-06 15:00,298.445068,193.813333
2019-07-06 16:00,299.112915,259.057778
2019-07-06 17:00,299.102783,225.742222
2019-07-06 18:00,298.177490,136.088889
2019-07-06 19:00,297.621338,43.164444
2019-07-06 20:00,296.794434,0.071111
2019-07-06 21:00,296.481079,0.000000
2019-07-06 22:00,296.153687,0.000000
2019-07-06 23:00,296.353394,0.000000
2019-07-07 00:00,296.438721,0.000000
2019-07-07 01:00,296.468140,0.000000
2019-07-07 02:00,296.581787,0.000000
2019-07-07 03:00,296.170410,0.000000
2019-07-07 04:00,296.182739,0.000000
2019-07-07 05:00,295.981323,0.000000
2019-07-07 06:00,295.839111,0.000000
2019-07-07 07:00,295.749878,4.106667
2019-07-07 08:00,296.374634,50.506667
2019-07-07 09:00,296.390503,172.871111
2019-07-07 10:00,298.014893,321.937778
2019-07-07 11:00,298.344727,277.511111
2019-07-07 12:00,299.887024,507.591111
2019-07-07 13:00,300.965820,553.048889
2019-07-07 14:00,301.355713,508.533333
2019-07-07 15:00,301.094849,404.675556
2019-07-07 16:00,297.720093,366.737778
2019-07-07 17:00,297.436768,194.044444
2019-07-07 18:00,297.192871,65.031111
2019-07-07 19:00,297.246826,29.991111
2019-07-07 20:00,297.182373,0.071111
2019-07-07 21:00,296.927490,0.000000
2019-07-07 22:00,296.236328,0.000000
2019-07-07 23:00,296.226440,0.000000
2019-07-08 00:00,296.208374,0.000000
2019-07-08 01:00,295.859619,0.000000
2019-07-08 02:00,295.451660,0.000000
2019-07-08 03:00,295.286743,0.000000
2019-07-08 04:00,295.258789,0.000000
2019-07-08 05:00,295.115845,0.000000
2019-07-08 06:00,295.280029,0.000000
2019-07-08 07:00,295.542725,0.782222
2019-07-08 08:00,295.819214,9.884444
2019-07-08 09:00,296.419189,31.804444
2019-07-08 10:00,297.090454,88.355556
2019-07-08 11:00,297.103882,111.680000
2019-07-08 12:00,297.004028,132.586667
2019-07-08 13:00,296.614258,125.208889
2019-07-08 14:00,298.380615,454.648889
2019-07-08 15:00,297.655518,90.880000
2019-07-08 16:00,298.589111,338.595556
2019-07-08 17:00,298.632935,273.688889
2019-07-08 18:00,298.352783,144.053333
2019-07-08 19:00,297.640869,41.600000
2019-07-08 20:00,296.328491,0.071111
2019-07-08 21:00,296.069946,0.000000
2019-07-08 22:00,295.945923,0.000000
2019-07-08 23:00,295.908081,0.000000
2019-07-09 00:00,295.933350,0.000000
2019-07-09 01:00,295.956421,0.000000
2019-07-09 02:00,295.926636,0.000000
2019-07-09 03:00,295.786377,0.000000
2019-07-09 04:00,295.498291,0.000000
2019-07-09 05:00,295.341064,0.000000
2019-07-09 06:00,295.485107,0.000000
2019-07-09 07:00,295.318970,2.524444
2019-07-09 08:00,295.386597,38.293333
2019-07-09 09:00,295.730469,110.488889
2019-07-09 10:00,299.175781,292.853333
2019-07-09 11:00,298.533936,206.097778
2019-07-09 12:00,299.235840,345.600000
2019-07-09 13:00,300.039551,558.631111
2019-07-09 14:00,298.859619,276.817778
2019-07-09 15:00,297.287231,331.591111
2019-07-09 16:00,297.875244,346.862222
2019-07-09 17:00,297.957642,113.955556
2019-07-09 18:00,297.994995,139.911111
2019-07-09 19:00,297.564087,12.195556
2019-07-09 20:00,296.585938,0.053333
2019-07-09 21:00,296.732910,0.000000
2019-07-09 22:00,295.433228,0.000000
2019-07-09 23:00,294.739014,0.000000
2019-07-10 00:00,294.338745,0.000000
2019-07-10 01:00,294.841553,0.000000
2019-07-10 02:00,294.582886,0.000000
2019-07-10 03:00,294.976318,0.000000
2019-07-10 04:00,294.790527,0.000000
2019-07-10 05:00,294.700439,0.000000
2019-07-10 06:00,295.051147,0.000000
2019-07-10 07:00,294.594971,4.835556
2019-07-10 08:00,296.720337,66.471111
2019-07-10 09:00,297.572754,130.417778
2019-07-10 10:00,297.793335,272.053333
2019-07-10 11:00,298.853271,346.400000
2019-07-10 12:00,299.953979,505.048889
2019-07-10 13:00,301.425781,501.368889
2019-07-10 14:00,298.142334,202.791111
2019-07-10 15:00,297.296631,352.764444
2019-07-10 16:00,298.215332,245.546667
2019-07-10 17:00,298.698242,182.364444
2019-07-10 18:00,297.444336,121.031111
2019-07-10 19:00,297.233154,5.653333
2019-07-10 20:00,296.634888,0.035556
2019-07-10 21:00,295.887695,0.000000
2019-07-10 22:00,295.071167,0.000000
2019-07-10 23:00,295.213257,0.000000
2019-07-11 00:00,295.601074,0.000000
2019-07-11 01:00,295.622559,0.000000
2019-07-11 02:00,295.653320,0.000000
2019-07-11 03:00,295.501221,0.000000
2019-07-11 04:00,295.580566,0.000000
2019-07-11 05:00,295.682861,0.000000
2019-07-11 06:00,295.885132,0.000000
2019-07-11 07:00,295.823730,2.186667
2019-07-11 08:00,296.156616,33.475556
2019-07-11 09:00,296.396484,55.715556
2019-07-11 10:00,297.615112,134.346667
2019-07-11 11:00,297.729004,229.422222
2019-07-11 12:00,299.259399,540.035556
2019-07-11 13:00,299.320557,457.440000
2019-07-11 14:00,300.047974,511.217778
2019-07-11 15:00,296.907715,245.848889
2019-07-11 16:00,297.933350,402.133333
2019-07-11 17:00,299.062622,278.488889
2019-07-11 18:00,298.287476,144.675556
2019-07-11 19:00,297.425049,39.324444
2019-07-11 20:00,296.612549,0.071111
2019-07-11 21:00,296.328613,0.000000
2019-07-11 22:00,295.959229,0.000000
2019-07-11 23:00,295.715820,0.000000
2019-07-12 00:00,295.403076,0.000000
2019-07-12 01:00,295.258667,0.000000
2019-07-12 02:00,295.260498,0.000000
2019-07-12 03:00,295.234741,0.000000
2019-07-12 04:00,295.624268,0.000000
2019-07-12 05:00,295.674316,0.000000
2019-07-12 06:00,295.431274,0.000000
2019-07-12 07:00,295.412842,3.982222
2019-07-12 08:00,297.035767,67.484444
2019-07-12 09:00,298.112427,151.040000
2019-07-12 10:00,298.880615,322.275556
2019-07-12 11:00,300.038452,472.960000
2019-07-12 12:00,300.362305,563.431111
2019-07-12 13:00,300.868652,446.702222
2019-07-12 14:00,303.040527,598.115556
2019-07-12 15:00,303.323853,534.684444
2019-07-12 16:00,299.102051,188.195556
2019-07-12 17:00,297.238647,110.631111
2019-07-12 18:00,297.864868,152.711111
2019-07-12 19:00,297.603882,45.564444
2019-07-12 20:00,296.859863,0.053333
2019-07-12 21:00,296.708374,0.000000
2019-07-12 22:00,296.104980,0.000000
2019-07-12 23:00,296.352905,0.000000
2019-07-13 00:00,296.331299,0.000000
2019-07-13 01:00,296.069946,0.000000
2019-07-13 02:00,295.981079,0.000000
2019-07-13 03:00,295.734375,0.000000
2019-07-13 04:00,295.743286,0.000000
2019-07-13 05:00,295.716187,0.000000
2019-07-13 06:00,295.679810,0.000000
2019-07-13 07:00,295.700317,3.804444
2019-07-13 08:00,295.428589,47.946667
2019-07-13 09:00,295.434692,51.040000
2019-07-13 10:00,295.955200,78.826667
2019-07-13 11:00,296.236450,114.328889
2019-07-13 12:00,296.695923,144.942222
2019-07-13 13:00,296.813477,161.706667
2019-07-13 14:00,298.858154,367.093333
2019-07-13 15:00,301.416260,538.986667
2019-07-13 16:00,300.383057,513.635556
2019-07-13 17:00,297.835815,268.746667
2019-07-13 18:00,297.799316,133.386667
2019-07-13 19:00,297.628052,30.844444
2019-07-13 20:00,296.717041,0.035556
2019-07-13 21:00,296.499268,0.000000
2019-07-13 22:00,295.645264,0.000000
2019-07-13 23:00,295.493408,0.000000
2019-07-14 00:00,295.358154,0.000000
2019-07-14 01:00,295.319336,0.000000
2019-07-14 02:00,295.535767,0.000000
2019-07-14 03:00,295.411499,0.000000
2019-07-14 04:00,295.527832,0.000000
2019-07-14 05:00,295.628540,0.000000
2019-07-14 06:00,295.806152,0.000000
2019-07-14 07:00,295.496582,1.528889
2019-07-14 08:00,296.207275,42.222222
2019-07-14 09:00,297.274170,208.906667
2019-07-14 10:00,299.231812,304.053333
2019-07-14 11:00,299.007202,283.484444
2019-07-14 12:00,299.672241,335.608889
2019-07-14 13:00,300.511841,443.662222
2019-07-14 14:00,302.392578,558.862222
2019-07-14 15:00,301.887329,364.444444
2019-07-14 16:00,301.670776,382.986667
2019-07-14 17:00,299.174805,156.373333
2019-07-14 18:00,298.414429,157.582222
2019-07-14 19:00,297.736206,41.137778
2019-07-14 20:00,296.361328,0.053333
2019-07-14 21:00,296.336304,0.000000
2019-07-14 22:00,296.588745,0.000000
2019-07-14 23:00,296.645142,0.000000
2019-07-15 00:00,296.391724,0.000000
2019-07-15 01:00,296.323120,0.000000
2019-07-15 02:00,296.101929,0.000000
2019-07-15 03:00,296.100342,0.000000
2019-07-15 04:00,296.061035,0.000000
2019-07-15 05:00,295.741943,0.000000
2019-07-15 06:00,296.460693,0.000000
2019-07-15 07:00,296.365967,1.226667
2019-07-15 08:00,296.481567,14.346667
2019-07-15 09:00,296.784424,46.666667
2019-07-15 10:00,298.661133,79.786667
2019-07-15 11:00,298.662842,166.560000
2019-07-15 12:00,299.215942,283.040000
2019-07-15 13:00,300.056885,516.888889
2019-07-15 14:00,301.349487,591.608889
2019-07-15 15:00,302.196533,584.408889
2019-07-15 16:00,302.218872,503.200000
2019-07-15 17:00,299.407715,369.297778
2019-07-15 18:00,298.001587,166.151111
2019-07-15 19:00,298.073242,33.937778
2019-07-15 20:00,297.174438,0.071111
2019-07-15 21:00,296.976929,0.000000
2019-07-15 22:00,295.531250,0.000000
2019-07-15 23:00,295.878296,0.000000
2019-07-16 00:00,295.987671,0.000000
2019-07-16 01:00,295.993286,0.000000
2019-07-16 02:00,296.129272,0.000000
2019-07-16 03:00,295.782837,0.000000
2019-07-16 04:00,295.837036,0.000000
2019-07-16 05:00,295.896484,0.000000
2019-07-16 06:00,296.181885,0.000000
2019-07-16 07:00,296.193237,1.493333
2019-07-16 08:00,296.531616,27.520000
2019-07-16 09:00,297.077271,165.831111
2019-07-16 10:00,299.553711,272.035556
2019-07-16 11:00,300.164185,401.440000
2019-07-16 12:00,300.069702,393.902222
2019-07-16 13:00,300.983887,499.111111
2019-07-16 14:00,300.335083,410.044444
2019-07-16 15:00,300.846924,342.595556
2019-07-16 16:00,299.719360,238.737778
2019-07-16 17:00,297.465576,138.293333
2019-07-16 18:00,296.941650,64.462222
2019-07-16 19:00,296.482666,13.937778
2019-07-16 20:00,296.366699,0.017778
2019-07-16 21:00,296.578735,0.000000
2019-07-16 22:00,296.412964,0.000000
2019-07-16 23:00,296.493774,0.000000
2019-07-17 00:00,296.596802,0.000000
2019-07-17 01:00,296.670288,0.000000
2019-07-17 02:00,296.643921,0.000000
2019-07-17 03:00,296.557129,0.000000
2019-07-17 04:00,296.454590,0.000000
2019-07-17 05:00,296.333374,0.000000
2019-07-17 06:00,296.516113,0.000000
2019-07-17 07:00,296.180786,0.888889
2019-07-17 08:00,296.658936,22.968889
2019-07-17 09:00,296.864014,57.973333
2019-07-17 10:00,298.115601,124.053333
2019-07-17 11:00,298.202637,147.662222
2019-07-17 12:00,298.336670,171.360000
2019-07-17 13:00,297.692871,163.484444
2019-07-17 14:00,299.213379,457.173333
2019-07-17 15:00,300.082031,385.422222
2019-07-17 16:00,298.365967,288.568889
2019-07-17 17:00,297.994995,256.373333
2019-07-17 18:00,297.490723,104.977778
2019-07-17 19:00,297.097046,8.622222
2019-07-17 20:00,296.318481,0.017778
2019-07-17 21:00,296.312744,0.000000
2019-07-17 22:00,296.469238,0.000000
2019-07-17 23:00,296.055664,0.000000
2019-07-18 00:00,295.967896,0.000000
2019-07-18 01:00,295.995850,0.000000
2019-07-18 02:00,295.224609,0.000000
2019-07-18 03:00,295.305176,0.000000
2019-07-18 04:00,295.358887,0.000000
2019-07-18 05:00,295.422485,0.000000
2019-07-18 06:00,295.524658,0.000000
2019-07-18 07:00,295.389771,3.004444
2019-07-18 08:00,296.142090,55.235556
2019-07-18 09:00,296.774536,161.262222
2019-07-18 10:00,298.819458,241.493333
2019-07-18 11:00,299.807739,360.355556
2019-07-18 12:00,300.916626,480.444444
2019-07-18 13:00,301.351196,415.893333
2019-07-18 14:00,301.606567,523.360000
2019-07-18 15:00,302.266724,389.048889
2019-07-18 16:00,299.211548,142.560000
2019-07-18 17:00,297.362671,152.853333
2019-07-18 18:00,297.005127,37.208889
2019-07-18 19:00,297.248047,14.968889
2019-07-18 20:00,296.756836,0.088889
2019-07-18 21:00,296.300171,0.000000
2019-07-18 22:00,296.415771,0.000000
2019-07-18 23:00,296.560425,0.000000
2019-07-19 00:00,296.543335,0.000000
2019-07-19 01:00,296.484375,0.000000
2019-07-19 02:00,296.247192,0.000000
2019-07-19 03:00,296.059937,0.000000
2019-07-19 04:00,295.655518,0.000000
2019-07-19 05:00,295.364502,0.000000
2019-07-19 06:00,295.745605,0.000000
2019-07-19 07:00,295.926270,4.195556
2019-07-19 08:00,296.896851,70.986667
2019-07-19 09:00,296.750122,113.653333
2019-07-19 10:00,299.054199,185.813333
2019-07-19 11:00,300.199707,269.600000
2019-07-19 12:00,300.663330,261.457778
2019-07-19 13:00,301.573975,506.257778
2019-07-19 14:00,300.475708,459.733333
2019-07-19 15:00,299.200806,490.008889
2019-07-19 16:00,298.167114,116.337778
2019-07-19 17:00,299.274048,315.146667
2019-07-19 18:00,298.524414,181.155556
2019-07-19 19:00,297.450195,26.577778
2019-07-19 20:00,296.442871,0.053333
2019-07-19 21:00,296.528442,0.000000
2019-07-19 22:00,296.163208,0.000000
2019-07-19 23:00,295.841553,0.000000
2019-07-20 00:00,295.774414,0.000000
2019-07-20 01:00,295.697754,0.000000
2019-07-20 02:00,295.780029,0.000000
2019-07-20 03:00,295.414917,0.000000
2019-07-20 04:00,295.406250,0.000000
2019-07-20 05:00,295.268311,0.000000
2019-07-20 06:00,295.384033,0.000000
2019-07-20 07:00,295.359863,0.711111
2019-07-20 08:00,295.244873,15.395556
2019-07-20 09:00,295.179443,54.897778
2019-07-20 10:00,296.805298,90.346667
2019-07-20 11:00,297.510986,216.231111
2019-07-20 12:00,298.815796,260.231111
2019-07-20 13:00,297.828735,189.297778
2019-07-20 14:00,298.963745,302.755556
2019-07-20 15:00,299.720947,381.315556
2019-07-20 16:00,297.182983,184.906667
2019-07-20 17:00,296.856812,42.382222
2019-07-20 18:00,296.590820,67.751111
2019-07-20 19:00,296.536499,32.568889
2019-07-20 20:00,296.534180,0.053333
2019-07-20 21:00,296.285034,0.000000
2019-07-20 22:00,296.721802,0.000000
2019-07-20 23:00,296.649536,0.000000
2019-07-21 00:00,295.700317,0.000000
2019-07-21 01:00,296.230835,0.000000
2019-07-21 02:00,296.098999,0.000000
2019-07-21 03:00,295.747314,0.000000
2019-07-21 04:00,295.681030,0.000000
2019-07-21 05:00,295.391968,0.000000
2019-07-21 06:00,295.688721,0.000000
2019-07-21 07:00,295.796753,1.920000
2019-07-21 08:00,297.211182,48.320000
2019-07-21 09:00,298.627563,170.417778
2019-07-21 10:00,299.619873,271.591111
2019-07-21 11:00,300.619995,435.751111
2019-07-21 12:00,300.365967,256.835556
2019-07-21 13:00,300.810425,416.000000
2019-07-21 14:00,300.580811,383.875556
2019-07-21 15:00,300.274658,314.364444
2019-07-21 16:00,300.894897,349.351111
2019-07-21 17:00,298.940674,251.751111
2019-07-21 18:00,297.144897,116.977778
2019-07-21 19:00,296.949585,36.248889
2019-07-21 20:00,296.408447,0.071111
2019-07-21 21:00,296.304443,0.000000
2019-07-21 22:00,296.078613,0.000000
2019-07-21 23:00,296.040527,0.000000
2019-07-22 00:00,296.207031,0.000000
2019-07-22 01:00,296.151855,0.000000
2019-07-22 02:00,295.444336,0.000000
2019-07-22 03:00,295.212646,0.000000
2019-07-22 04:00,295.035645,0.000000
2019-07-22 05:00,294.738892,0.000000
2019-07-22 06:00,295.361328,0.000000
2019-07-22 07:00,295.581665,1.475556
2019-07-22 08:00,295.656494,22.044444
2019-07-22 09:00,295.783325,55.413333
2019-07-22 10:00,297.130127,71.591111
2019-07-22 11:00,296.624390,122.880000
2019-07-22 12:00,297.456665,188.017778
2019-07-22 13:00,299.027954,355.128889
2019-07-22 14:00,300.787598,422.417778
2019-07-22 15:00,302.226685,545.084444
2019-07-22 16:00,302.904541,468.408889
2019-07-22 17:00,301.021362,206.115556
2019-07-22 18:00,298.831421,130.737778
2019-07-22 19:00,297.461243,21.902222
2019-07-22 20:00,296.779541,0.017778
2019-07-22 21:00,296.588379,0.000000
2019-07-22 22:00,296.041382,0.000000
2019-07-22 23:00,296.120850,0.000000
2019-07-23 00:00,296.032104,0.000000
2019-07-23 01:00,296.027588,0.000000
2019-07-23 02:00,295.722290,0.000000
2019-07-23 03:00,295.706055,0.000000
2019-07-23 04:00,295.699585,0.000000
2019-07-23 05:00,295.754761,0.000000
2019-07-23 06:00,296.796631,0.000000
2019-07-23 07:00,296.864746,0.800000
2019-07-23 08:00,297.377686,11.395556
2019-07-23 09:00,298.173706,22.773333
2019-07-23 10:00,298.149414,31.466667
2019-07-23 11:00,298.455078,114.791111
2019-07-23 12:00,299.693359,271.946667
2019-07-23 13:00,299.326050,259.520000
2019-07-23 14:00,299.572388,294.186667
2019-07-23 15:00,297.352539,183.946667
2019-07-23 16:00,296.543335,70.364444
2019-07-23 17:00,296.308228,46.613333
2019-07-23 18:00,296.521362,41.973333
2019-07-23 19:00,296.266113,8.888889
2019-07-23 20:00,296.318970,0.035556
2019-07-23 21:00,296.358276,0.000000
2019-07-23 22:00,295.715820,0.000000
2019-07-23 23:00,295.807861,0.000000
2019-07-24 00:00,295.831909,0.000000
2019-07-24 01:00,295.688354,0.000000
2019-07-24 02:00,295.600098,0.000000
2019-07-24 03:00,295.481934,0.000000
2019-07-24 04:00,295.507935,0.000000
2019-07-24 05:00,295.099243,0.000000
2019-07-24 06:00,295.161499,0.000000
2019-07-24 07:00,295.131348,2.648889
2019-07-24 08:00,296.311157,65.280000
2019-07-24 09:00,297.320435,254.631111
2019-07-24 10:00,298.198730,311.395556
2019-07-24 11:00,298.399170,197.848889
2019-07-24 12:00,297.444824,160.320000
2019-07-24 13:00,297.788940,233.582222
2019-07-24 14:00,297.872681,133.031111
2019-07-24 15:00,299.785400,371.768889
2019-07-24 16:00,299.745117,330.080000
2019-07-24 17:00,298.333496,262.631111
2019-07-24 18:00,297.489868,138.862222
2019-07-24 19:00,296.963989,14.862222
2019-07-24 20:00,296.471436,0.035556
2019-07-24 21:00,296.382202,0.000000
2019-07-24 22:00,295.396118,0.000000
2019-07-24 23:00,295.664062,0.000000
2019-07-25 00:00,295.684570,0.000000
2019-07-25 01:00,295.489014,0.000000
2019-07-25 02:00,295.645752,0.000000
2019-07-25 03:00,295.875977,0.000000
2019-07-25 04:00,296.311157,0.000000
2019-07-25 05:00,296.106079,0.000000
2019-07-25 06:00,296.011230,0.000000
2019-07-25 07:00,295.694824,1.884444
2019-07-25 08:00,296.738037,38.631111
2019-07-25 09:00,297.341675,125.813333
2019-07-25 10:00,299.921387,422.506667
2019-07-25 11:00,300.428955,377.671111
2019-07-25 12:00,301.542358,528.782222
2019-07-25 13:00,298.919189,182.560000
2019-07-25 14:00,300.070801,471.751111
2019-07-25 15:00,299.529419,219.928889
2019-07-25 16:00,301.260498,331.928889
2019-07-25 17:00,298.545288,365.848889
2019-07-25 18:00,297.581177,149.457778
2019-07-25 19:00,297.122681,31.786667
2019-07-25 20:00,295.955933,0.035556
2019-07-25 21:00,296.188354,0.000000
2019-07-25 22:00,296.662964,0.000000
2019-07-25 23:00,296.507080,0.000000
2019-07-26 00:00,296.570068,0.000000
2019-07-26 01:00,296.514038,0.000000
2019-07-26 02:00,295.784424,0.000000
2019-07-26 03:00,295.135254,0.000000
2019-07-26 04:00,294.675171,0.000000
2019-07-26 05:00,294.367554,0.000000
2019-07-26 06:00,294.766724,0.000000
2019-07-26 07:00,295.407471,2.133333
2019-07-26 08:00,296.911255,33.120000
2019-07-26 09:00,297.732788,135.431111
2019-07-26 10:00,299.052734,196.426667
2019-07-26 11:00,300.824707,444.817778
2019-07-26 12:00,302.087158,628.142222
2019-07-26 13:00,303.145874,692.924444
2019-07-26 14:00,302.949463,636.960000
2019-07-26 15:00,303.558594,418.222222
2019-07-26 16:00,300.534546,406.951111
2019-07-26 17:00,299.450195,221.351111
2019-07-26 18:00,299.694580,157.760000
2019-07-26 19:00,299.343750,42.862222
2019-07-26 20:00,297.778809,0.053333
2019-07-26 21:00,297.451172,0.000000
2019-07-26 22:00,296.944092,0.000000
2019-07-26 23:00,296.853271,0.000000
2019-07-27 00:00,297.072021,0.000000
2019-07-27 01:00,296.991333,0.000000
2019-07-27 02:00,296.457153,0.000000
2019-07-27 03:00,296.085693,0.000000
2019-07-27 04:00,296.130615,0.000000
2019-07-27 05:00,296.002563,0.000000
2019-07-27 06:00,296.050293,0.000000
2019-07-27 07:00,295.930420,0.586667
2019-07-27 08:00,295.316528,11.804444
2019-07-27 09:00,295.624146,52.444444
2019-07-27 10:00,296.456665,229.777778
2019-07-27 11:00,298.484863,475.964444
2019-07-27 12:00,299.758301,412.586667
2019-07-27 13:00,301.854492,645.884444
2019-07-27 14:00,302.657593,602.631111
2019-07-27 15:00,298.496460,179.057778
2019-07-27 16:00,299.322388,380.071111
2019-07-27 17:00,297.751587,96.622222
2019-07-27 18:00,297.760254,105.440000
2019-07-27 19:00,296.891724,9.102222
2019-07-27 20:00,296.453979,0.017778
2019-07-27 21:00,296.434448,0.000000
2019-07-27 22:00,296.382568,0.000000
2019-07-27 23:00,296.208252,0.000000
2019-07-28 00:00,296.374268,0.000000
2019-07-28 01:00,296.218994,0.000000
2019-07-28 02:00,296.125244,0.000000
2019-07-28 03:00,296.189941,0.000000
2019-07-28 04:00,296.218384,0.000000
2019-07-28 05:00,295.959106,0.000000
2019-07-28 06:00,295.923950,0.000000
2019-07-28 07:00,295.881104,0.817778
2019-07-28 08:00,296.548828,25.066667
2019-07-28 09:00,296.713135,49.866667
2019-07-28 10:00,298.349487,52.764444
2019-07-28 11:00,298.149902,68.373333
2019-07-28 12:00,298.138550,113.688889
2019-07-28 13:00,298.189453,247.253333
2019-07-28 14:00,298.836670,161.155556
2019-07-28 15:00,300.716797,339.715556
2019-07-28 16:00,300.026489,222.720000
2019-07-28 17:00,298.199341,104.284444
2019-07-28 18:00,298.073364,29.706667
2019-07-28 19:00,297.615845,10.311111
2019-07-28 20:00,296.125366,0.017778
2019-07-28 21:00,296.074707,0.000000
2019-07-28 22:00,296.070312,0.000000
2019-07-28 23:00,296.224243,0.000000
2019-07-29 00:00,295.860596,0.000000
2019-07-29 01:00,295.708008,0.000000
2019-07-29 02:00,295.534180,0.000000
2019-07-29 03:00,295.680542,0.000000
2019-07-29 04:00,295.796387,0.000000
2019-07-29 05:00,295.659790,0.000000
2019-07-29 06:00,296.587402,0.000000
2019-07-29 07:00,296.558594,2.346667
2019-07-29 08:00,296.630127,59.324444
2019-07-29 09:00,297.452881,179.271111
2019-07-29 10:00,298.956482,308.017778
2019-07-29 11:00,299.993347,455.004444
2019-07-29 12:00,300.746155,530.577778
2019-07-29 13:00,301.736511,566.631111
2019-07-29 14:00,302.589844,601.208889
2019-07-29 15:00,302.307983,598.417778
2019-07-29 16:00,301.601807,422.400000
2019-07-29 17:00,297.935181,342.257778
2019-07-29 18:00,296.552246,109.191111
2019-07-29 19:00,296.976074,22.417778
2019-07-29 20:00,296.821533,0.035556
2019-07-29 21:00,296.057373,0.000000
2019-07-29 22:00,295.321167,0.000000
2019-07-29 23:00,295.698853,0.000000
2019-07-30 00:00,295.978271,0.000000
2019-07-30 01:00,295.831177,0.000000
2019-07-30 02:00,296.013550,0.000000
2019-07-30 03:00,296.000610,0.000000
2019-07-30 04:00,295.826172,0.000000
2019-07-30 05:00,295.595337,0.000000
2019-07-30 06:00,295.416016,0.000000
2019-07-30 07:00,295.505005,0.995556
2019-07-30 08:00,296.140381,38.755556
2019-07-30 09:00,296.455688,155.840000
2019-07-30 10:00,299.158447,235.075556
2019-07-30 11:00,299.936523,384.195556
2019-07-30 12:00,300.316895,378.044444
2019-07-30 13:00,300.529541,414.880000
2019-07-30 14:00,300.566528,449.048889
2019-07-30 15:00,299.515137,327.946667
2019-07-30 16:00,298.429688,103.235556
2019-07-30 17:00,297.965942,76.711111
2019-07-30 18:00,296.967285,71.182222
2019-07-30 19:00,296.465332,9.120000
2019-07-30 20:00,296.208252,0.000000
2019-07-30 21:00,296.146606,0.000000
2019-07-30 22:00,296.251953,0.000000
2019-07-30 23:00,296.285400,0.000000
2019-07-31 00:00,296.282837,0.000000
2019-07-31 01:00,296.242432,0.000000
2019-07-31 02:00,296.181030,0.000000
2019-07-31 03:00,296.015991,0.000000
2019-07-31 04:00,295.977661,0.000000
2019-07-31 05:00,295.736572,0.000000
2019-07-31 06:00,295.828491,0.000000
2019-07-31 07:00,295.872192,2.346667
2019-07-31 08:00,296.555054,50.880000
2019-07-31 09:00,296.740601,176.213333
2019-07-31 10:00,299.572205,280.640000
2019-07-31 11:00,299.915894,273.315556
2019-07-31 12:00,297.985474,203.235556
2019-07-31 13:00,298.295410,275.822222
2019-07-31 14:00,299.162354,363.608889
2019-07-31 15:00,300.113159,463.253333
2019-07-31 16:00,297.787842,131.626667
2019-07-31 17:00,297.593750,212.871111
2019-07-31 18:00,296.876343,51.840000
2019-07-31 19:00,296.822754,9.635556
2019-07-31 20:00,296.619629,0.000000
2019-07-31 21:00,296.248291,0.000000
2019-07-31 22:00,296.086426,0.000000
2019-07-31 23:00,296.054688,0.000000
2019-08-01 00:00,296.002075,0.000000
2019-08-01 01:00,296.326660,0.000000
2019-08-01 02:00,295.823120,0.000000
2019-08-01 03:00,295.843018,0.000000
2019-08-01 04:00,295.852539,0.000000
2019-08-01 05:00,295.303955,0.000000
2019-08-01 06:00,294.956787,0.000000
2019-08-01 07:00,295.360962,2.524444
2019-08-01 08:00,296.015503,35.768889
2019-08-01 09:00,296.466797,95.324444
2019-08-01 10:00,299.327026,279.342222
2019-08-01 11:00,300.018860,380.408889
2019-08-01 12:00,300.423828,441.280000
2019-08-01 13:00,301.268433,601.760000
2019-08-01 14:00,301.714600,597.866667
2019-08-01 15:00,298.566162,238.151111
2019-08-01 16:00,300.488770,407.964444
2019-08-01 17:00,300.834229,321.795556
2019-08-01 18:00,299.061768,107.484444
2019-08-01 19:00,298.467041,6.311111
2019-08-01 20:00,297.776733,0.000000
2019-08-01 21:00,296.885864,0.000000
2019-08-01 22:00,296.064087,0.000000
2019-08-01 23:00,296.033325,0.000000
2019-08-02 00:00,296.253418,0.000000
2019-08-02 01:00,296.169434,0.000000
2019-08-02 02:00,296.217896,0.000000
2019-08-02 03:00,295.573486,0.000000
2019-08-02 04:00,295.609253,0.000000
2019-08-02 05:00,295.553101,0.000000
2019-08-02 06:00,296.243530,0.000000
2019-08-02 07:00,296.175171,1.635556
2019-08-02 08:00,296.875732,32.764444
2019-08-02 09:00,297.072266,39.537778
2019-08-02 10:00,296.960083,75.111111
2019-08-02 11:00,296.775879,80.977778
2019-08-02 12:00,296.949219,102.613333
2019-08-02 13:00,296.461426,137.955556
2019-08-02 14:00,296.869019,152.124444
2019-08-02 15:00,295.988403,163.306667
2019-08-02 16:00,296.103149,56.373333
2019-08-02 17:00,296.612671,43.466667
2019-08-02 18:00,296.551270,13.066667
2019-08-02 19:00,296.552856,4.035556
2019-08-02 20:00,295.954712,0.000000
2019-08-02 21:00,295.993042,0.000000
2019-08-02 22:00,295.725342,0.000000
2019-08-02 23:00,295.881470,0.000000
2019-08-03 00:00,295.898682,0.000000
2019-08-03 01:00,295.894653,0.000000
2019-08-03 02:00,295.829712,0.000000
2019-08-03 03:00,295.878418,0.000000
2019-08-03 04:00,295.979248,0.000000
2019-08-03 05:00,295.786255,0.000000
2019-08-03 06:00,295.736084,0.000000
2019-08-03 07:00,295.688843,0.391111
2019-08-03 08:00,295.495483,8.942222
2019-08-03 09:00,295.431519,46.293333
2019-08-03 10:00,297.268127,130.186667
2019-08-03 11:00,297.962769,234.791111
2019-08-03 12:00,298.334229,289.102222
2019-08-03 13:00,298.742188,346.648889
2019-08-03 14:00,297.521240,374.133333
2019-08-03 15:00,298.468750,408.142222
2019-08-03 16:00,296.576904,141.315556
2019-08-03 17:00,297.645508,175.200000
2019-08-03 18:00,297.748535,142.151111
2019-08-03 19:00,297.148071,19.431111
2019-08-03 20:00,296.557739,0.017778
2019-08-03 21:00,296.263794,0.000000
2019-08-03 22:00,295.843262,0.000000
2019-08-03 23:00,295.814575,0.000000
2019-08-04 00:00,295.803955,0.000000
2019-08-04 01:00,295.883545,0.000000
2019-08-04 02:00,295.755737,0.000000
2019-08-04 03:00,295.864746,0.000000
2019-08-04 04:00,295.702881,0.000000
2019-08-04 05:00,295.552856,0.000000
2019-08-04 06:00,295.829346,0.000000
2019-08-04 07:00,295.923340,1.973333
2019-08-04 08:00,295.648560,45.244444
2019-08-04 09:00,295.803223,119.573333
2019-08-04 10:00,297.963867,338.808889
2019-08-04 11:00,298.516968,435.644444
2019-08-04 12:00,298.424683,273.973333
2019-08-04 13:00,298.745728,373.066667
2019-08-04 14:00,299.633545,362.915556
2019-08-04 15:00,300.465820,418.880000
2019-08-04 16:00,300.910278,447.893333
2019-08-04 17:00,300.131470,269.226667
2019-08-04 18:00,297.953979,148.337778
2019-08-04 19:00,297.051392,29.084444
2019-08-04 20:00,296.660400,0.000000
2019-08-04 21:00,296.370850,0.000000
2019-08-04 22:00,295.892212,0.000000
2019-08-04 23:00,295.884155,0.000000
2019-08-05 00:00,295.839111,0.000000
2019-08-05 01:00,295.856445,0.000000
2019-08-05 02:00,295.888672,0.000000
2019-08-05 03:00,295.927124,0.000000
2019-08-05 04:00,295.855347,0.000000
2019-08-05 05:00,295.826782,0.000000
2019-08-05 06:00,296.297485,0.000000
2019-08-05 07:00,296.161499,1.120000
2019-08-05 08:00,296.591064,16.817778
2019-08-05 09:00,296.597290,44.533333
2019-08-05 10:00,297.683716,177.564444
2019-08-05 11:00,298.484985,268.320000
2019-08-05 12:00,300.265381,539.146667
2019-08-05 13:00,300.875610,575.360000
2019-08-05 14:00,302.044312,643.253333
2019-08-05 15:00,301.558594,167.306667
2019-08-05 16:00,299.257812,482.026667
2019-08-05 17:00,298.222778,321.848889
2019-08-05 18:00,297.530640,46.026667
2019-08-05 19:00,297.658691,28.977778
2019-08-05 20:00,296.749878,0.000000
2019-08-05 21:00,296.076416,0.000000
2019-08-05 22:00,296.426025,0.000000
2019-08-05 23:00,296.135132,0.000000
2019-08-06 00:00,295.982910,0.000000
2019-08-06 01:00,295.884033,0.000000
2019-08-06 02:00,296.256714,0.000000
2019-08-06 03:00,296.259644,0.000000
2019-08-06 04:00,296.158936,0.000000
2019-08-06 05:00,296.149414,0.000000
2019-08-06 06:00,296.317139,0.000000
2019-08-06 07:00,296.248413,0.266667
2019-08-06 08:00,296.255981,14.364444
2019-08-06 09:00,295.575928,54.435556
2019-08-06 10:00,296.550293,60.195556
2019-08-06 11:00,296.202148,95.928889
2019-08-06 12:00,296.436279,132.693333
2019-08-06 13:00,296.611328,143.057778
2019-08-06 14:00,295.679932,90.808889
2019-08-06 15:00,295.835938,66.666667
2019-08-06 16:00,295.568237,82.915556
2019-08-06 17:00,295.590942,98.097778
2019-08-06 18:00,295.529175,44.480000
2019-08-06 19:00,295.667603,5.208889
2019-08-06 20:00,295.496094,0.000000
2019-08-06 21:00,295.316895,0.000000
2019-08-06 22:00,295.311279,0.000000
2019-08-06 23:00,295.265869,0.000000
2019-08-07 00:00,295.225220,0.000000
2019-08-07 01:00,295.181396,0.000000
2019-08-07 02:00,295.123413,0.000000
2019-08-07 03:00,295.127686,0.000000
2019-08-07 04:00,295.178955,0.000000
2019-08-07 05:00,295.190430,0.000000
2019-08-07 06:00,294.924438,0.000000
2019-08-07 07:00,294.868774,1.973333
2019-08-07 08:00,295.411499,56.586667
2019-08-07 09:00,295.974731,147.395556
2019-08-07 10:00,297.607544,266.186667
2019-08-07 11:00,298.707886,343.555556
2019-08-07 12:00,299.493652,350.506667
2019-08-07 13:00,299.489136,363.395556
2019-08-07 14:00,301.095337,588.675556
2019-08-07 15:00,300.356689,442.844444
2019-08-07 16:00,299.667725,345.404444
2019-08-07 17:00,297.727539,202.115556
2019-08-07 18:00,297.566406,75.520000
2019-08-07 19:00,297.400513,6.684444
2019-08-07 20:00,296.370483,0.000000
2019-08-07 21:00,296.406982,0.000000
2019-08-07 22:00,295.936523,0.000000
2019-08-07 23:00,295.911987,0.000000
2019-08-08 00:00,296.012573,0.000000
2019-08-08 01:00,295.926147,0.000000
2019-08-08 02:00,295.863159,0.000000
2019-08-08 03:00,295.654907,0.000000
2019-08-08 04:00,296.054443,0.000000
2019-08-08 05:00,296.063599,0.000000
2019-08-08 06:00,296.553589,0.000000
2019-08-08 07:00,296.438843,0.533333
2019-08-08 08:00,295.910156,16.515556
2019-08-08 09:00,296.716064,41.066667
2019-08-08 10:00,297.307983,84.160000
2019-08-08 11:00,296.755615,130.720000
2019-08-08 12:00,296.800659,150.471111
2019-08-08 13:00,297.301392,209.582222
2019-08-08 14:00,297.148926,112.355556
2019-08-08 15:00,297.513672,165.262222
2019-08-08 16:00,299.031006,265.671111
2019-08-08 17:00,299.769531,390.186667
2019-08-08 18:00,299.522705,169.813333
2019-08-08 19:00,298.783813,52.284444
2019-08-08 20:00,297.524048,0.000000
2019-08-08 21:00,296.256348,0.000000
2019-08-08 22:00,295.447754,0.000000
2019-08-08 23:00,295.681396,0.000000
2019-08-09 00:00,295.289795,0.000000
2019-08-09 01:00,295.096802,0.000000
2019-08-09 02:00,295.197876,0.000000
2019-08-09 03:00,295.656738,0.000000
2019-08-09 04:00,295.628906,0.000000
2019-08-09 05:00,295.798340,0.000000
2019-08-09 06:00,295.707397,0.000000
2019-08-09 07:00,295.907104,1.955556
2019-08-09 08:00,296.468140,69.173333
2019-08-09 09:00,297.343506,124.800000
2019-08-09 10:00,299.596558,275.893333
2019-08-09 11:00,299.907715,280.960000
2019-08-09 12:00,300.187988,331.360000
2019-08-09 13:00,297.995239,204.817778
2019-08-09 14:00,296.958618,163.626667
2019-08-09 15:00,298.094971,269.137778
2019-08-09 16:00,297.847290,100.853333
2019-08-09 17:00,297.564697,171.893333
2019-08-09 18:00,296.665100,124.817778
2019-08-09 19:00,296.427734,5.760000
2019-08-09 20:00,295.568970,0.000000
2019-08-09 21:00,295.765503,0.000000
2019-08-09 22:00,295.567627,0.000000
2019-08-09 23:00,295.643433,0.000000
2019-08-10 00:00,295.595581,0.000000
2019-08-10 01:00,295.667725,0.000000
2019-08-10 02:00,295.577637,0.000000
2019-08-10 03:00,295.595947,0.000000
2019-08-10 04:00,295.654785,0.000000
2019-08-10 05:00,295.652344,0.000000
2019-08-10 06:00,295.894043,0.000000
2019-08-10 07:00,295.816895,0.515556
2019-08-10 08:00,295.908936,10.133333
2019-08-10 09:00,296.392822,40.871111
2019-08-10 10:00,296.307617,46.755556
2019-08-10 11:00,296.175171,38.240000
2019-08-10 12:00,296.116211,89.137778
2019-08-10 13:00,296.507324,121.742222
2019-08-10 14:00,296.212891,93.013333
2019-08-10 15:00,295.255981,62.791111
2019-08-10 16:00,295.463867,62.933333
2019-08-10 17:00,295.824341,35.893333
2019-08-10 18:00,295.850098,11.786667
2019-08-10 19:00,296.043579,3.235556
2019-08-10 20:00,295.974854,0.000000
2019-08-10 21:00,295.844238,0.000000
2019-08-10 22:00,295.769165,0.000000
2019-08-10 23:00,295.809814,0.000000
2019-08-11 00:00,295.796021,0.000000
2019-08-11 01:00,295.873901,0.000000
2019-08-11 02:00,295.424683,0.000000
2019-08-11 03:00,295.510986,0.000000
2019-08-11 04:00,295.469116,0.000000
2019-08-11 05:00,295.439087,0.000000
2019-08-11 06:00,295.613525,0.000000
2019-08-11 07:00,295.402100,0.302222
2019-08-11 08:00,295.786987,9.902222
2019-08-11 09:00,295.754395,37.440000
2019-08-11 10:00,296.903503,77.404444
2019-08-11 11:00,297.646240,185.155556
2019-08-11 12:00,296.734741,100.195556
2019-08-11 13:00,296.274414,135.733333
2019-08-11 14:00,296.864746,201.315556
2019-08-11 15:00,297.524536,150.933333
2019-08-11 16:00,297.483032,158.115556
2019-08-11 17:00,297.514282,180.657778
2019-08-11 18:00,296.937378,113.440000
2019-08-11 19:00,296.454956,39.431111
2019-08-11 20:00,296.152344,0.000000
2019-08-11 21:00,295.615723,0.000000
2019-08-11 22:00,295.915161,0.000000
2019-08-11 23:00,295.979614,0.000000
2019-08-12 00:00,295.409058,0.000000
2019-08-12 01:00,295.232788,0.000000
2019-08-12 02:00,295.011230,0.000000
2019-08-12 03:00,294.519531,0.000000
2019-08-12 04:00,294.853760,0.000000
2019-08-12 05:00,295.351929,0.000000
2019-08-12 06:00,295.624634,0.000000
2019-08-12 07:00,295.458130,1.724444
2019-08-12 08:00,296.170166,48.124444
2019-08-12 09:00,296.870972,136.604444
2019-08-12 10:00,298.343872,207.591111
2019-08-12 11:00,298.384644,239.644444
2019-08-12 12:00,299.308350,324.302222
2019-08-12 13:00,300.251343,429.582222
2019-08-12 14:00,301.676147,517.973333
2019-08-12 15:00,301.729614,342.240000
2019-08-12 16:00,302.178589,331.715556
2019-08-12 17:00,298.606934,217.635556
2019-08-12 18:00,297.698730,114.240000
2019-08-12 19:00,297.500610,32.888889
2019-08-12 20:00,297.338745,0.000000
2019-08-12 21:00,296.713745,0.000000
2019-08-12 22:00,295.884277,0.000000
2019-08-12 23:00,295.818970,0.000000
2019-08-13 00:00,295.818359,0.000000
2019-08-13 01:00,295.751099,0.000000
2019-08-13 02:00,295.495117,0.000000
2019-08-13 03:00,295.531128,0.000000
2019-08-13 04:00,295.528687,0.000000
2019-08-13 05:00,295.828735,0.000000
2019-08-13 06:00,296.327393,0.000000
2019-08-13 07:00,296.507935,0.942222
2019-08-13 08:00,296.954468,37.226667
2019-08-13 09:00,297.091064,176.906667
2019-08-13 10:00,299.435303,300.995556
2019-08-13 11:00,301.035522,532.746667
2019-08-13 12:00,301.564453,574.240000
2019-08-13 13:00,301.710327,614.720000
2019-08-13 14:00,302.501099,588.693333
2019-08-13 15:00,303.002563,571.680000
2019-08-13 16:00,302.903687,390.915556
2019-08-13 17:00,299.555908,199.982222
2019-08-13 18:00,299.344360,106.293333
2019-08-13 19:00,298.785156,29.137778
2019-08-13 20:00,298.212402,0.000000
2019-08-13 21:00,297.171875,0.000000
2019-08-13 22:00,296.101318,0.000000
2019-08-13 23:00,296.000488,0.000000
2019-08-14 00:00,296.056641,0.000000
2019-08-14 01:00,296.116699,0.000000
2019-08-14 02:00,296.231934,0.000000
2019-08-14 03:00,296.141113,0.000000
2019-08-14 04:00,296.078857,0.000000
2019-08-14 05:00,296.161499,0.000000
2019-08-14 06:00,296.798950,0.000000
2019-08-14 07:00,296.856201,0.711111
2019-08-14 08:00,297.324097,19.164444
2019-08-14 09:00,297.474976,52.533333
2019-08-14 10:00,298.859009,140.640000
2019-08-14 11:00,299.108032,148.088889
2019-08-14 12:00,300.187866,273.084444
2019-08-14 13:00,300.678955,288.195556
2019-08-14 14:00,298.280640,284.533333
2019-08-14 15:00,298.817505,343.413333
2019-08-14 16:00,301.164307,427.360000
2019-08-14 17:00,300.708252,291.573333
2019-08-14 18:00,300.005981,119.733333
2019-08-14 19:00,298.910034,29.173333
2019-08-14 20:00,298.984375,0.000000
2019-08-14 21:00,298.399170,0.000000
2019-08-14 22:00,296.630493,0.000000
2019-08-14 23:00,296.813965,0.000000
2019-08-15 00:00,296.937256,0.000000
2019-08-15 01:00,296.942383,0.000000
2019-08-15 02:00,295.871948,0.000000
2019-08-15 03:00,295.449097,0.000000
2019-08-15 04:00,295.488037,0.000000
2019-08-15 05:00,295.143799,0.000000
2019-08-15 06:00,295.474365,0.000000
2019-08-15 07:00,295.399658,0.480000
2019-08-15 08:00,296.269287,8.551111
2019-08-15 09:00,296.642090,41.048889
2019-08-15 10:00,297.977173,67.022222
2019-08-15 11:00,298.556885,137.422222
2019-08-15 12:00,299.126465,168.231111
2019-08-15 13:00,300.434448,381.635556
2019-08-15 14:00,299.541138,355.751111
2019-08-15 15:00,300.422852,438.737778
2019-08-15 16:00,300.043823,253.386667
2019-08-15 17:00,299.794067,156.835556
2019-08-15 18:00,298.493286,69.724444
2019-08-15 19:00,298.130981,14.133333
2019-08-15 20:00,297.140503,0.000000
2019-08-15 21:00,296.625488,0.000000
2019-08-15 22:00,296.342407,0.000000
2019-08-15 23:00,296.211426,0.000000
2019-08-16 00:00,296.244141,0.000000
2019-08-16 01:00,296.278687,0.000000
2019-08-16 02:00,296.155762,0.000000
2019-08-16 03:00,295.681152,0.000000
2019-08-16 04:00,295.682007,0.000000
2019-08-16 05:00,295.526245,0.000000
2019-08-16 06:00,295.988525,0.000000
2019-08-16 07:00,295.999268,0.426667
2019-08-16 08:00,295.863281,14.453333
2019-08-16 09:00,295.659058,47.591111
2019-08-16 10:00,296.614746,62.097778
2019-08-16 11:00,296.401733,84.551111
2019-08-16 12:00,296.408203,87.146667
2019-08-16 13:00,297.298218,161.031111
2019-08-16 14:00,298.386719,241.546667
2019-08-16 15:00,296.327637,237.777778
2019-08-16 16:00,296.358887,139.751111
2019-08-16 17:00,296.056030,48.782222
2019-08-16 18:00,296.252441,55.644444
2019-08-16 19:00,296.749268,12.497778
2019-08-16 20:00,296.074585,0.000000
2019-08-16 21:00,296.016846,0.000000
2019-08-16 22:00,296.028320,0.000000
2019-08-16 23:00,295.906128,0.000000
2019-08-17 00:00,295.880371,0.000000
2019-08-17 01:00,295.881348,0.000000
2019-08-17 02:00,295.865234,0.000000
2019-08-17 03:00,295.580688,0.000000
2019-08-17 04:00,295.784912,0.000000
2019-08-17 05:00,295.615845,0.000000
2019-08-17 06:00,295.759888,0.000000
2019-08-17 07:00,295.998901,1.084444
2019-08-17 08:00,296.311890,23.715556
2019-08-17 09:00,295.635620,61.582222
2019-08-17 10:00,296.336121,122.951111
2019-08-17 11:00,296.421265,158.488889
2019-08-17 12:00,298.722534,319.680000
2019-08-17 13:00,300.082764,451.022222
2019-08-17 14:00,300.113403,462.222222
2019-08-17 15:00,301.030884,457.653333
2019-08-17 16:00,298.818970,414.862222
2019-08-17 17:00,296.201782,193.688889
2019-08-17 18:00,295.980469,56.195556
2019-08-17 19:00,295.547852,11.253333
2019-08-17 20:00,295.470825,0.000000
2019-08-17 21:00,295.423218,0.000000
2019-08-17 22:00,295.652222,0.000000
2019-08-17 23:00,295.539307,0.000000
2019-08-18 00:00,295.648071,0.000000
2019-08-18 01:00,295.655884,0.000000
2019-08-18 02:00,295.543091,0.000000
2019-08-18 03:00,295.631958,0.000000
2019-08-18 04:00,295.672485,0.000000
2019-08-18 05:00,295.961914,0.000000
2019-08-18 06:00,296.020508,0.000000
2019-08-18 07:00,296.064819,0.782222
2019-08-18 08:00,296.236450,20.977778
2019-08-18 09:00,296.322510,44.373333
2019-08-18 10:00,298.564148,200.160000
2019-08-18 11:00,300.348022,396.106667
2019-08-18 12:00,300.362671,362.257778
2019-08-18 13:00,298.869629,290.382222
2019-08-18 14:00,300.762085,643.377778
2019-08-18 15:00,298.294922,88.640000
2019-08-18 16:00,299.151733,264.355556
2019-08-18 17:00,297.478882,134.897778
2019-08-18 18:00,297.117554,73.440000
2019-08-18 19:00,297.082031,15.182222
2019-08-18 20:00,296.887085,0.000000
2019-08-18 21:00,295.922485,0.000000
2019-08-18 22:00,295.706177,0.000000
2019-08-18 23:00,295.928101,0.000000
2019-08-19 00:00,296.029053,0.000000
2019-08-19 01:00,296.273926,0.000000
2019-08-19 02:00,295.998901,0.000000
2019-08-19 03:00,295.749756,0.000000
2019-08-19 04:00,295.716675,0.000000
2019-08-19 05:00,295.604248,0.000000
2019-08-19 06:00,295.560669,0.000000
2019-08-19 07:00,295.527466,3.128889
2019-08-19 08:00,295.893433,63.964444
2019-08-19 09:00,296.690430,162.524444
2019-08-19 10:00,299.795044,332.142222
2019-08-19 11:00,301.019897,402.222222
2019-08-19 12:00,302.913818,597.724444
2019-08-19 13:00,299.279541,171.822222
2019-08-19 14:00,302.875366,584.764444
2019-08-19 15:00,301.685059,432.391111
2019-08-19 16:00,301.486328,341.386667
2019-08-19 17:00,300.362793,242.506667
2019-08-19 18:00,298.628296,89.546667
2019-08-19 19:00,298.052734,31.448889
2019-08-19 20:00,297.259521,0.000000
2019-08-19 21:00,296.871704,0.000000
2019-08-19 22:00,296.297729,0.000000
2019-08-19 23:00,296.526001,0.000000
2019-08-20 00:00,296.709717,0.000000
2019-08-20 01:00,296.894653,0.000000
2019-08-20 02:00,296.877808,0.000000
2019-08-20 03:00,296.487549,0.000000
2019-08-20 04:00,296.212402,0.000000
2019-08-20 05:00,296.343384,0.000000
2019-08-20 06:00,296.362305,0.000000
2019-08-20 07:00,296.254150,1.155556
2019-08-20 08:00,296.495239,25.991111
2019-08-20 09:00,297.418823,141.244444
2019-08-20 10:00,298.981079,282.968889
2019-08-20 11:00,299.878906,398.026667
2019-08-20 12:00,301.673584,559.360000
2019-08-20 13:00,301.854980,475.075556
2019-08-20 14:00,298.921387,282.346667
2019-08-20 15:00,297.411011,360.640000
2019-08-20 16:00,296.078125,112.515556
2019-08-20 17:00,297.110107,239.626667
2019-08-20 18:00,297.073853,81.688889
2019-08-20 19:00,297.105225,15.680000
2019-08-20 20:00,296.677612,0.000000
2019-08-20 21:00,296.604736,0.000000
2019-08-20 22:00,296.271484,0.000000
2019-08-20 23:00,296.215210,0.000000
2019-08-21 00:00,296.059204,0.000000
2019-08-21 01:00,295.799316,0.000000
2019-08-21 02:00,295.646606,0.000000
2019-08-21 03:00,295.533081,0.000000
2019-08-21 04:00,295.309692,0.000000
2019-08-21 05:00,295.278809,0.000000
2019-08-21 06:00,295.680420,0.000000
2019-08-21 07:00,295.707886,0.853333
2019-08-21 08:00,296.064453,13.600000
2019-08-21 09:00,295.975342,16.942222
2019-08-21 10:00,296.507019,48.497778
2019-08-21 11:00,296.666504,44.675556
2019-08-21 12:00,296.815430,74.933333
2019-08-21 13:00,296.714966,107.306667
2019-08-21 14:00,296.960205,264.053333
2019-08-21 15:00,296.341309,137.333333
2019-08-21 16:00,296.123779,85.368889
2019-08-21 17:00,295.122314,42.506667
2019-08-21 18:00,295.055664,28.835556
2019-08-21 19:00,295.249634,12.408889
2019-08-21 20:00,295.282715,0.000000
2019-08-21 21:00,295.211548,0.000000
2019-08-21 22:00,295.078979,0.000000
2019-08-21 23:00,295.048584,0.000000
2019-08-22 00:00,294.991943,0.000000
2019-08-22 01:00,295.099243,0.000000
2019-08-22 02:00,295.135742,0.000000
2019-08-22 03:00,295.154907,0.000000
2019-08-22 04:00,295.128662,0.000000
2019-08-22 05:00,295.171753,0.000000
2019-08-22 06:00,295.158081,0.000000
2019-08-22 07:00,295.310303,1.280000
2019-08-22 08:00,296.343140,26.097778
2019-08-22 09:00,297.696289,90.613333
2019-08-22 10:00,298.880493,193.031111
2019-08-22 11:00,300.474365,339.306667
2019-08-22 12:00,301.529541,453.333333
2019-08-22 13:00,301.383423,325.813333
2019-08-22 14:00,301.940796,359.911111
2019-08-22 15:00,301.379761,340.124444
2019-08-22 16:00,301.371094,337.191111
2019-08-22 17:00,301.154419,210.151111
2019-08-22 18:00,300.415161,131.502222
2019-08-22 19:00,299.712524,27.200000
2019-08-22 20:00,298.592651,0.000000
2019-08-22 21:00,297.862305,0.000000
2019-08-22 22:00,296.722046,0.000000
2019-08-22 23:00,296.341675,0.000000
2019-08-23 00:00,296.042725,0.000000
2019-08-23 01:00,295.866455,0.000000
2019-08-23 02:00,296.097046,0.000000
2019-08-23 03:00,295.771729,0.000000
2019-08-23 04:00,296.213745,0.000000
2019-08-23 05:00,296.295532,0.000000
2019-08-23 06:00,296.174927,0.000000
2019-08-23 07:00,296.366333,0.693333
2019-08-23 08:00,296.749268,21.920000
2019-08-23 09:00,297.035034,76.106667
2019-08-23 10:00,298.556641,225.120000
2019-08-23 11:00,299.737549,400.515556
2019-08-23 12:00,301.147095,478.933333
2019-08-23 13:00,301.851685,512.746667
2019-08-23 14:00,301.760010,451.075556
2019-08-23 15:00,302.692383,481.137778
2019-08-23 16:00,301.912476,400.693333
2019-08-23 17:00,299.751465,327.840000
2019-08-23 18:00,299.574951,159.395556
2019-08-23 19:00,298.893066,33.386667
2019-08-23 20:00,298.215576,0.000000
2019-08-23 21:00,297.460083,0.000000
2019-08-23 22:00,296.316528,0.000000
2019-08-23 23:00,296.448364,0.000000
2019-08-24 00:00,295.977661,0.000000
2019-08-24 01:00,296.102417,0.000000
2019-08-24 02:00,296.205566,0.000000
2019-08-24 03:00,296.198730,0.000000
2019-08-24 04:00,296.160889,0.000000
2019-08-24 05:00,296.021484,0.000000
2019-08-24 06:00,295.912476,0.000000
2019-08-24 07:00,295.871338,1.760000
2019-08-24 08:00,296.315308,43.413333
2019-08-24 09:00,297.306641,159.555556
2019-08-24 10:00,298.972656,361.422222
2019-08-24 11:00,299.169067,340.675556
2019-08-24 12:00,299.396240,277.208889
2019-08-24 13:00,299.154297,256.302222
2019-08-24 14:00,302.063477,491.306667
2019-08-24 15:00,302.779175,518.311111
2019-08-24 16:00,299.814941,288.693333
2019-08-24 17:00,297.006470,154.400000
2019-08-24 18:00,296.615479,43.555556
2019-08-24 19:00,296.881470,17.297778
2019-08-24 20:00,296.118896,0.000000
2019-08-24 21:00,296.094238,0.000000
2019-08-24 22:00,296.493652,0.000000
2019-08-24 23:00,296.246094,0.000000
2019-08-25 00:00,296.253662,0.000000
2019-08-25 01:00,296.018555,0.000000
2019-08-25 02:00,295.699341,0.000000
2019-08-25 03:00,295.547241,0.000000
2019-08-25 04:00,295.587036,0.000000
2019-08-25 05:00,295.516602,0.000000
2019-08-25 06:00,295.118896,0.000000
2019-08-25 07:00,295.122925,0.995556
2019-08-25 08:00,296.048096,24.924444
2019-08-25 09:00,296.559204,70.400000
2019-08-25 10:00,297.016602,93.902222
2019-08-25 11:00,297.850708,132.817778
2019-08-25 12:00,298.998413,272.871111
2019-08-25 13:00,298.677734,345.155556
2019-08-25 14:00,300.676025,542.844444
2019-08-25 15:00,297.927368,346.577778
2019-08-25 16:00,296.925537,169.013333
2019-08-25 17:00,296.370972,59.235556
2019-08-25 18:00,296.600708,42.737778
2019-08-25 19:00,296.118164,12.035556
2019-08-25 20:00,295.996460,0.000000
2019-08-25 21:00,295.948364,0.000000
2019-08-25 22:00,295.771362,0.000000
2019-08-25 23:00,295.665283,0.000000
2019-08-26 00:00,295.215576,0.000000
2019-08-26 01:00,295.010132,0.000000
2019-08-26 02:00,294.961060,0.000000
2019-08-26 03:00,294.847778,0.000000
2019-08-26 04:00,294.833008,0.000000
2019-08-26 05:00,294.959595,0.000000
2019-08-26 06:00,295.095093,0.000000
2019-08-26 07:00,295.247803,1.262222
2019-08-26 08:00,295.701782,29.031111
2019-08-26 09:00,296.200317,75.324444
2019-08-26 10:00,296.650269,129.048889
2019-08-26 11:00,298.104736,235.217778
2019-08-26 12:00,300.643677,328.853333
2019-08-26 13:00,302.598267,483.448889
2019-08-26 14:00,301.294922,293.493333
2019-08-26 15:00,299.900757,571.360000
2019-08-26 16:00,298.475220,236.000000
2019-08-26 17:00,297.761230,126.346667
2019-08-26 18:00,297.048340,22.773333
2019-08-26 19:00,296.994751,9.226667
2019-08-26 20:00,296.195435,0.000000
2019-08-26 21:00,295.702515,0.000000
2019-08-26 22:00,296.019043,0.000000
2019-08-26 23:00,295.865601,0.000000
2019-08-27 00:00,295.744263,0.000000
2019-08-27 01:00,295.579346,0.000000
2019-08-27 02:00,295.289185,0.000000
2019-08-27 03:00,295.194336,0.000000
2019-08-27 04:00,295.118774,0.000000
2019-08-27 05:00,295.136230,0.000000
2019-08-27 06:00,295.165527,0.000000
2019-08-27 07:00,295.210571,0.942222
2019-08-27 08:00,295.689209,21.564444
2019-08-27 09:00,295.775513,44.284444
2019-08-27 10:00,297.241699,50.577778
2019-08-27 11:00,298.053345,102.684444
2019-08-27 12:00,298.857666,139.502222
2019-08-27 13:00,298.431030,172.391111
2019-08-27 14:00,300.372559,496.675556
2019-08-27 15:00,298.513550,231.786667
2019-08-27 16:00,297.703125,277.760000
2019-08-27 17:00,297.453613,161.866667
2019-08-27 18:00,296.379517,90.631111
2019-08-27 19:00,296.040527,2.097778
2019-08-27 20:00,295.793945,0.000000
2019-08-27 21:00,295.707275,0.000000
2019-08-27 22:00,295.714355,0.000000
2019-08-27 23:00,295.734253,0.000000
2019-08-28 00:00,295.418457,0.000000
2019-08-28 01:00,295.618530,0.000000
2019-08-28 02:00,295.514771,0.000000
2019-08-28 03:00,295.224243,0.000000
2019-08-28 04:00,295.186768,0.000000
2019-08-28 05:00,294.920410,0.000000
2019-08-28 06:00,294.865479,0.000000
2019-08-28 07:00,294.895874,1.671111
2019-08-28 08:00,296.650513,33.813333
2019-08-28 09:00,296.765625,132.408889
2019-08-28 10:00,299.824341,322.897778
2019-08-28 11:00,301.519165,476.977778
2019-08-28 12:00,299.182495,245.048889
2019-08-28 13:00,300.246948,394.311111
2019-08-28 14:00,298.556396,221.831111
2019-08-28 15:00,300.126465,484.124444
2019-08-28 16:00,298.012207,161.173333
2019-08-28 17:00,297.461914,264.426667
2019-08-28 18:00,296.539795,81.600000
2019-08-28 19:00,296.453491,4.213333
2019-08-28 20:00,295.913574,0.000000
2019-08-28 21:00,295.658325,0.000000
2019-08-28 22:00,295.817749,0.000000
2019-08-28 23:00,295.820801,0.000000
2019-08-29 00:00,295.648193,0.000000
2019-08-29 01:00,295.674438,0.000000
2019-08-29 02:00,295.719727,0.000000
2019-08-29 03:00,295.716919,0.000000
2019-08-29 04:00,295.918335,0.000000
2019-08-29 05:00,295.777100,0.000000
2019-08-29 06:00,295.839111,0.000000
2019-08-29 07:00,295.487061,1.475556
2019-08-29 08:00,295.736450,18.204444
2019-08-29 09:00,295.408936,28.711111
2019-08-29 10:00,296.285278,74.382222
2019-08-29 11:00,296.156250,87.306667
2019-08-29 12:00,296.091309,73.760000
2019-08-29 13:00,295.873779,90.720000
2019-08-29 14:00,296.098267,122.453333
2019-08-29 15:00,295.944946,107.271111
2019-08-29 16:00,296.084106,165.155556
2019-08-29 17:00,296.079834,76.622222
2019-08-29 18:00,295.795166,54.933333
2019-08-29 19:00,295.809631,13.866667
2019-08-29 20:00,295.368408,0.000000
2019-08-29 21:00,295.482056,0.000000
2019-08-29 22:00,295.204468,0.000000
2019-08-29 23:00,295.054321,0.000000
2019-08-30 00:00,295.055908,0.000000
2019-08-30 01:00,295.089478,0.000000
2019-08-30 02:00,295.153442,0.000000
2019-08-30 03:00,295.060913,0.000000
2019-08-30 04:00,295.123779,0.000000
2019-08-30 05:00,295.106934,0.000000
2019-08-30 06:00,294.999756,0.000000
2019-08-30 07:00,295.170654,0.764444
2019-08-30 08:00,295.427124,14.648889
2019-08-30 09:00,295.323608,58.862222
2019-08-30 10:00,296.688843,130.257778
2019-08-30 11:00,297.961548,257.120000
2019-08-30 12:00,299.993408,537.457778
2019-08-30 13:00,300.464233,545.475556
2019-08-30 14:00,297.976196,260.728889
2019-08-30 15:00,296.073486,371.520000
2019-08-30 16:00,296.137207,116.586667
2019-08-30 17:00,296.521729,123.591111
2019-08-30 18:00,297.017944,132.088889
2019-08-30 19:00,296.454468,25.368889
2019-08-30 20:00,295.899292,0.000000
2019-08-30 21:00,296.213379,0.000000
2019-08-30 22:00,295.704346,0.000000
2019-08-30 23:00,296.102417,0.000000
2019-08-31 00:00,296.172974,0.000000
2019-08-31 01:00,296.194336,0.000000
2019-08-31 02:00,296.231323,0.000000
2019-08-31 03:00,296.125732,0.000000
2019-08-31 04:00,296.023682,0.000000
2019-08-31 05:00,296.021729,0.000000
2019-08-31 06:00,295.726074,0.000000
2019-08-31 07:00,295.667114,1.831111
2019-08-31 08:00,296.001831,43.768889
2019-08-31 09:00,296.064209,180.746667
2019-08-31 10:00,300.788574,334.862222
2019-08-31 11:00,301.309937,328.462222
2019-08-31 12:00,301.596802,560.160000
2019-08-31 13:00,302.106201,489.813333
2019-08-31 14:00,299.393677,324.302222
2019-08-31 15:00,300.054932,436.604444
2019-08-31 16:00,299.657593,337.137778
2019-08-31 17:00,299.074951,212.675556
2019-08-31 18:00,297.429321,113.777778
2019-08-31 19:00,296.877197,12.782222
2019-08-31 20:00,296.243896,0.000000
2019-08-31 21:00,296.096558,0.000000
2019-08-31 22:00,295.837158,0.000000
2019-08-31 23:00,296.292847,0.000000
2019-09-01 00:00,296.336304,0.000000
2019-09-01 01:00,296.316406,0.000000
2019-09-01 02:00,296.093994,0.000000
2019-09-01 03:00,295.806763,0.000000
2019-09-01 04:00,295.857666,0.000000
2019-09-01 05:00,295.846558,0.000000
2019-09-01 06:00,295.935303,0.000000
2019-09-01 07:00,295.925659,3.680000
2019-09-01 08:00,296.046997,70.293333
2019-09-01 09:00,296.858398,222.915556
2019-09-01 10:00,300.656860,293.760000
2019-09-01 11:00,302.496704,504.622222
2019-09-01 12:00,303.720093,525.884444
2019-09-01 13:00,300.664062,211.626667
2019-09-01 14:00,299.102051,353.280000
2019-09-01 15:00,297.391357,128.053333
2019-09-01 16:00,297.823853,196.640000
2019-09-01 17:00,298.588135,219.644444
2019-09-01 18:00,298.775879,126.293333
2019-09-01 19:00,298.390137,24.302222
2019-09-01 20:00,296.990479,0.000000
2019-09-01 21:00,296.344360,0.000000
2019-09-01 22:00,296.812134,0.000000
2019-09-01 23:00,296.616455,0.000000
2019-09-02 00:00,296.328613,0.000000
2019-09-02 01:00,296.409424,0.000000
2019-09-02 02:00,296.276123,0.000000
2019-09-02 03:00,296.209839,0.000000
2019-09-02 04:00,296.086792,0.000000
2019-09-02 05:00,295.843384,0.000000
2019-09-02 06:00,296.343506,0.000000
2019-09-02 07:00,296.489990,0.977778
2019-09-02 08:00,296.714966,34.577778
2019-09-02 09:00,297.582031,155.804444
2019-09-02 10:00,298.509644,251.040000
2019-09-02 11:00,298.126099,228.568889
2019-09-02 12:00,297.527588,350.382222
2019-09-02 13:00,299.999268,443.164444
2019-09-02 14:00,300.403931,310.311111
2019-09-02 15:00,301.421265,276.782222
2019-09-02 16:00,302.015015,322.062222
2019-09-02 17:00,301.782715,233.795556
2019-09-02 18:00,299.837646,119.840000
2019-09-02 19:00,299.184692,22.666667
2019-09-02 20:00,298.181274,0.000000
2019-09-02 21:00,297.624878,0.000000
2019-09-02 22:00,296.508911,0.000000
2019-09-02 23:00,296.172607,0.000000
2019-09-03 00:00,296.317139,0.000000
2019-09-03 01:00,296.310669,0.000000
2019-09-03 02:00,295.913330,0.000000
2019-09-03 03:00,295.809937,0.000000
2019-09-03 04:00,295.551392,0.000000
2019-09-03 05:00,295.115479,0.000000
2019-09-03 06:00,295.489258,0.000000
2019-09-03 07:00,295.463257,2.488889
2019-09-03 08:00,296.050293,48.213333
2019-09-03 09:00,296.945801,162.506667
2019-09-03 10:00,299.843994,260.088889
2019-09-03 11:00,300.916992,364.675556
2019-09-03 12:00,301.476685,531.128889
2019-09-03 13:00,302.989624,686.684444
2019-09-03 14:00,304.079102,723.520000
2019-09-03 15:00,304.875732,644.604444
2019-09-03 16:00,300.720215,202.204444
2019-09-03 17:00,299.449463,143.342222
2019-09-03 18:00,299.172607,63.466667
2019-09-03 19:00,298.549194,12.604444
2019-09-03 20:00,297.459839,0.000000
2019-09-03 21:00,297.337402,0.000000
2019-09-03 22:00,296.636353,0.000000
2019-09-03 23:00,296.713867,0.000000
2019-09-04 00:00,296.753296,0.000000
2019-09-04 01:00,296.697754,0.000000
2019-09-04 02:00,296.691528,0.000000
2019-09-04 03:00,296.720825,0.000000
2019-09-04 04:00,296.367554,0.000000
2019-09-04 05:00,296.140991,0.000000
2019-09-04 06:00,296.283936,0.000000
2019-09-04 07:00,296.281006,1.297778
2019-09-04 08:00,296.363159,18.542222
2019-09-04 09:00,295.999634,60.213333
2019-09-04 10:00,297.528809,71.875556
2019-09-04 11:00,297.809448,96.000000
2019-09-04 12:00,298.163818,142.417778
2019-09-04 13:00,299.084839,240.995556
2019-09-04 14:00,299.780273,210.808889
2019-09-04 15:00,300.056763,232.195556
2019-09-04 16:00,300.355469,267.946667
2019-09-04 17:00,300.018433,210.400000
2019-09-04 18:00,299.132812,171.484444
2019-09-04 19:00,298.294800,29.031111
2019-09-04 20:00,297.326782,0.000000
2019-09-04 21:00,296.461182,0.000000
2019-09-04 22:00,295.590942,0.000000
2019-09-04 23:00,295.733276,0.000000
2019-09-05 00:00,295.843018,0.000000
2019-09-05 01:00,296.140015,0.000000
2019-09-05 02:00,296.035522,0.000000
2019-09-05 03:00,296.165039,0.000000
2019-09-05 04:00,296.157715,0.000000
2019-09-05 05:00,296.025879,0.000000
2019-09-05 06:00,296.063721,0.000000
2019-09-05 07:00,295.929077,2.044444
2019-09-05 08:00,296.517700,34.400000
2019-09-05 09:00,297.243042,86.524444
2019-09-05 10:00,298.245239,201.991111
2019-09-05 11:00,299.144531,324.515556
2019-09-05 12:00,301.153931,750.862222
2019-09-05 13:00,301.633057,611.217778
2019-09-05 14:00,300.922485,344.675556
2019-09-05 15:00,301.014893,367.644444
2019-09-05 16:00,300.815186,393.404444
2019-09-05 17:00,299.325073,281.635556
2019-09-05 18:00,298.044678,158.293333
2019-09-05 19:00,297.531250,32.248889
2019-09-05 20:00,296.533325,0.000000
2019-09-05 21:00,296.318359,0.000000
2019-09-05 22:00,296.306030,0.000000
2019-09-05 23:00,296.401733,0.000000
2019-09-06 00:00,296.302124,0.000000
2019-09-06 01:00,296.379272,0.000000
2019-09-06 02:00,296.137207,0.000000
2019-09-06 03:00,295.906006,0.000000
2019-09-06 04:00,296.164307,0.000000
2019-09-06 05:00,296.249634,0.000000
2019-09-06 06:00,296.599731,0.000000
2019-09-06 07:00,296.687988,1.457778
2019-09-06 08:00,297.206665,23.520000
2019-09-06 09:00,297.508423,55.786667
2019-09-06 10:00,297.642883,131.911111
2019-09-06 11:00,297.177124,129.724444
2019-09-06 12:00,299.050171,200.604444
2019-09-06 13:00,300.464478,353.617778
2019-09-06 14:00,302.075195,497.137778
2019-09-06 15:00,300.539307,361.884444
2019-09-06 16:00,298.895264,268.355556
2019-09-06 17:00,298.769287,217.208889
2019-09-06 18:00,297.997681,109.102222
2019-09-06 19:00,297.544800,18.560000
2019-09-06 20:00,296.364380,0.000000
2019-09-06 21:00,296.337891,0.000000
2019-09-06 22:00,296.246460,0.000000
2019-09-06 23:00,295.886719,0.000000
2019-09-07 00:00,295.779419,0.000000
2019-09-07 01:00,295.627075,0.000000
2019-09-07 02:00,295.654663,0.000000
2019-09-07 03:00,295.473267,0.000000
2019-09-07 04:00,295.450439,0.000000
2019-09-07 05:00,295.575562,0.000000
2019-09-07 06:00,295.615601,0.000000
2019-09-07 07:00,295.618042,1.333333
2019-09-07 08:00,295.809692,68.871111
2019-09-07 09:00,296.464722,203.626667
2019-09-07 10:00,298.255859,287.680000
2019-09-07 11:00,299.179565,438.328889
2019-09-07 12:00,300.293335,588.231111
2019-09-07 13:00,300.678101,627.982222
2019-09-07 14:00,299.617065,263.626667
2019-09-07 15:00,298.627686,504.444444
2019-09-07 16:00,297.991211,381.333333
2019-09-07 17:00,297.275269,37.848889
2019-09-07 18:00,297.613525,105.226667
2019-09-07 19:00,297.622559,11.324444
2019-09-07 20:00,296.596313,0.000000
2019-09-07 21:00,296.489624,0.000000
2019-09-07 22:00,296.347412,0.000000
2019-09-07 23:00,296.345215,0.000000
2019-09-08 00:00,296.449219,0.000000
2019-09-08 01:00,296.725830,0.000000
2019-09-08 02:00,296.677734,0.000000
2019-09-08 03:00,296.426025,0.000000
2019-09-08 04:00,296.477051,0.000000
2019-09-08 05:00,296.380249,0.000000
2019-09-08 06:00,296.364502,0.000000
2019-09-08 07:00,296.214355,1.013333
2019-09-08 08:00,295.995728,20.782222
2019-09-08 09:00,295.776855,94.222222
2019-09-08 10:00,298.821289,300.675556
2019-09-08 11:00,299.765259,386.435556
2019-09-08 12:00,301.135620,462.648889
2019-09-08 13:00,299.542969,398.044444
2019-09-08 14:00,299.069702,424.053333
2019-09-08 15:00,299.127563,209.262222
2019-09-08 16:00,297.812256,201.137778
2019-09-08 17:00,297.582397,131.182222
2019-09-08 18:00,296.913452,109.582222
2019-09-08 19:00,296.215942,13.991111
2019-09-08 20:00,296.288452,0.000000
2019-09-08 21:00,295.932251,0.000000
2019-09-08 22:00,295.872192,0.000000
2019-09-08 23:00,296.017822,0.000000
2019-09-09 00:00,295.972534,0.000000
2019-09-09 01:00,295.932861,0.000000
2019-09-09 02:00,295.889771,0.000000
2019-09-09 03:00,295.983643,0.000000
2019-09-09 04:00,295.999146,0.000000
2019-09-09 05:00,296.032837,0.000000
2019-09-09 06:00,296.564453,0.000000
2019-09-09 07:00,296.434204,1.582222
2019-09-09 08:00,296.886353,26.524444
2019-09-09 09:00,297.526611,98.222222
2019-09-09 10:00,299.651489,373.191111
2019-09-09 11:00,300.531372,365.991111
2019-09-09 12:00,302.197266,456.320000
2019-09-09 13:00,302.507690,308.497778
2019-09-09 14:00,300.628052,347.786667
2019-09-09 15:00,299.696777,251.235556
2019-09-09 16:00,298.747559,306.933333
2019-09-09 17:00,297.996582,109.120000
2019-09-09 18:00,297.773560,53.404444
2019-09-09 19:00,297.685303,11.982222
2019-09-09 20:00,297.320557,0.000000
2019-09-09 21:00,295.880249,0.000000
2019-09-09 22:00,296.138306,0.000000
2019-09-09 23:00,296.225220,0.000000
2019-09-10 00:00,296.277466,0.000000
2019-09-10 01:00,296.345947,0.000000
2019-09-10 02:00,296.506470,0.000000
2019-09-10 03:00,296.504272,0.000000
2019-09-10 04:00,296.348877,0.000000
2019-09-10 05:00,296.356079,0.000000
2019-09-10 06:00,296.416504,0.000000
2019-09-10 07:00,296.432251,2.026667
2019-09-10 08:00,296.891479,44.533333
2019-09-10 09:00,297.235352,83.662222
2019-09-10 10:00,298.852783,210.204444
2019-09-10 11:00,299.178223,218.755556
2019-09-10 12:00,299.980957,422.577778
2019-09-10 13:00,300.399536,486.773333
2019-09-10 14:00,299.167969,436.622222
2019-09-10 15:00,299.879395,527.128889
2019-09-10 16:00,297.358521,329.688889
2019-09-10 17:00,297.535278,143.680000
2019-09-10 18:00,297.363770,75.075556
2019-09-10 19:00,296.679016,16.675556
2019-09-10 20:00,295.670654,0.000000
2019-09-10 21:00,295.596069,0.000000
2019-09-10 22:00,295.744873,0.000000
2019-09-10 23:00,295.773926,0.000000
2019-09-11 00:00,295.841553,0.000000
2019-09-11 01:00,295.793213,0.000000
2019-09-11 02:00,295.806274,0.000000
2019-09-11 03:00,295.901733,0.000000
2019-09-11 04:00,295.875732,0.000000
2019-09-11 05:00,295.896973,0.000000
2019-09-11 06:00,295.998413,0.000000
2019-09-11 07:00,295.964966,0.942222
2019-09-11 08:00,296.531860,19.804444
2019-09-11 09:00,296.560547,49.173333
2019-09-11 10:00,297.038513,82.897778
2019-09-11 11:00,297.852783,202.595556
2019-09-11 12:00,298.676270,165.191111
2019-09-11 13:00,300.500610,419.893333
2019-09-11 14:00,300.301636,425.777778
2019-09-11 15:00,300.036865,463.768889
2019-09-11 16:00,298.655396,343.182222
2019-09-11 17:00,297.505859,82.488889
2019-09-11 18:00,297.621094,75.680000
2019-09-11 19:00,296.810913,8.462222
2019-09-11 20:00,296.211914,0.000000
2019-09-11 21:00,295.809204,0.000000
2019-09-11 22:00,295.493408,0.000000
2019-09-11 23:00,295.530884,0.000000
2019-09-12 00:00,295.368652,0.000000
2019-09-12 01:00,295.549805,0.000000
2019-09-12 02:00,295.488892,0.000000
2019-09-12 03:00,295.071533,0.000000
2019-09-12 04:00,294.998535,0.000000
2019-09-12 05:00,295.020386,0.000000
2019-09-12 06:00,295.790527,0.000000
2019-09-12 07:00,295.667236,0.835556
2019-09-12 08:00,296.478271,12.444444
2019-09-12 09:00,297.665894,106.044444
2019-09-12 10:00,298.277039,225.546667
2019-09-12 11:00,297.518494,137.671111
2019-09-12 12:00,298.034058,195.022222
2019-09-12 13:00,298.652466,303.022222
2019-09-12 14:00,299.223877,452.604444
2019-09-12 15:00,299.614868,344.035556
2019-09-12 16:00,297.931519,193.600000
2019-09-12 17:00,298.194092,166.986667
2019-09-12 18:00,297.034058,118.666667
2019-09-12 19:00,296.283813,20.284444
2019-09-12 20:00,295.939331,0.000000
2019-09-12 21:00,296.253784,0.000000
2019-09-12 22:00,295.596924,0.000000
2019-09-12 23:00,295.374268,0.000000
2019-09-13 00:00,295.896606,0.000000
2019-09-13 01:00,295.891846,0.000000
2019-09-13 02:00,295.924805,0.000000
2019-09-13 03:00,295.673340,0.000000
2019-09-13 04:00,295.666138,0.000000
2019-09-13 05:00,295.661133,0.000000
2019-09-13 06:00,295.624512,0.000000
2019-09-13 07:00,295.700317,3.342222
2019-09-13 08:00,296.338623,70.168889
2019-09-13 09:00,297.526123,230.328889
2019-09-13 10:00,299.157715,341.795556
2019-09-13 11:00,300.485962,455.217778
2019-09-13 12:00,301.884277,530.080000
2019-09-13 13:00,301.358887,458.062222
2019-09-13 14:00,301.737671,525.546667
2019-09-13 15:00,301.291748,395.680000
2019-09-13 16:00,301.735474,403.466667
2019-09-13 17:00,300.708862,231.804444
2019-09-13 18:00,298.585449,58.915556
2019-09-13 19:00,298.268311,11.662222
2019-09-13 20:00,297.186768,0.000000
2019-09-13 21:00,296.901001,0.000000
2019-09-13 22:00,296.491455,0.000000
2019-09-13 23:00,296.502319,0.000000
2019-09-14 00:00,296.349609,0.000000
2019-09-14 01:00,296.321045,0.000000
2019-09-14 02:00,296.580566,0.000000
2019-09-14 03:00,296.314941,0.000000
2019-09-14 04:00,296.261841,0.000000
2019-09-14 05:00,295.727783,0.000000
2019-09-14 06:00,295.289917,0.000000
2019-09-14 07:00,295.299072,1.262222
2019-09-14 08:00,296.788574,31.573333
2019-09-14 09:00,297.876221,190.222222
2019-09-14 10:00,298.052979,246.062222
2019-09-14 11:00,300.465576,448.266667
2019-09-14 12:00,301.137695,557.493333
2019-09-14 13:00,298.298584,223.342222
2019-09-14 14:00,302.452026,709.493333
2019-09-14 15:00,302.638428,624.231111
2019-09-14 16:00,300.830811,380.711111
2019-09-14 17:00,299.933838,265.671111
2019-09-14 18:00,299.468628,110.880000
2019-09-14 19:00,298.841675,17.333333
2019-09-14 20:00,297.822876,0.000000
2019-09-14 21:00,297.236084,0.000000
2019-09-14 22:00,296.932007,0.000000
2019-09-14 23:00,296.624146,0.000000
2019-09-15 00:00,296.752319,0.000000
2019-09-15 01:00,296.792114,0.000000
2019-09-15 02:00,296.644531,0.000000
2019-09-15 03:00,296.169678,0.000000
2019-09-15 04:00,295.569336,0.000000
2019-09-15 05:00,295.965210,0.000000
2019-09-15 06:00,296.489502,0.000000
2019-09-15 07:00,296.440186,5.120000
2019-09-15 08:00,297.029663,112.888889
2019-09-15 09:00,297.504272,295.040000
2019-09-15 10:00,299.344360,434.044444
2019-09-15 11:00,300.261719,499.111111
2019-09-15 12:00,300.604248,506.524444
2019-09-15 13:00,300.896606,500.942222
2019-09-15 14:00,301.529541,388.782222
2019-09-15 15:00,302.018066,558.702222
2019-09-15 16:00,301.704956,442.417778
2019-09-15 17:00,299.294434,336.924444
2019-09-15 18:00,298.245239,81.511111
2019-09-15 19:00,296.251099,15.395556
2019-09-15 20:00,296.437988,0.000000
2019-09-15 21:00,297.118530,0.000000
2019-09-15 22:00,297.325806,0.000000
2019-09-15 23:00,297.589844,0.000000
2019-09-16 00:00,297.105957,0.000000
2019-09-16 01:00,296.590698,0.000000
2019-09-16 02:00,296.402100,0.000000
2019-09-16 03:00,296.160034,0.000000
2019-09-16 04:00,295.934937,0.000000
2019-09-16 05:00,295.617188,0.000000
2019-09-16 06:00,295.997070,0.000000
2019-09-16 07:00,295.850586,0.853333
2019-09-16 08:00,296.087524,41.760000
2019-09-16 09:00,297.016968,152.480000
2019-09-16 10:00,297.508545,125.777778
2019-09-16 11:00,297.820007,205.066667
2019-09-16 12:00,297.634155,289.404444
2019-09-16 13:00,299.859375,456.302222
2019-09-16 14:00,300.675049,443.662222
2019-09-16 15:00,301.560791,535.200000
2019-09-16 16:00,301.886719,501.902222
2019-09-16 17:00,298.460938,303.928889
2019-09-16 18:00,298.631226,85.760000
2019-09-16 19:00,297.769165,19.377778
2019-09-16 20:00,296.746704,0.000000
2019-09-16 21:00,296.944702,0.000000
2019-09-16 22:00,296.995117,0.000000
2019-09-16 23:00,296.729492,0.000000
2019-09-17 00:00,296.453003,0.000000
2019-09-17 01:00,296.556641,0.000000
2019-09-17 02:00,296.180908,0.000000
2019-09-17 03:00,295.759644,0.000000
2019-09-17 04:00,295.769897,0.000000
2019-09-17 05:00,295.644165,0.000000
2019-09-17 06:00,295.956543,0.000000
2019-09-17 07:00,296.010132,1.244444
2019-09-17 08:00,296.702515,19.502222
2019-09-17 09:00,297.323486,69.155556
2019-09-17 10:00,299.032715,152.800000
2019-09-17 11:00,299.964478,237.457778
2019-09-17 12:00,300.515747,287.484444
2019-09-17 13:00,300.313843,179.911111
2019-09-17 14:00,299.812012,189.457778
2019-09-17 15:00,300.705322,322.364444
2019-09-17 16:00,300.466064,402.080000
2019-09-17 17:00,298.384277,152.817778
2019-09-17 18:00,298.527344,89.351111
2019-09-17 19:00,297.658813,4.640000
2019-09-17 20:00,296.903687,0.000000
2019-09-17 21:00,296.775024,0.000000
2019-09-17 22:00,296.442017,0.000000
2019-09-17 23:00,296.371460,0.000000
2019-09-18 00:00,296.316772,0.000000
2019-09-18 01:00,296.416138,0.000000
2019-09-18 02:00,296.093506,0.000000
2019-09-18 03:00,295.500244,0.000000
2019-09-18 04:00,295.502563,0.000000
2019-09-18 05:00,295.485962,0.000000
2019-09-18 06:00,295.463257,0.000000
2019-09-18 07:00,295.497437,1.155556
2019-09-18 08:00,295.870605,34.168889
2019-09-18 09:00,297.619629,78.577778
2019-09-18 10:00,298.261108,132.000000
2019-09-18 11:00,297.995850,119.395556
2019-09-18 12:00,299.263062,238.382222
2019-09-18 13:00,299.728027,238.524444
2019-09-18 14:00,300.020752,267.395556
2019-09-18 15:00,301.040161,387.982222
2019-09-18 16:00,301.817139,395.662222
2019-09-18 17:00,299.969971,270.986667
2019-09-18 18:00,298.791748,81.813333
2019-09-18 19:00,298.580811,11.982222
2019-09-18 20:00,297.349731,0.000000
2019-09-18 21:00,297.133545,0.000000
2019-09-18 22:00,296.519043,0.000000
2019-09-18 23:00,296.185913,0.000000
2019-09-19 00:00,296.417847,0.000000
2019-09-19 01:00,296.410400,0.000000
2019-09-19 02:00,296.348877,0.000000
2019-09-19 03:00,296.302734,0.000000
2019-09-19 04:00,296.318848,0.000000
2019-09-19 05:00,296.235596,0.000000
2019-09-19 06:00,296.684448,0.000000
2019-09-19 07:00,296.734253,2.808889
2019-09-19 08:00,297.443481,73.173333
2019-09-19 09:00,298.340027,180.124444
2019-09-19 10:00,300.479248,388.017778
2019-09-19 11:00,300.901978,499.377778
2019-09-19 12:00,302.455566,585.457778
2019-09-19 13:00,302.982788,551.111111
2019-09-19 14:00,303.870605,526.435556
2019-09-19 15:00,303.776978,611.235556
2019-09-19 16:00,302.024536,380.426667
2019-09-19 17:00,301.376709,291.715556
2019-09-19 18:00,298.831421,147.626667
2019-09-19 19:00,298.194580,11.555556
2019-09-19 20:00,298.160767,0.000000
2019-09-19 21:00,296.560425,0.000000
2019-09-19 22:00,296.963867,0.000000
2019-09-19 23:00,296.642334,0.000000
2019-09-20 00:00,296.691406,0.000000
2019-09-20 01:00,296.834106,0.000000
2019-09-20 02:00,296.842529,0.000000
2019-09-20 03:00,296.999512,0.000000
2019-09-20 04:00,297.061646,0.000000
2019-09-20 05:00,297.168457,0.000000
2019-09-20 06:00,297.112305,0.000000
2019-09-20 07:00,297.292358,2.791111
2019-09-20 08:00,297.535767,71.928889
2019-09-20 09:00,298.469971,255.786667
2019-09-20 10:00,302.090210,389.884444
2019-09-20 11:00,302.336182,394.204444
2019-09-20 12:00,302.613403,477.422222
2019-09-20 13:00,301.338257,452.373333
2019-09-20 14:00,300.466431,450.240000
2019-09-20 15:00,299.473755,295.697778
2019-09-20 16:00,300.265503,240.408889
2019-09-20 17:00,300.278564,243.964444
2019-09-20 18:00,299.050415,96.444444
2019-09-20 19:00,298.080200,15.377778
2019-09-20 20:00,298.097046,0.000000
2019-09-20 21:00,297.760132,0.000000
2019-09-20 22:00,296.557861,0.000000
2019-09-20 23:00,295.942871,0.000000
2019-09-21 00:00,296.151733,0.000000
2019-09-21 01:00,296.115112,0.000000
2019-09-21 02:00,296.058594,0.000000
2019-09-21 03:00,295.935425,0.000000
2019-09-21 04:00,295.820190,0.000000
2019-09-21 05:00,295.819702,0.000000
2019-09-21 06:00,295.612915,0.000000
2019-09-21 07:00,295.618530,0.444444
2019-09-21 08:00,295.947632,5.120000
2019-09-21 09:00,296.302612,14.755556
2019-09-21 10:00,296.563110,14.506667
2019-09-21 11:00,295.535400,25.671111
2019-09-21 12:00,295.797363,60.800000
2019-09-21 13:00,295.849854,40.586667
2019-09-21 14:00,296.110840,45.635556
2019-09-21 15:00,296.068481,45.493333
2019-09-21 16:00,296.800049,114.506667
2019-09-21 17:00,296.712158,140.515556
2019-09-21 18:00,296.762573,83.626667
2019-09-21 19:00,297.024048,5.671111
2019-09-21 20:00,296.480225,0.000000
2019-09-21 21:00,296.305908,0.000000
2019-09-21 22:00,295.897339,0.000000
2019-09-21 23:00,295.689331,0.000000
2019-09-22 00:00,295.856812,0.000000
2019-09-22 01:00,296.019165,0.000000
2019-09-22 02:00,296.068359,0.000000
2019-09-22 03:00,296.114380,0.000000
2019-09-22 04:00,296.170288,0.000000
2019-09-22 05:00,296.212891,0.000000
2019-09-22 06:00,296.369995,0.000000
2019-09-22 07:00,296.336914,2.417778
2019-09-22 08:00,296.913940,40.444444
2019-09-22 09:00,297.645142,199.271111
2019-09-22 10:00,300.118042,294.560000
2019-09-22 11:00,300.935791,421.120000
2019-09-22 12:00,302.439453,460.853333
2019-09-22 13:00,303.684692,658.506667
2019-09-22 14:00,304.738525,559.822222
2019-09-22 15:00,303.602905,489.333333
2019-09-22 16:00,303.105713,393.777778
2019-09-22 17:00,299.932617,258.737778
2019-09-22 18:00,298.504272,138.791111
2019-09-22 19:00,298.118164,14.542222
2019-09-22 20:00,297.693481,0.000000
2019-09-22 21:00,297.000244,0.000000
2019-09-22 22:00,296.445068,0.000000
2019-09-22 23:00,296.707153,0.000000
2019-09-23 00:00,296.493652,0.000000
2019-09-23 01:00,296.392212,0.000000
2019-09-23 02:00,296.034424,0.000000
2019-09-23 03:00,296.151123,0.000000
2019-09-23 04:00,295.991211,0.000000
2019-09-23 05:00,295.728760,0.000000
2019-09-23 06:00,295.433838,0.000000
2019-09-23 07:00,295.567505,0.675556
2019-09-23 08:00,295.881470,13.404444
2019-09-23 09:00,296.771729,88.622222
2019-09-23 10:00,299.774536,238.915556
2019-09-23 11:00,300.863159,387.964444
2019-09-23 12:00,302.266968,469.137778
2019-09-23 13:00,300.652832,370.471111
2019-09-23 14:00,299.658691,357.191111
2019-09-23 15:00,299.426636,341.617778
2019-09-23 16:00,300.046387,275.644444
2019-09-23 17:00,300.416748,211.733333
2019-09-23 18:00,299.997803,93.137778
2019-09-23 19:00,299.776611,8.533333
2019-09-23 20:00,298.139526,0.000000
2019-09-23 21:00,297.309204,0.000000
2019-09-23 22:00,296.451538,0.000000
2019-09-23 23:00,296.385620,0.000000
2019-09-24 00:00,296.359863,0.000000
2019-09-24 01:00,296.546875,0.000000
2019-09-24 02:00,296.191406,0.000000
2019-09-24 03:00,296.483154,0.000000
2019-09-24 04:00,296.445190,0.000000
2019-09-24 05:00,296.415039,0.000000
2019-09-24 06:00,296.756348,0.000000
2019-09-24 07:00,297.134277,2.951111
2019-09-24 08:00,297.737671,43.644444
2019-09-24 09:00,298.633728,168.551111
2019-09-24 10:00,300.414795,290.346667
2019-09-24 11:00,300.485718,464.657778
2019-09-24 12:00,301.018433,449.475556
2019-09-24 13:00,302.134888,605.457778
2019-09-24 14:00,303.450928,652.515556
2019-09-24 15:00,304.442627,593.617778
2019-09-24 16:00,304.020264,478.631111
2019-09-24 17:00,300.453857,273.280000
2019-09-24 18:00,298.021851,73.760000
2019-09-24 19:00,297.673462,10.791111
2019-09-24 20:00,296.873169,0.000000
2019-09-24 21:00,296.597290,0.000000
2019-09-24 22:00,295.979370,0.000000
2019-09-24 23:00,295.899536,0.000000
2019-09-25 00:00,295.889160,0.000000
2019-09-25 01:00,295.958130,0.000000
2019-09-25 02:00,296.158203,0.000000
2019-09-25 03:00,296.011963,0.000000
2019-09-25 04:00,295.970459,0.000000
2019-09-25 05:00,295.751099,0.000000
2019-09-25 06:00,295.651367,0.000000
2019-09-25 07:00,295.560181,3.288889
2019-09-25 08:00,296.292725,63.573333
2019-09-25 09:00,296.527954,82.311111
2019-09-25 10:00,298.879211,229.066667
2019-09-25 11:00,299.911133,340.960000
2019-09-25 12:00,301.326660,505.706667
2019-09-25 13:00,302.298950,531.857778
2019-09-25 14:00,302.684570,541.191111
2019-09-25 15:00,301.582764,433.137778
2019-09-25 16:00,302.958008,526.222222
2019-09-25 17:00,300.471924,247.928889
2019-09-25 18:00,299.296021,86.702222
2019-09-25 19:00,298.924438,10.026667
2019-09-25 20:00,298.458496,0.000000
2019-09-25 21:00,296.515015,0.000000
2019-09-25 22:00,297.072754,0.000000
2019-09-25 23:00,296.163574,0.000000
2019-09-26 00:00,296.013306,0.000000
2019-09-26 01:00,295.824463,0.000000
2019-09-26 02:00,295.182739,0.000000
2019-09-26 03:00,295.532471,0.000000
2019-09-26 04:00,295.330566,0.000000
2019-09-26 05:00,295.539429,0.000000
2019-09-26 06:00,296.315430,0.000000
2019-09-26 07:00,296.358154,4.355556
2019-09-26 08:00,296.812012,62.560000
2019-09-26 09:00,297.033691,214.400000
2019-09-26 10:00,299.089355,272.906667
2019-09-26 11:00,299.474365,440.853333
2019-09-26 12:00,300.772339,521.600000
2019-09-26 13:00,301.004883,512.693333
2019-09-26 14:00,301.401978,538.151111
2019-09-26 15:00,302.447754,454.631111
2019-09-26 16:00,301.072021,406.400000
2019-09-26 17:00,300.603394,277.724444
2019-09-26 18:00,300.164429,139.182222
2019-09-26 19:00,298.469971,7.377778
2019-09-26 20:00,297.181274,0.000000
2019-09-26 21:00,296.988892,0.000000
2019-09-26 22:00,296.404419,0.000000
2019-09-26 23:00,296.156738,0.000000
2019-09-27 00:00,295.853638,0.000000
2019-09-27 01:00,296.273804,0.000000
2019-09-27 02:00,295.902954,0.000000
2019-09-27 03:00,295.977173,0.000000
2019-09-27 04:00,295.885620,0.000000
2019-09-27 05:00,295.517700,0.000000
2019-09-27 06:00,296.234375,0.000000
2019-09-27 07:00,296.265259,4.106667
2019-09-27 08:00,296.739014,72.497778
2019-09-27 09:00,297.887695,224.977778
2019-09-27 10:00,300.830811,369.884444
2019-09-27 11:00,301.554321,470.471111
2019-09-27 12:00,300.932983,475.022222
2019-09-27 13:00,301.823486,548.515556
2019-09-27 14:00,303.707520,655.697778
2019-09-27 15:00,304.989746,578.933333
2019-09-27 16:00,304.404297,528.408889
2019-09-27 17:00,300.195190,183.555556
2019-09-27 18:00,299.395996,56.960000
2019-09-27 19:00,298.856689,18.595556
2019-09-27 20:00,297.334473,0.000000
2019-09-27 21:00,296.614990,0.000000
2019-09-27 22:00,297.493164,0.000000
2019-09-27 23:00,296.124268,0.000000
2019-09-28 00:00,296.489990,0.000000
2019-09-28 01:00,296.551514,0.000000
2019-09-28 02:00,296.531494,0.000000
2019-09-28 03:00,295.562622,0.000000
2019-09-28 04:00,296.198364,0.000000
2019-09-28 05:00,296.246826,0.000000
2019-09-28 06:00,296.485718,0.000000
2019-09-28 07:00,296.210571,4.533333
2019-09-28 08:00,296.472656,109.937778
2019-09-28 09:00,297.601685,239.857778
2019-09-28 10:00,299.629028,403.573333
2019-09-28 11:00,299.874390,355.164444
2019-09-28 12:00,301.392700,448.213333
2019-09-28 13:00,302.519409,491.946667
2019-09-28 14:00,303.816406,657.440000
2019-09-28 15:00,303.776611,570.631111
2019-09-28 16:00,300.378418,250.595556
2019-09-28 17:00,297.573486,170.257778
2019-09-28 18:00,297.340332,48.071111
2019-09-28 19:00,297.200439,14.773333
2019-09-28 20:00,297.190796,0.000000
2019-09-28 21:00,297.207031,0.000000
2019-09-28 22:00,296.053711,0.000000
2019-09-28 23:00,296.950684,0.000000
2019-09-29 00:00,295.890747,0.000000
2019-09-29 01:00,295.796143,0.000000
2019-09-29 02:00,295.869263,0.000000
2019-09-29 03:00,296.363037,0.000000
2019-09-29 04:00,295.860962,0.000000
2019-09-29 05:00,296.507446,0.000000
2019-09-29 06:00,296.698730,0.000000
2019-09-29 07:00,296.831543,4.480000
2019-09-29 08:00,297.211548,106.897778
2019-09-29 09:00,298.675293,257.173333
2019-09-29 10:00,300.983276,443.377778
2019-09-29 11:00,302.642334,594.275556
2019-09-29 12:00,302.865845,613.208889
2019-09-29 13:00,303.216309,670.542222
2019-09-29 14:00,302.861816,600.071111
2019-09-29 15:00,300.456787,384.160000
2019-09-29 16:00,299.815186,295.804444
2019-09-29 17:00,299.687866,159.075556
2019-09-29 18:00,299.277710,71.448889
2019-09-29 19:00,298.289185,4.142222
2019-09-29 20:00,297.407104,0.000000
2019-09-29 21:00,296.442139,0.000000
2019-09-29 22:00,296.191528,0.000000
2019-09-29 23:00,296.177002,0.000000
2019-09-30 00:00,295.793457,0.000000
2019-09-30 01:00,295.786377,0.000000
2019-09-30 02:00,295.553223,0.000000
2019-09-30 03:00,295.333984,0.000000
2019-09-30 04:00,295.399292,0.000000
2019-09-30 05:00,295.035400,0.000000
2019-09-30 06:00,295.580933,0.000000
2019-09-30 07:00,295.517456,4.088889
2019-09-30 08:00,295.236084,77.315556
2019-09-30 09:00,296.354248,224.977778
2019-09-30 10:00,299.377991,381.244444
2019-09-30 11:00,301.421875,618.524444
2019-09-30 12:00,302.208374,517.813333
2019-09-30 13:00,301.979614,393.848889
2019-09-30 14:00,302.536133,414.062222
2019-09-30 15:00,303.133545,563.733333
2019-09-30 16:00,303.465576,491.377778
2019-09-30 17:00,303.529541,365.831111
2019-09-30 18:00,302.739014,134.560000
2019-09-30 19:00,301.704956,14.471111
2019-09-30 20:00,299.537109,0.000000
2019-09-30 21:00,299.139282,0.000000
2019-09-30 22:00,297.823120,0.000000
2019-09-30 23:00,297.424683,0.000000
2019-10-01 00:00,297.041504,0.000000
2019-10-01 01:00,296.585449,0.000000
2019-10-01 02:00,296.802612,0.000000
2019-10-01 03:00,297.455811,0.000000
2019-10-01 04:00,297.378540,0.000000
2019-10-01 05:00,296.951660,0.000000
2019-10-01 06:00,297.625977,0.000000
2019-10-01 07:00,297.321533,3.377778
2019-10-01 08:00,297.026611,32.586667
2019-10-01 09:00,297.677856,59.875556
2019-10-01 10:00,299.281616,138.133333
2019-10-01 11:00,301.313599,443.786667
2019-10-01 12:00,301.158936,470.702222
2019-10-01 13:00,300.984863,333.937778
2019-10-01 14:00,301.597412,401.208889
2019-10-01 15:00,302.657104,427.004444
2019-10-01 16:00,302.626709,363.715556
2019-10-01 17:00,301.266357,309.333333
2019-10-01 18:00,300.481812,155.893333
2019-10-01 19:00,299.379028,14.186667
2019-10-01 20:00,298.079590,0.000000
2019-10-01 21:00,297.601685,0.000000
2019-10-01 22:00,297.429199,0.000000
2019-10-01 23:00,297.014771,0.000000
2019-10-02 00:00,296.949341,0.000000
2019-10-02 01:00,296.908691,0.000000
2019-10-02 02:00,297.046265,0.000000
2019-10-02 03:00,296.914185,0.000000
2019-10-02 04:00,296.997314,0.000000
2019-10-02 05:00,297.230591,0.000000
2019-10-02 06:00,297.167969,0.000000
2019-10-02 07:00,296.911255,2.844444
2019-10-02 08:00,297.249634,42.595556
2019-10-02 09:00,297.615723,168.444444
2019-10-02 10:00,300.897583,356.462222
2019-10-02 11:00,302.116699,472.924444
2019-10-02 12:00,303.339478,509.013333
2019-10-02 13:00,302.757935,387.306667
2019-10-02 14:00,301.326416,468.302222
2019-10-02 15:00,300.168701,319.893333
2019-10-02 16:00,297.321045,176.622222
2019-10-02 17:00,296.462646,34.577778
2019-10-02 18:00,297.536743,31.395556
2019-10-02 19:00,296.770996,3.342222
2019-10-02 20:00,296.173828,0.000000
2019-10-02 21:00,296.326172,0.000000
2019-10-02 22:00,296.256592,0.000000
2019-10-02 23:00,296.317749,0.000000
2019-10-03 00:00,296.574829,0.000000
2019-10-03 01:00,296.330078,0.000000
2019-10-03 02:00,296.203735,0.000000
2019-10-03 03:00,296.032227,0.000000
2019-10-03 04:00,296.013916,0.000000
2019-10-03 05:00,295.952881,0.000000
2019-10-03 06:00,295.840454,0.000000
2019-10-03 07:00,296.186279,2.435556
2019-10-03 08:00,297.116699,38.791111
2019-10-03 09:00,297.916260,98.720000
2019-10-03 10:00,299.300415,203.715556
2019-10-03 11:00,299.579590,241.475556
2019-10-03 12:00,301.265991,628.853333
2019-10-03 13:00,301.420532,658.275556
2019-10-03 14:00,302.584961,572.266667
2019-10-03 15:00,303.260254,528.853333
2019-10-03 16:00,302.676147,495.200000
2019-10-03 17:00,300.387451,303.484444
2019-10-03 18:00,299.830811,121.777778
2019-10-03 19:00,298.934570,10.844444
2019-10-03 20:00,298.214478,0.000000
2019-10-03 21:00,297.019897,0.000000
2019-10-03 22:00,296.821289,0.000000
2019-10-03 23:00,297.391968,0.000000
2019-10-04 00:00,297.677368,0.000000
2019-10-04 01:00,297.699341,0.000000
2019-10-04 02:00,297.547974,0.000000
2019-10-04 03:00,296.947266,0.000000
2019-10-04 04:00,296.629028,0.000000
2019-10-04 05:00,296.079102,0.000000
2019-10-04 06:00,296.183105,0.000000
2019-10-04 07:00,296.122925,2.702222
2019-10-04 08:00,297.246216,32.515556
2019-10-04 09:00,298.145264,84.533333
2019-10-04 10:00,299.383423,423.182222
2019-10-04 11:00,299.300415,381.937778
2019-10-04 12:00,300.460327,625.368889
2019-10-04 13:00,300.770020,576.693333
2019-10-04 14:00,303.321899,679.146667
2019-10-04 15:00,304.070923,513.457778
2019-10-04 16:00,301.488892,262.026667
2019-10-04 17:00,298.844849,197.511111
2019-10-04 18:00,297.211304,98.880000
2019-10-04 19:00,297.335693,9.813333
2019-10-04 20:00,296.649902,0.000000
2019-10-04 21:00,296.391846,0.000000
2019-10-04 22:00,296.422363,0.000000
2019-10-04 23:00,296.270020,0.000000
2019-10-05 00:00,296.503662,0.000000
2019-10-05 01:00,295.916504,0.000000
2019-10-05 02:00,296.149414,0.000000
2019-10-05 03:00,296.174683,0.000000
2019-10-05 04:00,296.321411,0.000000
2019-10-05 05:00,296.208862,0.000000
2019-10-05 06:00,296.007935,0.000000
2019-10-05 07:00,296.288208,4.266667
2019-10-05 08:00,296.857178,54.897778
2019-10-05 09:00,297.518066,111.111111
2019-10-05 10:00,299.737183,245.831111
2019-10-05 11:00,300.274292,362.737778
2019-10-05 12:00,301.123047,678.346667
2019-10-05 13:00,302.536011,787.324444
2019-10-05 14:00,303.655029,720.746667
2019-10-05 15:00,304.003418,664.213333
2019-10-05 16:00,303.918335,465.848889
2019-10-05 17:00,299.642090,298.293333
2019-10-05 18:00,298.861328,62.577778
2019-10-05 19:00,298.958130,7.502222
2019-10-05 20:00,298.904785,0.000000
2019-10-05 21:00,297.770752,0.000000
2019-10-05 22:00,296.862671,0.000000
2019-10-05 23:00,296.899658,0.000000
2019-10-06 00:00,296.733154,0.000000
2019-10-06 01:00,296.872192,0.000000
2019-10-06 02:00,296.936157,0.000000
2019-10-06 03:00,296.139282,0.000000
2019-10-06 04:00,295.978149,0.000000
2019-10-06 05:00,295.882935,0.000000
2019-10-06 06:00,295.751587,0.000000
2019-10-06 07:00,295.807373,4.782222
2019-10-06 08:00,296.330200,69.173333
2019-10-06 09:00,297.581543,211.751111
2019-10-06 10:00,299.048523,347.235556
2019-10-06 11:00,300.868958,478.880000
2019-10-06 12:00,302.006592,546.648889
2019-10-06 13:00,302.735107,637.973333
2019-10-06 14:00,300.993774,463.697778
2019-10-06 15:00,297.577026,304.782222
2019-10-06 16:00,297.340210,144.764444
2019-10-06 17:00,298.129883,220.266667
2019-10-06 18:00,298.237671,80.622222
2019-10-06 19:00,298.438843,6.222222
2019-10-06 20:00,298.366821,0.000000
2019-10-06 21:00,297.458008,0.000000
2019-10-06 22:00,297.011841,0.000000
2019-10-06 23:00,296.915161,0.000000
2019-10-07 00:00,296.917847,0.000000
2019-10-07 01:00,296.395874,0.000000
2019-10-07 02:00,295.813599,0.000000
2019-10-07 03:00,295.422729,0.000000
2019-10-07 04:00,295.266479,0.000000
2019-10-07 05:00,295.357178,0.000000
2019-10-07 06:00,295.474731,0.000000
2019-10-07 07:00,295.696045,1.706667
2019-10-07 08:00,296.409668,23.395556
2019-10-07 09:00,297.253540,53.777778
2019-10-07 10:00,297.959839,126.222222
2019-10-07 11:00,297.151367,73.208889
2019-10-07 12:00,297.005249,63.004444
2019-10-07 13:00,297.443237,112.462222
2019-10-07 14:00,298.144043,163.360000
2019-10-07 15:00,299.585083,435.342222
2019-10-07 16:00,299.448242,202.222222
2019-10-07 17:00,298.160156,87.271111
2019-10-07 18:00,298.157349,66.222222
2019-10-07 19:00,297.896484,5.546667
2019-10-07 20:00,298.080566,0.000000
2019-10-07 21:00,295.954712,0.000000
2019-10-07 22:00,296.015015,0.000000
2019-10-07 23:00,296.370483,0.000000
2019-10-08 00:00,296.100220,0.000000
2019-10-08 01:00,296.111572,0.000000
2019-10-08 02:00,295.881104,0.000000
2019-10-08 03:00,295.779785,0.000000
2019-10-08 04:00,295.711182,0.000000
2019-10-08 05:00,295.718628,0.000000
2019-10-08 06:00,295.981689,0.000000
2019-10-08 07:00,295.774414,5.280000
2019-10-08 08:00,296.250122,30.293333
2019-10-08 09:00,296.373413,41.777778
2019-10-08 10:00,298.424683,105.706667
2019-10-08 11:00,300.215088,293.528889
2019-10-08 12:00,300.322266,279.431111
2019-10-08 13:00,300.605591,311.946667
2019-10-08 14:00,299.739258,400.017778
2019-10-08 15:00,299.376221,314.311111
2019-10-08 16:00,298.209473,273.937778
2019-10-08 17:00,297.507568,101.297778
2019-10-08 18:00,297.227905,44.355556
2019-10-08 19:00,297.390137,3.697778
2019-10-08 20:00,297.370239,0.000000
2019-10-08 21:00,296.524658,0.000000
2019-10-08 22:00,295.576538,0.000000
2019-10-08 23:00,295.754395,0.000000
2019-10-09 00:00,296.050293,0.000000
2019-10-09 01:00,295.961304,0.000000
2019-10-09 02:00,295.830566,0.000000
2019-10-09 03:00,295.088867,0.000000
2019-10-09 04:00,295.192261,0.000000
2019-10-09 05:00,295.208618,0.000000
2019-10-09 06:00,295.388306,0.000000
2019-10-09 07:00,295.367065,2.613333
2019-10-09 08:00,296.513794,50.773333
2019-10-09 09:00,297.100708,133.653333
2019-10-09 10:00,298.480591,223.377778
2019-10-09 11:00,299.923462,417.048889
2019-10-09 12:00,301.147217,514.471111
2019-10-09 13:00,302.214111,539.448889
2019-10-09 14:00,303.436646,599.164444
2019-10-09 15:00,303.338135,525.795556
2019-10-09 16:00,299.701538,275.448889
2019-10-09 17:00,299.194458,147.591111
2019-10-09 18:00,299.347534,63.786667
2019-10-09 19:00,299.533325,9.368889
2019-10-09 20:00,298.409424,0.000000
2019-10-09 21:00,296.655518,0.000000
2019-10-09 22:00,297.027588,0.000000
2019-10-09 23:00,296.393433,0.000000
2019-10-10 00:00,296.112305,0.000000
2019-10-10 01:00,296.413330,0.000000
2019-10-10 02:00,295.165039,0.000000
2019-10-10 03:00,295.092285,0.000000
2019-10-10 04:00,295.280396,0.000000
2019-10-10 05:00,294.983887,0.000000
2019-10-10 06:00,295.539185,0.000000
2019-10-10 07:00,295.798950,5.635556
2019-10-10 08:00,296.552979,81.173333
2019-10-10 09:00,297.936523,279.520000
2019-10-10 10:00,300.891724,478.968889
2019-10-10 11:00,302.172913,635.715556
2019-10-10 12:00,302.916016,682.062222
2019-10-10 13:00,302.967285,587.342222
2019-10-10 14:00,304.132080,643.182222
2019-10-10 15:00,303.599731,476.391111
2019-10-10 16:00,304.032715,513.226667
2019-10-10 17:00,302.435547,305.866667
2019-10-10 18:00,301.576294,134.488889
2019-10-10 19:00,300.651978,8.355556
2019-10-10 20:00,299.061890,0.000000
2019-10-10 21:00,298.635498,0.000000
2019-10-10 22:00,298.045288,0.000000
2019-10-10 23:00,297.672485,0.000000
2019-10-11 00:00,297.497437,0.000000
2019-10-11 01:00,297.335083,0.000000
2019-10-11 02:00,296.989990,0.000000
2019-10-11 03:00,297.094971,0.000000
2019-10-11 04:00,297.406128,0.000000
2019-10-11 05:00,297.346313,0.000000
2019-10-11 06:00,298.369385,0.000000
2019-10-11 07:00,298.510010,3.893333
2019-10-11 08:00,299.782959,85.422222
2019-10-11 09:00,301.255005,252.835556
2019-10-11 10:00,302.711548,317.244444
2019-10-11 11:00,303.448730,476.533333
2019-10-11 12:00,304.243408,570.595556
2019-10-11 13:00,303.684937,434.666667
2019-10-11 14:00,304.027588,616.160000
2019-10-11 15:00,300.072510,480.480000
2019-10-11 16:00,300.308105,329.226667
2019-10-11 17:00,300.200439,194.613333
2019-10-11 18:00,299.764404,85.742222
2019-10-11 19:00,299.293213,7.111111
2019-10-11 20:00,298.561035,0.000000
2019-10-11 21:00,297.885376,0.000000
2019-10-11 22:00,296.996094,0.000000
2019-10-11 23:00,296.875366,0.000000
2019-10-12 00:00,296.710693,0.000000
2019-10-12 01:00,297.061279,0.000000
2019-10-12 02:00,297.277466,0.000000
2019-10-12 03:00,297.417725,0.000000
2019-10-12 04:00,297.442871,0.000000
2019-10-12 05:00,297.325439,0.000000
2019-10-12 06:00,297.391846,0.000000
2019-10-12 07:00,297.308472,1.084444
2019-10-12 08:00,296.964111,15.182222
2019-10-12 09:00,296.674927,33.386667
2019-10-12 10:00,296.748657,81.120000
2019-10-12 11:00,296.792725,271.040000
2019-10-12 12:00,298.614502,389.688889
2019-10-12 13:00,300.143677,402.791111
2019-10-12 14:00,301.211426,323.982222
2019-10-12 15:00,300.540283,306.062222
2019-10-12 16:00,300.555908,205.404444
2019-10-12 17:00,298.743652,196.942222
2019-10-12 18:00,298.020386,36.800000
2019-10-12 19:00,297.965332,3.164444
2019-10-12 20:00,296.985718,0.000000
2019-10-12 21:00,296.999146,0.000000
2019-10-12 22:00,296.247314,0.000000
2019-10-12 23:00,296.188843,0.000000
2019-10-13 00:00,295.985107,0.000000
2019-10-13 01:00,295.865601,0.000000
2019-10-13 02:00,295.623413,0.000000
2019-10-13 03:00,295.442261,0.000000
2019-10-13 04:00,295.083252,0.000000
2019-10-13 05:00,295.192139,0.000000
2019-10-13 06:00,295.480347,0.000000
2019-10-13 07:00,295.583252,2.400000
2019-10-13 08:00,295.826782,34.080000
2019-10-13 09:00,295.996826,131.768889
2019-10-13 10:00,297.893799,176.320000
2019-10-13 11:00,298.458252,286.897778
2019-10-13 12:00,299.335083,415.662222
2019-10-13 13:00,297.546021,186.488889
2019-10-13 14:00,299.227173,334.968889
2019-10-13 15:00,300.573608,341.404444
2019-10-13 16:00,298.191345,125.902222
2019-10-13 17:00,297.321289,83.004444
2019-10-13 18:00,297.468140,30.328889
2019-10-13 19:00,297.104980,4.053333
2019-10-13 20:00,296.783813,0.000000
2019-10-13 21:00,296.233521,0.000000
2019-10-13 22:00,296.329956,0.000000
2019-10-13 23:00,296.407104,0.000000
2019-10-14 00:00,296.433472,0.000000
2019-10-14 01:00,296.388794,0.000000
2019-10-14 02:00,296.377441,0.000000
2019-10-14 03:00,296.240234,0.000000
2019-10-14 04:00,296.174438,0.000000
2019-10-14 05:00,295.953857,0.000000
2019-10-14 06:00,296.080811,0.000000
2019-10-14 07:00,296.204712,3.342222
2019-10-14 08:00,297.361328,39.093333
2019-10-14 09:00,298.392090,98.186667
2019-10-14 10:00,298.853088,151.857778
2019-10-14 11:00,300.077393,391.164444
2019-10-14 12:00,300.502563,446.488889
2019-10-14 13:00,301.252930,529.920000
2019-10-14 14:00,300.818481,395.697778
2019-10-14 15:00,300.664185,336.408889
2019-10-14 16:00,301.486694,333.528889
2019-10-14 17:00,300.466919,258.080000
2019-10-14 18:00,299.696899,105.422222
2019-10-14 19:00,298.903320,5.813333
2019-10-14 20:00,297.378296,0.000000
2019-10-14 21:00,296.754517,0.000000
2019-10-14 22:00,296.686890,0.000000
2019-10-14 23:00,296.465454,0.000000
2019-10-15 00:00,295.752197,0.000000
2019-10-15 01:00,296.517578,0.000000
2019-10-15 02:00,296.454712,0.000000
2019-10-15 03:00,296.262573,0.000000
2019-10-15 04:00,296.062256,0.000000
2019-10-15 05:00,294.975952,0.000000
2019-10-15 06:00,296.428223,0.000000
2019-10-15 07:00,296.724243,4.942222
2019-10-15 08:00,297.715088,99.697778
2019-10-15 09:00,298.665283,289.386667
2019-10-15 10:00,301.467041,392.640000
2019-10-15 11:00,301.977661,433.048889
2019-10-15 12:00,302.063965,519.928889
2019-10-15 13:00,303.156372,764.515556
2019-10-15 14:00,304.473145,693.600000
2019-10-15 15:00,304.484741,452.213333
2019-10-15 16:00,302.942627,427.324444
2019-10-15 17:00,301.034302,210.168889
2019-10-15 18:00,299.275513,94.844444
2019-10-15 19:00,298.307495,7.928889
2019-10-15 20:00,297.563232,0.000000
2019-10-15 21:00,297.559326,0.000000
2019-10-15 22:00,297.052979,0.000000
2019-10-15 23:00,296.882935,0.000000
2019-10-16 00:00,296.264160,0.000000
2019-10-16 01:00,295.812134,0.000000
2019-10-16 02:00,296.201904,0.000000
2019-10-16 03:00,295.861084,0.000000
2019-10-16 04:00,295.817627,0.000000
2019-10-16 05:00,295.849731,0.000000
2019-10-16 06:00,296.821289,0.000000
2019-10-16 07:00,296.629272,4.177778
2019-10-16 08:00,297.857849,73.457778
2019-10-16 09:00,298.381836,247.093333
2019-10-16 10:00,300.971619,409.297778
2019-10-16 11:00,301.348633,394.151111
2019-10-16 12:00,302.432495,350.222222
2019-10-16 13:00,302.970581,492.391111
2019-10-16 14:00,303.999756,407.591111
2019-10-16 15:00,304.282593,500.746667
2019-10-16 16:00,303.780029,333.315556
2019-10-16 17:00,300.615601,132.320000
2019-10-16 18:00,300.339600,71.680000
2019-10-16 19:00,299.437744,4.835556
2019-10-16 20:00,298.394653,0.000000
2019-10-16 21:00,297.705200,0.000000
2019-10-16 22:00,297.351196,0.000000
2019-10-16 23:00,297.186035,0.000000
2019-10-17 00:00,296.899780,0.000000
2019-10-17 01:00,297.188843,0.000000
2019-10-17 02:00,296.861084,0.000000
2019-10-17 03:00,297.112793,0.000000
2019-10-17 04:00,297.288696,0.000000
2019-10-17 05:00,297.231689,0.000000
2019-10-17 06:00,297.139893,0.000000
2019-10-17 07:00,296.420654,4.106667
2019-10-17 08:00,298.363159,56.284444
2019-10-17 09:00,299.036865,205.475556
2019-10-17 10:00,301.084229,354.951111
2019-10-17 11:00,302.017578,485.351111
2019-10-17 12:00,303.261230,685.493333
2019-10-17 13:00,303.441772,720.497778
2019-10-17 14:00,303.676147,569.404444
2019-10-17 15:00,302.333008,406.897778
2019-10-17 16:00,302.756348,383.537778
2019-10-17 17:00,302.595093,267.680000
2019-10-17 18:00,300.963501,124.995556
2019-10-17 19:00,299.765869,6.453333
2019-10-17 20:00,298.685425,0.000000
2019-10-17 21:00,296.980713,0.000000
2019-10-17 22:00,297.155640,0.000000
2019-10-17 23:00,297.376587,0.000000
2019-10-18 00:00,297.680908,0.000000
2019-10-18 01:00,297.518188,0.000000
2019-10-18 02:00,297.660522,0.000000
2019-10-18 03:00,296.823853,0.000000
2019-10-18 04:00,297.249512,0.000000
2019-10-18 05:00,297.244995,0.000000
2019-10-18 06:00,297.376221,0.000000
2019-10-18 07:00,297.398438,2.560000
2019-10-18 08:00,298.122681,70.346667
2019-10-18 09:00,299.514648,206.204444
2019-10-18 10:00,300.494873,262.257778
2019-10-18 11:00,301.331665,359.857778
2019-10-18 12:00,303.198853,706.968889
2019-10-18 13:00,303.471802,635.004444
2019-10-18 14:00,304.362427,663.306667
2019-10-18 15:00,302.480835,441.262222
2019-10-18 16:00,301.130005,287.360000
2019-10-18 17:00,301.058838,172.195556
2019-10-18 18:00,299.050293,76.782222
2019-10-18 19:00,298.224243,5.991111
2019-10-18 20:00,297.351440,0.000000
2019-10-18 21:00,297.144165,0.000000
2019-10-18 22:00,296.766724,0.000000
2019-10-18 23:00,296.806763,0.000000
2019-10-19 00:00,296.931763,0.000000
2019-10-19 01:00,297.038330,0.000000
2019-10-19 02:00,296.766113,0.000000
2019-10-19 03:00,296.430054,0.000000
2019-10-19 04:00,296.324463,0.000000
2019-10-19 05:00,295.663696,0.000000
2019-10-19 06:00,295.980103,0.000000
2019-10-19 07:00,295.619019,5.866667
2019-10-19 08:00,296.598022,92.444444
2019-10-19 09:00,297.234741,232.195556
2019-10-19 10:00,299.391235,376.533333
2019-10-19 11:00,301.150146,571.271111
2019-10-19 12:00,302.070496,698.311111
2019-10-19 13:00,302.475342,699.644444
2019-10-19 14:00,303.110718,669.297778
2019-10-19 15:00,302.766724,455.502222
2019-10-19 16:00,302.033447,323.217778
2019-10-19 17:00,301.893433,178.560000
2019-10-19 18:00,300.706055,82.986667
2019-10-19 19:00,299.602905,5.724444
2019-10-19 20:00,297.472900,0.000000
2019-10-19 21:00,297.461304,0.000000
2019-10-19 22:00,296.780029,0.000000
2019-10-19 23:00,297.212036,0.000000
2019-10-20 00:00,297.075073,0.000000
2019-10-20 01:00,296.536865,0.000000
2019-10-20 02:00,296.560059,0.000000
2019-10-20 03:00,296.524170,0.000000
2019-10-20 04:00,296.406982,0.000000
2019-10-20 05:00,296.366943,0.000000
2019-10-20 06:00,296.455566,0.000000
2019-10-20 07:00,296.428467,5.653333
2019-10-20 08:00,297.382812,86.080000
2019-10-20 09:00,297.902954,225.582222
2019-10-20 10:00,300.106384,295.857778
2019-10-20 11:00,300.888062,367.271111
2019-10-20 12:00,300.685913,453.404444
2019-10-20 13:00,301.618652,457.848889
2019-10-20 14:00,301.896240,509.120000
2019-10-20 15:00,301.551392,456.622222
2019-10-20 16:00,300.754150,267.626667
2019-10-20 17:00,298.968750,129.297778
2019-10-20 18:00,298.358521,47.342222
2019-10-20 19:00,297.889282,5.351111
2019-10-20 20:00,296.987915,0.000000
2019-10-20 21:00,296.696411,0.000000
2019-10-20 22:00,296.576782,0.000000
2019-10-20 23:00,296.522583,0.000000
2019-10-21 00:00,296.278564,0.000000
2019-10-21 01:00,296.233765,0.000000
2019-10-21 02:00,296.346680,0.000000
2019-10-21 03:00,296.271118,0.000000
2019-10-21 04:00,295.977905,0.000000
2019-10-21 05:00,296.194946,0.000000
2019-10-21 06:00,297.366943,0.000000
2019-10-21 07:00,297.402954,5.155556
2019-10-21 08:00,298.054688,83.680000
2019-10-21 09:00,298.155518,214.862222
2019-10-21 10:00,299.675781,280.533333
2019-10-21 11:00,301.238770,477.404444
2019-10-21 12:00,301.482788,512.675556
2019-10-21 13:00,302.877441,664.177778
2019-10-21 14:00,305.639771,687.644444
2019-10-21 15:00,303.905396,451.040000
2019-10-21 16:00,302.501953,279.786667
2019-10-21 17:00,300.447876,170.311111
2019-10-21 18:00,299.568115,35.182222
2019-10-21 19:00,298.979248,4.213333
2019-10-21 20:00,297.039673,0.000000
2019-10-21 21:00,296.695801,0.000000
2019-10-21 22:00,296.929443,0.000000
2019-10-21 23:00,296.757812,0.000000
2019-10-22 00:00,296.822144,0.000000
2019-10-22 01:00,296.810425,0.000000
2019-10-22 02:00,296.578735,0.000000
2019-10-22 03:00,296.427002,0.000000
2019-10-22 04:00,296.019897,0.000000
2019-10-22 05:00,295.905396,0.000000
2019-10-22 06:00,295.859497,0.000000
2019-10-22 07:00,296.158813,5.937778
2019-10-22 08:00,297.962280,101.120000
2019-10-22 09:00,299.281250,277.173333
2019-10-22 10:00,301.246460,406.648889
2019-10-22 11:00,302.448242,564.231111
2019-10-22 12:00,301.629761,508.764444
2019-10-22 13:00,300.934570,405.991111
2019-10-22 14:00,301.625244,444.266667
2019-10-22 15:00,301.559082,326.951111
2019-10-22 16:00,301.185303,187.093333
2019-10-22 17:00,300.250854,111.004444
2019-10-22 18:00,299.147705,46.631111
2019-10-22 19:00,298.028198,4.035556
2019-10-22 20:00,297.795776,0.000000
2019-10-22 21:00,297.632690,0.000000
2019-10-22 22:00,297.435181,0.000000
2019-10-22 23:00,297.429321,0.000000
2019-10-23 00:00,297.509155,0.000000
2019-10-23 01:00,297.421387,0.000000
2019-10-23 02:00,296.790405,0.000000
2019-10-23 03:00,296.474854,0.000000
2019-10-23 04:00,296.471680,0.000000
2019-10-23 05:00,296.424927,0.000000
2019-10-23 06:00,296.814575,0.000000
2019-10-23 07:00,296.737061,3.697778
2019-10-23 08:00,296.889893,67.893333
2019-10-23 09:00,297.507751,167.093333
2019-10-23 10:00,300.416382,302.666667
2019-10-23 11:00,300.624512,328.480000
2019-10-23 12:00,301.079102,443.004444
2019-10-23 13:00,299.307617,273.937778
2019-10-23 14:00,301.159912,453.208889
2019-10-23 15:00,301.361206,378.524444
2019-10-23 16:00,299.458862,98.684444
2019-10-23 17:00,299.519897,109.297778
2019-10-23 18:00,298.461182,36.106667
2019-10-23 19:00,298.127625,2.488889
2019-10-23 20:00,297.753052,0.000000
2019-10-23 21:00,296.685303,0.000000
2019-10-23 22:00,296.588745,0.000000
2019-10-23 23:00,296.675293,0.000000
2019-10-24 00:00,296.561646,0.000000
2019-10-24 01:00,296.519043,0.000000
2019-10-24 02:00,296.312500,0.000000
2019-10-24 03:00,296.322876,0.000000
2019-10-24 04:00,296.341797,0.000000
2019-10-24 05:00,296.051880,0.000000
2019-10-24 06:00,295.895630,0.000000
2019-10-24 07:00,295.946777,3.075556
2019-10-24 08:00,296.917969,43.786667
2019-10-24 09:00,298.147827,120.728889
2019-10-24 10:00,300.038208,268.977778
2019-10-24 11:00,300.607544,430.915556
2019-10-24 12:00,301.271973,447.751111
2019-10-24 13:00,302.010742,670.133333
2019-10-24 14:00,303.244751,655.377778
2019-10-24 15:00,300.843262,308.853333
2019-10-24 16:00,300.057129,190.222222
2019-10-24 17:00,299.913086,132.124444
2019-10-24 18:00,299.376587,67.324444
2019-10-24 19:00,298.307007,5.244444
2019-10-24 20:00,297.981201,0.000000
2019-10-24 21:00,296.521851,0.000000
2019-10-24 22:00,296.317871,0.000000
2019-10-24 23:00,295.865967,0.000000
2019-10-25 00:00,297.005615,0.000000
2019-10-25 01:00,297.072998,0.000000
2019-10-25 02:00,297.118164,0.000000
2019-10-25 03:00,297.291626,0.000000
2019-10-25 04:00,297.025879,0.000000
2019-10-25 05:00,297.383179,0.000000
2019-10-25 06:00,297.062500,0.000000
2019-10-25 07:00,296.578979,5.813333
2019-10-25 08:00,298.306030,126.915556
2019-10-25 09:00,298.301270,312.302222
2019-10-25 10:00,300.736450,415.057778
2019-10-25 11:00,301.201050,421.262222
2019-10-25 12:00,302.010986,576.782222
2019-10-25 13:00,302.082153,481.368889
2019-10-25 14:00,302.149170,570.382222
2019-10-25 15:00,303.088989,576.462222
2019-10-25 16:00,301.414185,484.000000
2019-10-25 17:00,299.761719,276.462222
2019-10-25 18:00,299.332153,103.164444
2019-10-25 19:00,298.489258,5.440000
2019-10-25 20:00,297.487793,0.000000
2019-10-25 21:00,296.894165,0.000000
2019-10-25 22:00,295.491089,0.000000
2019-10-25 23:00,296.346680,0.000000
2019-10-26 00:00,295.125244,0.000000
2019-10-26 01:00,295.203125,0.000000
2019-10-26 02:00,294.701660,0.000000
2019-10-26 03:00,294.027344,0.000000
2019-10-26 04:00,294.629883,0.000000
2019-10-26 05:00,294.691406,0.000000
2019-10-26 06:00,294.885742,0.000000
2019-10-26 07:00,294.867188,7.075556
2019-10-26 08:00,297.879761,116.657778
2019-10-26 09:00,299.268921,322.400000
2019-10-26 10:00,302.209473,510.346667
2019-10-26 11:00,303.479614,685.528889
2019-10-26 12:00,304.664917,755.982222
2019-10-26 13:00,304.911987,789.440000
2019-10-26 14:00,305.582520,728.462222
2019-10-26 15:00,305.682251,656.871111
2019-10-26 16:00,305.726318,506.008889
2019-10-26 17:00,302.704956,325.280000
2019-10-26 18:00,301.882568,104.480000
2019-10-26 19:00,300.904419,5.404444
2019-10-26 20:00,300.294678,0.000000
2019-10-26 21:00,297.759766,0.000000
2019-10-26 22:00,296.670898,0.000000
2019-10-26 23:00,296.487915,0.000000
2019-10-27 00:00,296.221313,0.000000
2019-10-27 01:00,295.599121,0.000000
2019-10-27 02:00,295.568115,0.000000
2019-10-27 03:00,295.581909,0.000000
2019-10-27 04:00,295.303223,0.000000
2019-10-27 05:00,296.701172,0.000000
2019-10-27 06:00,296.750000,0.000000
2019-10-27 07:00,296.794922,4.533333
2019-10-27 08:00,297.933594,46.080000
2019-10-27 09:00,298.998047,106.240000
2019-10-27 10:00,299.762085,161.173333
2019-10-27 11:00,299.664673,147.982222
2019-10-27 12:00,301.877930,349.991111
2019-10-27 13:00,301.758423,370.328889
2019-10-27 14:00,301.657593,454.168889
2019-10-27 15:00,301.576172,447.928889
2019-10-27 16:00,301.530518,258.755556
2019-10-27 17:00,300.347900,217.991111
2019-10-27 18:00,299.631958,88.017778
2019-10-27 19:00,298.814819,3.857778
2019-10-27 20:00,297.451904,0.000000
2019-10-27 21:00,296.598877,0.000000
2019-10-27 22:00,296.203247,0.000000
2019-10-27 23:00,296.488647,0.000000
2019-10-28 00:00,297.034302,0.000000
2019-10-28 01:00,297.211548,0.000000
2019-10-28 02:00,296.964722,0.000000
2019-10-28 03:00,296.761475,0.000000
2019-10-28 04:00,296.634277,0.000000
2019-10-28 05:00,297.054443,0.000000
2019-10-28 06:00,297.081421,0.000000
2019-10-28 07:00,297.158203,2.862222
2019-10-28 08:00,297.737549,68.195556
2019-10-28 09:00,298.401733,137.724444
2019-10-28 10:00,300.335083,270.577778
2019-10-28 11:00,301.948975,511.591111
2019-10-28 12:00,301.943726,473.724444
2019-10-28 13:00,301.093018,495.022222
2019-10-28 14:00,301.774658,407.093333
2019-10-28 15:00,302.218506,381.191111
2019-10-28 16:00,301.670532,227.182222
2019-10-28 17:00,300.639893,161.244444
2019-10-28 18:00,299.996460,78.720000
2019-10-28 19:00,298.951538,3.680000
2019-10-28 20:00,298.352905,0.000000
2019-10-28 21:00,297.314697,0.000000
2019-10-28 22:00,297.143311,0.000000
2019-10-28 23:00,297.207031,0.000000
2019-10-29 00:00,297.284302,0.000000
2019-10-29 01:00,297.309082,0.000000
2019-10-29 02:00,297.033081,0.000000
2019-10-29 03:00,296.739868,0.000000
2019-10-29 04:00,296.463135,0.000000
2019-10-29 05:00,296.546143,0.000000
2019-10-29 06:00,297.143799,0.000000
2019-10-29 07:00,296.634644,1.315556
2019-10-29 08:00,296.476196,26.044444
2019-10-29 09:00,295.714600,96.568889
2019-10-29 10:00,298.913086,185.724444
2019-10-29 11:00,300.182983,389.528889
2019-10-29 12:00,302.477905,635.466667
2019-10-29 13:00,302.303223,622.382222
2019-10-29 14:00,301.421875,659.271111
2019-10-29 15:00,301.270630,543.324444
2019-10-29 16:00,303.243164,427.626667
2019-10-29 17:00,302.436157,306.808889
2019-10-29 18:00,299.557129,112.284444
2019-10-29 19:00,299.075928,5.137778
2019-10-29 20:00,298.472778,0.000000
2019-10-29 21:00,297.810913,0.000000
2019-10-29 22:00,296.873535,0.000000
2019-10-29 23:00,297.181396,0.000000
2019-10-30 00:00,296.980713,0.000000
2019-10-30 01:00,296.890625,0.000000
2019-10-30 02:00,296.999146,0.000000
2019-10-30 03:00,295.850342,0.000000
2019-10-30 04:00,295.842041,0.000000
2019-10-30 05:00,295.753418,0.000000
2019-10-30 06:00,297.043091,0.000000
2019-10-30 07:00,296.754028,4.515556
2019-10-30 08:00,297.428833,100.426667
2019-10-30 09:00,298.060913,291.271111
2019-10-30 10:00,300.347168,455.271111
2019-10-30 11:00,301.953857,601.706667
2019-10-30 12:00,302.658569,547.146667
2019-10-30 13:00,303.373169,562.382222
2019-10-30 14:00,304.421143,662.240000
2019-10-30 15:00,305.095093,497.937778
2019-10-30 16:00,305.044678,449.653333
2019-10-30 17:00,300.224976,284.231111
2019-10-30 18:00,299.711304,72.320000
2019-10-30 19:00,299.298096,1.386667
2019-10-30 20:00,297.341309,0.000000
2019-10-30 21:00,296.488403,0.000000
2019-10-30 22:00,295.837402,0.000000
2019-10-30 23:00,295.367676,0.000000
2019-10-31 00:00,295.236450,0.000000
2019-10-31 01:00,295.266724,0.000000
2019-10-31 02:00,295.251465,0.000000
2019-10-31 03:00,295.179932,0.000000
2019-10-31 04:00,295.074829,0.000000
2019-10-31 05:00,295.047729,0.000000
2019-10-31 06:00,295.273315,0.000000
2019-10-31 07:00,295.577637,0.604444
2019-10-31 08:00,296.785400,16.995556
2019-10-31 09:00,297.847778,46.168889
2019-10-31 10:00,298.028931,218.080000
2019-10-31 11:00,298.671387,309.475556
2019-10-31 12:00,300.066406,468.000000
2019-10-31 13:00,300.543823,434.968889
2019-10-31 14:00,301.287354,461.955556
2019-10-31 15:00,300.987549,335.093333
2019-10-31 16:00,300.830566,271.662222
2019-10-31 17:00,300.647705,172.533333
2019-10-31 18:00,299.385986,64.888889
2019-10-31 19:00,298.221558,3.591111
2019-10-31 20:00,297.854736,0.000000
2019-10-31 21:00,297.437134,0.000000
2019-10-31 22:00,297.079224,0.000000
2019-10-31 23:00,296.660278,0.000000
2019-11-01 00:00,296.502441,0.000000
2019-11-01 01:00,296.245361,0.000000
2019-11-01 02:00,295.999390,0.000000
2019-11-01 03:00,295.906982,0.000000
2019-11-01 04:00,296.068848,0.000000
2019-11-01 05:00,295.418945,0.000000
2019-11-01 06:00,295.417969,0.000000
2019-11-01 07:00,295.463745,5.528889
2019-11-01 08:00,297.504150,70.435556
2019-11-01 09:00,298.993408,146.008889
2019-11-01 10:00,299.917358,217.795556
2019-11-01 11:00,299.376099,169.777778
2019-11-01 12:00,301.020508,443.253333
2019-11-01 13:00,302.547852,580.373333
2019-11-01 14:00,303.213989,594.186667
2019-11-01 15:00,300.680420,279.484444
2019-11-01 16:00,300.122681,143.235556
2019-11-01 17:00,299.201294,67.982222
2019-11-01 18:00,298.447998,56.906667
2019-11-01 19:00,298.114258,2.026667
2019-11-01 20:00,297.144775,0.000000
2019-11-01 21:00,296.861572,0.000000
2019-11-01 22:00,296.316406,0.000000
2019-11-01 23:00,296.362305,0.000000
2019-11-02 00:00,296.279419,0.000000
2019-11-02 01:00,296.067749,0.000000
2019-11-02 02:00,296.257812,0.000000
2019-11-02 03:00,295.930786,0.000000
2019-11-02 04:00,295.617310,0.000000
2019-11-02 05:00,295.453857,0.000000
2019-11-02 06:00,295.709229,0.000000
2019-11-02 07:00,295.591797,5.066667
2019-11-02 08:00,295.998169,89.244444
2019-11-02 09:00,296.673828,219.715556
2019-11-02 10:00,300.103394,340.426667
2019-11-02 11:00,300.020874,306.133333
2019-11-02 12:00,299.611572,235.075556
2019-11-02 13:00,299.297852,301.386667
2019-11-02 14:00,297.194336,260.960000
2019-11-02 15:00,297.720825,197.208889
2019-11-02 16:00,298.181396,238.044444
2019-11-02 17:00,298.292603,149.937778
2019-11-02 18:00,297.698242,58.773333
2019-11-02 19:00,297.097778,2.044444
2019-11-02 20:00,295.943359,0.000000
2019-11-02 21:00,296.039307,0.000000
2019-11-02 22:00,294.684326,0.000000
2019-11-02 23:00,295.125366,0.000000
2019-11-03 00:00,295.163086,0.000000
2019-11-03 01:00,295.180664,0.000000
2019-11-03 02:00,295.427979,0.000000
2019-11-03 03:00,295.277100,0.000000
2019-11-03 04:00,295.426880,0.000000
2019-11-03 05:00,295.383057,0.000000
2019-11-03 06:00,295.517334,0.000000
2019-11-03 07:00,295.628540,1.600000
2019-11-03 08:00,296.976440,48.586667
2019-11-03 09:00,297.887207,143.004444
2019-11-03 10:00,300.094482,225.991111
2019-11-03 11:00,299.759033,233.884444
2019-11-03 12:00,300.582642,412.391111
2019-11-03 13:00,301.042603,444.000000
2019-11-03 14:00,300.835449,527.537778
2019-11-03 15:00,301.707764,449.244444
2019-11-03 16:00,300.676270,316.924444
2019-11-03 17:00,300.369751,188.426667
2019-11-03 18:00,299.769043,58.328889
2019-11-03 19:00,298.959473,2.968889
2019-11-03 20:00,298.149048,0.000000
2019-11-03 21:00,297.125366,0.000000
2019-11-03 22:00,296.818848,0.000000
2019-11-03 23:00,297.065430,0.000000
2019-11-04 00:00,296.105713,0.000000
2019-11-04 01:00,296.120728,0.000000
2019-11-04 02:00,295.671753,0.000000
2019-11-04 03:00,295.070068,0.000000
2019-11-04 04:00,294.969482,0.000000
2019-11-04 05:00,295.614380,0.000000
2019-11-04 06:00,295.719604,0.000000
2019-11-04 07:00,295.767090,5.546667
2019-11-04 08:00,297.674316,107.093333
2019-11-04 09:00,298.615356,269.440000
2019-11-04 10:00,301.954346,476.373333
2019-11-04 11:00,302.190552,536.160000
2019-11-04 12:00,302.783813,710.346667
2019-11-04 13:00,303.182007,641.777778
2019-11-04 14:00,303.620972,657.635556
2019-11-04 15:00,303.227051,589.777778
2019-11-04 16:00,302.306885,390.364444
2019-11-04 17:00,302.995117,283.946667
2019-11-04 18:00,302.147461,107.555556
2019-11-04 19:00,301.514893,3.537778
2019-11-04 20:00,299.936279,0.000000
2019-11-04 21:00,296.790894,0.000000
2019-11-04 22:00,296.592896,0.000000
2019-11-04 23:00,296.721802,0.000000
2019-11-05 00:00,296.641479,0.000000
2019-11-05 01:00,296.222900,0.000000
2019-11-05 02:00,296.041016,0.000000
2019-11-05 03:00,295.952637,0.000000
2019-11-05 04:00,296.000244,0.000000
2019-11-05 05:00,296.054810,0.000000
2019-11-05 06:00,296.309814,0.000000
2019-11-05 07:00,296.241943,4.035556
2019-11-05 08:00,297.946777,61.297778
2019-11-05 09:00,298.955200,206.951111
2019-11-05 10:00,301.224976,291.911111
2019-11-05 11:00,301.477051,379.448889
2019-11-05 12:00,302.510132,378.115556
2019-11-05 13:00,300.908569,320.728889
2019-11-05 14:00,301.313110,422.560000
2019-11-05 15:00,302.167603,464.266667
2019-11-05 16:00,301.823608,346.986667
2019-11-05 17:00,300.531738,179.413333
2019-11-05 18:00,298.814941,66.755556
2019-11-05 19:00,298.409546,2.328889
2019-11-05 20:00,297.395508,0.000000
2019-11-05 21:00,296.580566,0.000000
2019-11-05 22:00,296.486938,0.000000
2019-11-05 23:00,295.314453,0.000000
2019-11-06 00:00,295.439209,0.000000
2019-11-06 01:00,296.305542,0.000000
2019-11-06 02:00,295.866455,0.000000
2019-11-06 03:00,295.301392,0.000000
2019-11-06 04:00,295.590332,0.000000
2019-11-06 05:00,295.308350,0.000000
2019-11-06 06:00,295.998657,0.000000
2019-11-06 07:00,295.931152,4.462222
2019-11-06 08:00,296.726562,91.306667
2019-11-06 09:00,298.108521,225.777778
2019-11-06 10:00,300.254028,272.817778
2019-11-06 11:00,301.311768,418.560000
2019-11-06 12:00,302.239746,426.684444
2019-11-06 13:00,303.186401,652.657778
2019-11-06 14:00,303.761719,628.462222
2019-11-06 15:00,304.718384,533.208889
2019-11-06 16:00,304.185913,416.266667
2019-11-06 17:00,302.031494,255.004444
2019-11-06 18:00,301.288208,88.320000
2019-11-06 19:00,299.886108,3.875556
2019-11-06 20:00,298.553833,0.000000
2019-11-06 21:00,297.606323,0.000000
2019-11-06 22:00,297.418945,0.000000
2019-11-06 23:00,297.218506,0.000000
2019-11-07 00:00,296.748413,0.000000
2019-11-07 01:00,296.218628,0.000000
2019-11-07 02:00,295.990601,0.000000
2019-11-07 03:00,295.585938,0.000000
2019-11-07 04:00,296.687622,0.000000
2019-11-07 05:00,296.027466,0.000000
2019-11-07 06:00,297.314697,0.000000
2019-11-07 07:00,297.734619,3.964444
2019-11-07 08:00,298.251099,100.391111
2019-11-07 09:00,298.788086,189.991111
2019-11-07 10:00,302.213867,357.884444
2019-11-07 11:00,302.244995,468.213333
2019-11-07 12:00,302.817505,489.315556
2019-11-07 13:00,304.015869,572.800000
2019-11-07 14:00,304.877197,550.986667
2019-11-07 15:00,304.416016,492.675556
2019-11-07 16:00,300.914062,405.048889
2019-11-07 17:00,299.236084,172.817778
2019-11-07 18:00,299.192505,65.617778
2019-11-07 19:00,298.988770,2.933333
2019-11-07 20:00,299.016724,0.000000
2019-11-07 21:00,296.628418,0.000000
2019-11-07 22:00,296.401123,0.000000
2019-11-07 23:00,296.432495,0.000000
2019-11-08 00:00,296.455933,0.000000
2019-11-08 01:00,297.056274,0.000000
2019-11-08 02:00,296.894775,0.000000
2019-11-08 03:00,296.564697,0.000000
2019-11-08 04:00,296.620972,0.000000
2019-11-08 05:00,296.179321,0.000000
2019-11-08 06:00,295.438721,0.000000
2019-11-08 07:00,295.779785,4.764444
2019-11-08 08:00,297.448608,99.111111
2019-11-08 09:00,298.813599,250.808889
2019-11-08 10:00,303.390991,424.426667
2019-11-08 11:00,303.773193,583.217778
2019-11-08 12:00,304.146118,660.960000
2019-11-08 13:00,303.488647,519.128889
2019-11-08 14:00,303.717041,579.733333
2019-11-08 15:00,303.145508,552.462222
2019-11-08 16:00,301.365723,399.875556
2019-11-08 17:00,299.423340,175.608889
2019-11-08 18:00,298.870483,82.631111
2019-11-08 19:00,298.617554,3.573333
2019-11-08 20:00,298.692749,0.000000
2019-11-08 21:00,298.189575,0.000000
2019-11-08 22:00,296.861694,0.000000
2019-11-08 23:00,297.501831,0.000000
2019-11-09 00:00,297.348877,0.000000
2019-11-09 01:00,296.879517,0.000000
2019-11-09 02:00,296.803833,0.000000
2019-11-09 03:00,295.912354,0.000000
2019-11-09 04:00,296.026489,0.000000
2019-11-09 05:00,295.845215,0.000000
2019-11-09 06:00,296.739746,0.000000
2019-11-09 07:00,296.769653,4.142222
2019-11-09 08:00,297.937866,81.066667
2019-11-09 09:00,299.313965,172.995556
2019-11-09 10:00,301.110718,268.035556
2019-11-09 11:00,301.987427,394.115556
2019-11-09 12:00,302.392334,540.515556
2019-11-09 13:00,303.223145,631.235556
2019-11-09 14:00,303.653809,626.933333
2019-11-09 15:00,304.111206,545.831111
2019-11-09 16:00,304.303589,426.097778
2019-11-09 17:00,302.578857,264.497778
2019-11-09 18:00,300.846069,98.684444
2019-11-09 19:00,299.951782,2.826667
2019-11-09 20:00,297.730957,0.000000
2019-11-09 21:00,297.730469,0.000000
2019-11-09 22:00,296.469482,0.000000
2019-11-09 23:00,296.480591,0.000000
2019-11-10 00:00,296.481689,0.000000
2019-11-10 01:00,297.602051,0.000000
2019-11-10 02:00,297.075562,0.000000
2019-11-10 03:00,296.531738,0.000000
2019-11-10 04:00,296.356934,0.000000
2019-11-10 05:00,295.797485,0.000000
2019-11-10 06:00,295.523071,0.000000
2019-11-10 07:00,295.877930,3.768889
2019-11-10 08:00,296.859985,88.426667
2019-11-10 09:00,298.108643,218.666667
2019-11-10 10:00,301.729126,411.822222
2019-11-10 11:00,302.506836,469.191111
2019-11-10 12:00,303.494629,555.004444
2019-11-10 13:00,302.940918,493.031111
2019-11-10 14:00,304.049805,565.315556
2019-11-10 15:00,304.175781,484.497778
2019-11-10 16:00,302.870605,355.662222
2019-11-10 17:00,302.112671,211.875556
2019-11-10 18:00,301.620728,95.128889
2019-11-10 19:00,300.785522,4.124444
2019-11-10 20:00,298.886475,0.000000
2019-11-10 21:00,298.384888,0.000000
2019-11-10 22:00,297.047852,0.000000
2019-11-10 23:00,297.518677,0.000000
2019-11-11 00:00,297.205933,0.000000
2019-11-11 01:00,296.890503,0.000000
2019-11-11 02:00,296.634399,0.000000
2019-11-11 03:00,296.647949,0.000000
2019-11-11 04:00,296.691162,0.000000
2019-11-11 05:00,296.481689,0.000000
2019-11-11 06:00,296.453369,0.000000
2019-11-11 07:00,296.208496,2.524444
2019-11-11 08:00,297.106323,76.106667
2019-11-11 09:00,298.202026,221.564444
2019-11-11 10:00,302.287476,432.675556
2019-11-11 11:00,302.284302,477.582222
2019-11-11 12:00,303.496704,619.697778
2019-11-11 13:00,303.024780,529.920000
2019-11-11 14:00,304.298462,591.573333
2019-11-11 15:00,304.060913,561.635556
2019-11-11 16:00,303.274658,359.555556
2019-11-11 17:00,302.662598,268.551111
2019-11-11 18:00,301.362915,104.142222
2019-11-11 19:00,300.504700,4.248889
2019-11-11 20:00,299.751343,0.000000
2019-11-11 21:00,298.191406,0.000000
2019-11-11 22:00,297.976196,0.000000
2019-11-11 23:00,297.783936,0.000000
2019-11-12 00:00,296.843140,0.000000
2019-11-12 01:00,296.488892,0.000000
2019-11-12 02:00,295.844238,0.000000
2019-11-12 03:00,295.757324,0.000000
2019-11-12 04:00,295.848511,0.000000
2019-11-12 05:00,295.856934,0.000000
2019-11-12 06:00,296.934814,0.000000
2019-11-12 07:00,296.580933,4.071111
2019-11-12 08:00,297.922485,89.831111
2019-11-12 09:00,298.550903,225.048889
2019-11-12 10:00,301.722534,395.306667
2019-11-12 11:00,302.352539,469.493333
2019-11-12 12:00,302.231689,567.626667
2019-11-12 13:00,303.196533,567.235556
2019-11-12 14:00,301.874023,500.995556
2019-11-12 15:00,300.257080,358.471111
2019-11-12 16:00,300.942871,220.106667
2019-11-12 17:00,300.196777,157.564444
2019-11-12 18:00,300.045654,80.177778
2019-11-12 19:00,299.314453,3.804444
2019-11-12 20:00,297.675171,0.000000
2019-11-12 21:00,298.028687,0.000000
2019-11-12 22:00,296.893188,0.000000
2019-11-12 23:00,296.768555,0.000000
2019-11-13 00:00,296.252563,0.000000
2019-11-13 01:00,296.003174,0.000000
2019-11-13 02:00,295.546509,0.000000
2019-11-13 03:00,296.085205,0.000000
2019-11-13 04:00,296.142822,0.000000
2019-11-13 05:00,296.381226,0.000000
2019-11-13 06:00,296.788208,0.000000
2019-11-13 07:00,296.976562,2.453333
2019-11-13 08:00,297.623047,55.786667
2019-11-13 09:00,298.314331,125.066667
2019-11-13 10:00,298.949585,138.560000
2019-11-13 11:00,298.810913,239.004444
2019-11-13 12:00,300.639893,366.240000
2019-11-13 13:00,300.717773,383.235556
2019-11-13 14:00,302.578125,492.266667
2019-11-13 15:00,301.308838,347.840000
2019-11-13 16:00,299.534912,222.880000
2019-11-13 17:00,298.355469,133.920000
2019-11-13 18:00,298.083496,54.080000
2019-11-13 19:00,297.523315,1.991111
2019-11-13 20:00,296.508423,0.000000
2019-11-13 21:00,296.354614,0.000000
2019-11-13 22:00,295.344238,0.000000
2019-11-13 23:00,295.548584,0.000000
2019-11-14 00:00,294.804932,0.000000
2019-11-14 01:00,295.150879,0.000000
2019-11-14 02:00,295.656372,0.000000
2019-11-14 03:00,294.666260,0.000000
2019-11-14 04:00,294.981079,0.000000
2019-11-14 05:00,294.953613,0.000000
2019-11-14 06:00,295.281006,0.000000
2019-11-14 07:00,294.909912,3.075556
2019-11-14 08:00,296.726440,69.511111
2019-11-14 09:00,297.636963,233.653333
2019-11-14 10:00,300.493042,384.426667
2019-11-14 11:00,301.774414,458.986667
2019-11-14 12:00,302.144897,557.440000
2019-11-14 13:00,302.925781,503.520000
2019-11-14 14:00,303.245483,559.911111
2019-11-14 15:00,303.348633,490.648889
2019-11-14 16:00,302.791748,368.604444
2019-11-14 17:00,300.953247,195.573333
2019-11-14 18:00,299.851807,51.537778
2019-11-14 19:00,299.063965,3.413333
2019-11-14 20:00,297.360962,0.000000
2019-11-14 21:00,297.114136,0.000000
2019-11-14 22:00,296.658936,0.000000
2019-11-14 23:00,296.089355,0.000000
2019-11-15 00:00,296.121338,0.000000
2019-11-15 01:00,296.453247,0.000000
2019-11-15 02:00,295.530273,0.000000
2019-11-15 03:00,294.995728,0.000000
2019-11-15 04:00,295.047363,0.000000
2019-11-15 05:00,295.081543,0.000000
2019-11-15 06:00,295.209961,0.000000
2019-11-15 07:00,295.247070,1.973333
2019-11-15 08:00,296.006714,54.062222
2019-11-15 09:00,296.692505,116.480000
2019-11-15 10:00,297.622559,211.306667
2019-11-15 11:00,299.327637,377.315556
2019-11-15 12:00,299.930786,372.088889
2019-11-15 13:00,301.088623,524.337778
2019-11-15 14:00,300.075928,517.155556
2019-11-15 15:00,298.698486,300.195556
2019-11-15 16:00,298.785645,211.928889
2019-11-15 17:00,298.601562,142.968889
2019-11-15 18:00,298.582764,55.253333
2019-11-15 19:00,297.810547,2.720000
2019-11-15 20:00,297.407349,0.000000
2019-11-15 21:00,296.780151,0.000000
2019-11-15 22:00,296.213745,0.000000
2019-11-15 23:00,296.204102,0.000000
2019-11-16 00:00,296.408691,0.000000
2019-11-16 01:00,296.236816,0.000000
2019-11-16 02:00,296.300293,0.000000
2019-11-16 03:00,295.496582,0.000000
2019-11-16 04:00,296.033325,0.000000
2019-11-16 05:00,296.032715,0.000000
2019-11-16 06:00,296.938599,0.000000
2019-11-16 07:00,296.913452,3.040000
2019-11-16 08:00,297.808960,92.622222
2019-11-16 09:00,299.204102,262.008889
2019-11-16 10:00,302.780518,427.537778
2019-11-16 11:00,302.833618,501.102222
2019-11-16 12:00,302.607300,482.880000
2019-11-16 13:00,300.264404,475.928889
2019-11-16 14:00,299.271484,291.573333
2019-11-16 15:00,299.845947,256.480000
2019-11-16 16:00,301.296631,278.382222
2019-11-16 17:00,299.411255,118.471111
2019-11-16 18:00,299.030151,37.866667
2019-11-16 19:00,298.635864,3.022222
2019-11-16 20:00,297.548828,0.000000
2019-11-16 21:00,297.512329,0.000000
2019-11-16 22:00,295.836914,0.000000
2019-11-16 23:00,296.079956,0.000000
2019-11-17 00:00,296.304932,0.000000
2019-11-17 01:00,296.534302,0.000000
2019-11-17 02:00,296.031982,0.000000
2019-11-17 03:00,295.742920,0.000000
2019-11-17 04:00,295.740234,0.000000
2019-11-17 05:00,295.667114,0.000000
2019-11-17 06:00,295.626099,0.000000
2019-11-17 07:00,295.499634,3.875556
2019-11-17 08:00,297.578247,91.893333
2019-11-17 09:00,298.314819,186.080000
2019-11-17 10:00,299.859497,378.293333
2019-11-17 11:00,301.353638,534.684444
2019-11-17 12:00,302.958130,679.840000
2019-11-17 13:00,303.682251,654.542222
2019-11-17 14:00,304.132202,636.124444
2019-11-17 15:00,304.963989,614.364444
2019-11-17 16:00,305.018188,469.048889
2019-11-17 17:00,302.136230,271.111111
2019-11-17 18:00,300.957642,84.871111
2019-11-17 19:00,298.607178,2.648889
2019-11-17 20:00,297.240967,0.000000
2019-11-17 21:00,297.362671,0.000000
2019-11-17 22:00,296.338379,0.000000
2019-11-17 23:00,295.840576,0.000000
2019-11-18 00:00,295.828491,0.000000
2019-11-18 01:00,295.906006,0.000000
2019-11-18 02:00,295.934570,0.000000
2019-11-18 03:00,295.699585,0.000000
2019-11-18 04:00,295.640137,0.000000
2019-11-18 05:00,295.553955,0.000000
2019-11-18 06:00,297.424927,0.000000
2019-11-18 07:00,297.288696,3.537778
2019-11-18 08:00,298.610413,82.542222
2019-11-18 09:00,299.336182,262.151111
2019-11-18 10:00,303.033691,459.911111
2019-11-18 11:00,303.636230,537.795556
2019-11-18 12:00,304.086548,624.942222
2019-11-18 13:00,303.507446,481.173333
2019-11-18 14:00,304.898193,514.097778
2019-11-18 15:00,304.757812,437.653333
2019-11-18 16:00,304.309082,363.324444
2019-11-18 17:00,300.699463,247.608889
2019-11-18 18:00,300.147583,59.786667
2019-11-18 19:00,299.650269,2.417778
2019-11-18 20:00,297.986694,0.000000
2019-11-18 21:00,296.869873,0.000000
2019-11-18 22:00,297.692383,0.000000
2019-11-18 23:00,297.201050,0.000000
2019-11-19 00:00,296.792114,0.000000
2019-11-19 01:00,296.515991,0.000000
2019-11-19 02:00,296.234985,0.000000
2019-11-19 03:00,295.683838,0.000000
2019-11-19 04:00,295.198364,0.000000
2019-11-19 05:00,295.409424,0.000000
2019-11-19 06:00,295.435059,0.000000
2019-11-19 07:00,295.666016,3.555556
2019-11-19 08:00,296.975464,80.888889
2019-11-19 09:00,298.001343,226.168889
2019-11-19 10:00,301.371948,393.937778
2019-11-19 11:00,301.745605,375.626667
2019-11-19 12:00,301.784668,378.951111
2019-11-19 13:00,302.271118,453.937778
2019-11-19 14:00,302.267090,488.355556
2019-11-19 15:00,302.891479,474.560000
2019-11-19 16:00,302.878662,334.257778
2019-11-19 17:00,301.312256,202.524444
2019-11-19 18:00,301.112305,99.093333
2019-11-19 19:00,300.069580,3.164444
2019-11-19 20:00,299.252197,0.000000
2019-11-19 21:00,297.670532,0.000000
2019-11-19 22:00,297.350830,0.000000
2019-11-19 23:00,297.154541,0.000000
2019-11-20 00:00,296.803101,0.000000
2019-11-20 01:00,296.016846,0.000000
2019-11-20 02:00,296.170532,0.000000
2019-11-20 03:00,296.405518,0.000000
2019-11-20 04:00,296.366089,0.000000
2019-11-20 05:00,295.999268,0.000000
2019-11-20 06:00,296.545654,0.000000
2019-11-20 07:00,296.444580,1.333333
2019-11-20 08:00,298.094360,41.884444
2019-11-20 09:00,298.998535,185.528889
2019-11-20 10:00,301.615723,318.275556
2019-11-20 11:00,301.716919,301.653333
2019-11-20 12:00,302.462036,402.684444
2019-11-20 13:00,301.779053,489.031111
2019-11-20 14:00,302.677734,543.342222
2019-11-20 15:00,303.184326,404.266667
2019-11-20 16:00,302.620361,304.284444
2019-11-20 17:00,300.738525,199.057778
2019-11-20 18:00,299.388672,67.644444
2019-11-20 19:00,298.333862,2.506667
2019-11-20 20:00,297.191650,0.000000
2019-11-20 21:00,296.751099,0.000000
2019-11-20 22:00,296.295898,0.000000
2019-11-20 23:00,296.226196,0.000000
2019-11-21 00:00,295.915527,0.000000
2019-11-21 01:00,296.617065,0.000000
2019-11-21 02:00,296.614502,0.000000
2019-11-21 03:00,296.200928,0.000000
2019-11-21 04:00,296.343506,0.000000
2019-11-21 05:00,296.222656,0.000000
2019-11-21 06:00,296.411865,0.000000
2019-11-21 07:00,296.566162,1.475556
2019-11-21 08:00,298.121216,24.551111
2019-11-21 09:00,298.131592,101.528889
2019-11-21 10:00,300.940552,304.515556
2019-11-21 11:00,301.917358,435.217778
2019-11-21 12:00,302.416016,407.306667
2019-11-21 13:00,302.375977,466.542222
2019-11-21 14:00,302.887817,605.511111
2019-11-21 15:00,303.756836,538.400000
2019-11-21 16:00,303.727905,447.431111
2019-11-21 17:00,300.927612,250.417778
2019-11-21 18:00,300.687378,89.351111
2019-11-21 19:00,300.530273,3.644444
2019-11-21 20:00,299.640015,0.000000
2019-11-21 21:00,298.113403,0.000000
2019-11-21 22:00,296.306519,0.000000
2019-11-21 23:00,295.730835,0.000000
2019-11-22 00:00,296.314819,0.000000
2019-11-22 01:00,296.483765,0.000000
2019-11-22 02:00,296.414185,0.000000
2019-11-22 03:00,294.839355,0.000000
2019-11-22 04:00,294.748047,0.000000
2019-11-22 05:00,294.772217,0.000000
2019-11-22 06:00,295.721680,0.000000
2019-11-22 07:00,295.569336,2.488889
2019-11-22 08:00,296.087769,52.871111
2019-11-22 09:00,298.343018,206.008889
2019-11-22 10:00,302.043823,359.768889
2019-11-22 11:00,302.420410,402.631111
2019-11-22 12:00,302.731079,579.093333
2019-11-22 13:00,302.628662,527.626667
2019-11-22 14:00,303.382080,645.564444
2019-11-22 15:00,303.601074,569.528889
2019-11-22 16:00,303.093750,370.933333
2019-11-22 17:00,302.354614,273.457778
2019-11-22 18:00,302.236450,98.275556
2019-11-22 19:00,301.248657,4.320000
2019-11-22 20:00,299.524414,0.000000
2019-11-22 21:00,298.035522,0.000000
2019-11-22 22:00,297.023071,0.000000
2019-11-22 23:00,296.819092,0.000000
2019-11-23 00:00,296.006104,0.000000
2019-11-23 01:00,296.005005,0.000000
2019-11-23 02:00,295.998535,0.000000
2019-11-23 03:00,295.966309,0.000000
2019-11-23 04:00,295.651367,0.000000
2019-11-23 05:00,295.744141,0.000000
2019-11-23 06:00,295.631592,0.000000
2019-11-23 07:00,295.692871,2.168889
2019-11-23 08:00,296.802979,53.493333
2019-11-23 09:00,298.255981,203.697778
2019-11-23 10:00,301.620361,381.173333
2019-11-23 11:00,302.603516,555.306667
2019-11-23 12:00,302.867554,501.688889
2019-11-23 13:00,303.129761,548.213333
2019-11-23 14:00,302.775146,596.177778
2019-11-23 15:00,304.005127,624.053333
2019-11-23 16:00,304.577881,461.137778
2019-11-23 17:00,303.451660,283.840000
2019-11-23 18:00,302.397461,105.795556
2019-11-23 19:00,301.870117,4.302222
2019-11-23 20:00,300.418579,0.000000
2019-11-23 21:00,298.283203,0.000000
2019-11-23 22:00,297.739136,0.000000
2019-11-23 23:00,297.579224,0.000000
2019-11-24 00:00,297.554688,0.000000
2019-11-24 01:00,297.500977,0.000000
2019-11-24 02:00,296.911377,0.000000
2019-11-24 03:00,295.951050,0.000000
2019-11-24 04:00,296.277100,0.000000
2019-11-24 05:00,296.404297,0.000000
2019-11-24 06:00,296.613525,0.000000
2019-11-24 07:00,296.716553,0.995556
2019-11-24 08:00,296.936157,22.897778
2019-11-24 09:00,298.433350,77.866667
2019-11-24 10:00,301.438354,189.600000
2019-11-24 11:00,300.498657,259.111111
2019-11-24 12:00,301.430176,419.253333
2019-11-24 13:00,301.178711,401.066667
2019-11-24 14:00,301.550049,360.693333
2019-11-24 15:00,301.068359,343.075556
2019-11-24 16:00,300.046143,174.933333
2019-11-24 17:00,300.595947,142.097778
2019-11-24 18:00,299.759399,51.182222
2019-11-24 19:00,298.451782,2.648889
2019-11-24 20:00,296.300659,0.000000
2019-11-24 21:00,296.269287,0.000000
2019-11-24 22:00,295.777466,0.000000
2019-11-24 23:00,296.232422,0.000000
2019-11-25 00:00,295.465576,0.000000
2019-11-25 01:00,295.688477,0.000000
2019-11-25 02:00,295.706177,0.000000
2019-11-25 03:00,295.217896,0.000000
2019-11-25 04:00,295.347168,0.000000
2019-11-25 05:00,295.598389,0.000000
2019-11-25 06:00,295.573242,0.000000
2019-11-25 07:00,295.557617,1.528889
2019-11-25 08:00,296.011475,61.760000
2019-11-25 09:00,297.749390,153.404444
2019-11-25 10:00,300.898193,267.057778
2019-11-25 11:00,301.310425,323.040000
2019-11-25 12:00,301.275513,315.271111
2019-11-25 13:00,301.192017,414.844444
2019-11-25 14:00,301.890381,412.693333
2019-11-25 15:00,303.467773,536.995556
2019-11-25 16:00,303.707764,359.075556
2019-11-25 17:00,302.750732,249.315556
2019-11-25 18:00,301.371704,92.817778
2019-11-25 19:00,299.815918,3.555556
2019-11-25 20:00,297.759888,0.000000
2019-11-25 21:00,297.072266,0.000000
2019-11-25 22:00,296.361938,0.000000
2019-11-25 23:00,296.269409,0.000000
2019-11-26 00:00,296.592163,0.000000
2019-11-26 01:00,296.030029,0.000000
2019-11-26 02:00,296.071777,0.000000
2019-11-26 03:00,295.552734,0.000000
2019-11-26 04:00,295.650879,0.000000
2019-11-26 05:00,295.666748,0.000000
2019-11-26 06:00,295.622070,0.000000
2019-11-26 07:00,295.626465,1.511111
2019-11-26 08:00,297.051758,44.906667
2019-11-26 09:00,297.712402,167.751111
2019-11-26 10:00,301.717529,269.973333
2019-11-26 11:00,302.163086,404.764444
2019-11-26 12:00,302.734009,414.328889
2019-11-26 13:00,301.990601,280.782222
2019-11-26 14:00,303.105957,573.582222
2019-11-26 15:00,304.188477,505.866667
2019-11-26 16:00,304.010498,396.728889
2019-11-26 17:00,301.027344,222.364444
2019-11-26 18:00,300.967407,74.151111
2019-11-26 19:00,300.116943,3.484444
2019-11-26 20:00,298.002075,0.000000
2019-11-26 21:00,297.572876,0.000000
2019-11-26 22:00,296.853760,0.000000
2019-11-26 23:00,296.570068,0.000000
2019-11-27 00:00,295.899170,0.000000
2019-11-27 01:00,296.180420,0.000000
2019-11-27 02:00,296.316406,0.000000
2019-11-27 03:00,296.103516,0.000000
2019-11-27 04:00,295.979248,0.000000
2019-11-27 05:00,295.800049,0.000000
2019-11-27 06:00,295.738770,0.000000
2019-11-27 07:00,295.643555,1.546667
2019-11-27 08:00,296.656372,41.280000
2019-11-27 09:00,297.654541,155.537778
2019-11-27 10:00,300.934937,268.497778
2019-11-27 11:00,301.603394,316.231111
2019-11-27 12:00,301.741089,343.644444
2019-11-27 13:00,301.956299,399.946667
2019-11-27 14:00,302.939697,452.906667
2019-11-27 15:00,303.637451,350.862222
2019-11-27 16:00,303.722656,374.986667
2019-11-27 17:00,303.261719,257.280000
2019-11-27 18:00,300.104492,104.728889
2019-11-27 19:00,298.860962,4.088889
2019-11-27 20:00,298.094727,0.000000
2019-11-27 21:00,297.344971,0.000000
2019-11-27 22:00,296.455566,0.000000
2019-11-27 23:00,296.398071,0.000000
2019-11-28 00:00,295.674072,0.000000
2019-11-28 01:00,294.809326,0.000000
2019-11-28 02:00,294.752441,0.000000
2019-11-28 03:00,294.491943,0.000000
2019-11-28 04:00,295.515869,0.000000
2019-11-28 05:00,295.592041,0.000000
2019-11-28 06:00,296.342285,0.000000
2019-11-28 07:00,296.623291,1.137778
2019-11-28 08:00,298.735840,32.462222
2019-11-28 09:00,299.190063,150.026667
2019-11-28 10:00,301.918091,344.195556
2019-11-28 11:00,302.283081,335.733333
2019-11-28 12:00,302.704834,361.724444
2019-11-28 13:00,302.187378,327.306667
2019-11-28 14:00,302.626221,381.635556
2019-11-28 15:00,303.070801,450.702222
2019-11-28 16:00,302.262573,401.422222
2019-11-28 17:00,301.259033,275.502222
2019-11-28 18:00,300.251099,101.937778
2019-11-28 19:00,299.421509,4.568889
2019-11-28 20:00,298.850708,0.000000
2019-11-28 21:00,297.789551,0.000000
2019-11-28 22:00,296.691895,0.000000
2019-11-28 23:00,296.284668,0.000000
2019-11-29 00:00,295.398682,0.000000
2019-11-29 01:00,295.623779,0.000000
2019-11-29 02:00,295.686035,0.000000
2019-11-29 03:00,295.549561,0.000000
2019-11-29 04:00,295.803467,0.000000
2019-11-29 05:00,295.810059,0.000000
2019-11-29 06:00,296.361816,0.000000
2019-11-29 07:00,296.589844,0.977778
2019-11-29 08:00,297.687988,46.453333
2019-11-29 09:00,298.235840,157.208889
2019-11-29 10:00,301.723389,269.120000
2019-11-29 11:00,301.719971,344.782222
2019-11-29 12:00,302.488281,474.986667
2019-11-29 13:00,303.686401,669.635556
2019-11-29 14:00,303.755737,586.613333
2019-11-29 15:00,305.119629,574.151111
2019-11-29 16:00,305.639282,477.635556
2019-11-29 17:00,303.580078,295.164444
2019-11-29 18:00,303.014648,104.604444
2019-11-29 19:00,301.902832,4.782222
2019-11-29 20:00,301.656494,0.000000
2019-11-29 21:00,298.957275,0.000000
2019-11-29 22:00,298.117432,0.000000
2019-11-29 23:00,297.687744,0.000000
2019-11-30 00:00,297.424316,0.000000
2019-11-30 01:00,296.520752,0.000000
2019-11-30 02:00,296.243896,0.000000
2019-11-30 03:00,296.579102,0.000000
2019-11-30 04:00,296.729980,0.000000
2019-11-30 05:00,297.137207,0.000000
2019-11-30 06:00,297.344238,0.000000
2019-11-30 07:00,296.982910,1.635556
2019-11-30 08:00,298.108887,69.528889
2019-11-30 09:00,298.747925,209.795556
2019-11-30 10:00,301.463379,365.244444
2019-11-30 11:00,302.875122,540.480000
2019-11-30 12:00,303.344604,648.248889
2019-11-30 13:00,303.849854,627.680000
2019-11-30 14:00,304.777832,565.848889
2019-11-30 15:00,304.572998,499.644444
2019-11-30 16:00,304.984863,387.111111
2019-11-30 17:00,303.071777,231.253333
2019-11-30 18:00,302.202759,84.497778
2019-11-30 19:00,300.295898,4.248889
2019-11-30 20:00,298.781738,0.000000
2019-11-30 21:00,298.695068,0.000000
2019-11-30 22:00,297.041260,0.000000
2019-11-30 23:00,296.595947,0.000000
2019-12-01 00:00,296.047607,0.000000
2019-12-01 01:00,295.670898,0.000000
2019-12-01 02:00,296.338135,0.000000
2019-12-01 03:00,295.791992,0.000000
2019-12-01 04:00,296.234131,0.000000
2019-12-01 05:00,296.719971,0.000000
2019-12-01 06:00,297.117432,0.000000
2019-12-01 07:00,296.991455,0.871111
2019-12-01 08:00,298.353760,40.231111
2019-12-01 09:00,298.834839,145.120000
2019-12-01 10:00,302.193359,338.044444
2019-12-01 11:00,301.693481,292.728889
2019-12-01 12:00,303.006714,465.973333
2019-12-01 13:00,303.668457,631.431111
2019-12-01 14:00,304.608398,690.044444
2019-12-01 15:00,303.982422,543.306667
2019-12-01 16:00,303.773682,446.897778
2019-12-01 17:00,302.940552,294.435556
2019-12-01 18:00,301.786255,111.537778
2019-12-01 19:00,300.321045,4.462222
2019-12-01 20:00,299.039062,0.000000
2019-12-01 21:00,297.939941,0.000000
2019-12-01 22:00,297.158691,0.000000
2019-12-01 23:00,296.889160,0.000000
2019-12-02 00:00,297.029053,0.000000
2019-12-02 01:00,297.468506,0.000000
2019-12-02 02:00,297.417725,0.000000
2019-12-02 03:00,296.217285,0.000000
2019-12-02 04:00,296.565918,0.000000
2019-12-02 05:00,296.309814,0.000000
2019-12-02 06:00,296.231445,0.000000
2019-12-02 07:00,296.522705,0.782222
2019-12-02 08:00,297.199219,40.213333
2019-12-02 09:00,297.915771,181.671111
2019-12-02 10:00,301.407837,357.031111
2019-12-02 11:00,302.172607,399.573333
2019-12-02 12:00,303.334595,503.715556
2019-12-02 13:00,304.116943,622.951111
2019-12-02 14:00,304.860107,655.875556
2019-12-02 15:00,304.989258,607.128889
2019-12-02 16:00,305.243408,436.248889
2019-12-02 17:00,303.429199,282.737778
2019-12-02 18:00,301.901978,112.053333
2019-12-02 19:00,301.755981,5.297778
2019-12-02 20:00,299.212158,0.000000
2019-12-02 21:00,298.820679,0.000000
2019-12-02 22:00,297.452148,0.000000
2019-12-02 23:00,296.713623,0.000000
2019-12-03 00:00,296.484131,0.000000
2019-12-03 01:00,296.098145,0.000000
2019-12-03 02:00,295.459961,0.000000
2019-12-03 03:00,295.806396,0.000000
2019-12-03 04:00,296.068359,0.000000
2019-12-03 05:00,296.097656,0.000000
2019-12-03 06:00,296.451904,0.000000
2019-12-03 07:00,296.687744,0.906667
2019-12-03 08:00,297.826782,36.302222
2019-12-03 09:00,298.089966,116.764444
2019-12-03 10:00,301.343750,368.195556
2019-12-03 11:00,302.046631,400.373333
2019-12-03 12:00,302.690063,464.906667
2019-12-03 13:00,303.306274,530.257778
2019-12-03 14:00,303.999023,594.062222
2019-12-03 15:00,304.172607,592.480000
2019-12-03 16:00,304.848022,471.751111
2019-12-03 17:00,303.212280,280.906667
2019-12-03 18:00,302.308960,108.017778
2019-12-03 19:00,301.368164,4.497778
2019-12-03 20:00,300.088135,0.000000
2019-12-03 21:00,298.940918,0.000000
2019-12-03 22:00,298.055908,0.000000
2019-12-03 23:00,297.297607,0.000000
2019-12-04 00:00,296.764648,0.000000
2019-12-04 01:00,296.403320,0.000000
2019-12-04 02:00,295.095703,0.000000
2019-12-04 03:00,294.752930,0.000000
2019-12-04 04:00,294.579102,0.000000
2019-12-04 05:00,295.000244,0.000000
2019-12-04 06:00,295.957031,0.000000
2019-12-04 07:00,296.106689,1.013333
2019-12-04 08:00,297.358521,46.755556
2019-12-04 09:00,298.286865,139.662222
2019-12-04 10:00,301.494873,272.622222
2019-12-04 11:00,302.239380,378.257778
2019-12-04 12:00,303.129639,565.635556
2019-12-04 13:00,303.725830,595.751111
2019-12-04 14:00,305.393311,653.564444
2019-12-04 15:00,306.544922,602.826667
2019-12-04 16:00,306.812988,477.280000
2019-12-04 17:00,304.511353,300.071111
2019-12-04 18:00,303.252563,111.022222
2019-12-04 19:00,302.063721,5.244444
2019-12-04 20:00,300.138184,0.000000
2019-12-04 21:00,299.256714,0.000000
2019-12-04 22:00,298.459229,0.000000
2019-12-04 23:00,297.775391,0.000000
2019-12-05 00:00,297.266846,0.000000
2019-12-05 01:00,297.014404,0.000000
2019-12-05 02:00,295.320557,0.000000
2019-12-05 03:00,295.955078,0.000000
2019-12-05 04:00,296.650391,0.000000
2019-12-05 05:00,296.587158,0.000000
2019-12-05 06:00,297.201416,0.000000
2019-12-05 07:00,296.804199,0.764444
2019-12-05 08:00,297.060059,44.604444
2019-12-05 09:00,297.922119,173.635556
2019-12-05 10:00,301.815918,361.546667
2019-12-05 11:00,303.560913,557.582222
2019-12-05 12:00,304.281982,663.644444
2019-12-05 13:00,304.786987,702.151111
2019-12-05 14:00,305.552002,706.026667
2019-12-05 15:00,305.780029,621.777778
2019-12-05 16:00,305.819824,462.275556
2019-12-05 17:00,303.947388,301.102222
2019-12-05 18:00,303.464111,113.191111
2019-12-05 19:00,301.767822,5.866667
2019-12-05 20:00,299.024780,0.000000
2019-12-05 21:00,298.476440,0.000000
2019-12-05 22:00,297.225342,0.000000
2019-12-05 23:00,297.097412,0.000000
2019-12-06 00:00,296.775635,0.000000
2019-12-06 01:00,296.664307,0.000000
2019-12-06 02:00,296.362549,0.000000
2019-12-06 03:00,295.477539,0.000000
2019-12-06 04:00,296.179932,0.000000
2019-12-06 05:00,296.498291,0.000000
2019-12-06 06:00,296.573242,0.000000
2019-12-06 07:00,296.419189,0.693333
2019-12-06 08:00,297.750122,40.408889
2019-12-06 09:00,298.671265,201.511111
2019-12-06 10:00,301.975220,412.640000
2019-12-06 11:00,303.100342,530.791111
2019-12-06 12:00,304.044800,691.057778
2019-12-06 13:00,304.185425,689.688889
2019-12-06 14:00,304.859131,623.662222
2019-12-06 15:00,303.841187,380.764444
2019-12-06 16:00,304.223267,407.715556
2019-12-06 17:00,302.446411,282.702222
2019-12-06 18:00,301.619995,95.786667
2019-12-06 19:00,300.734253,5.528889
2019-12-06 20:00,298.841553,0.000000
2019-12-06 21:00,297.579956,0.000000
2019-12-06 22:00,297.275635,0.000000
2019-12-06 23:00,297.244385,0.000000
2019-12-07 00:00,296.871582,0.000000
2019-12-07 01:00,296.552002,0.000000
2019-12-07 02:00,296.064697,0.000000
2019-12-07 03:00,295.097656,0.000000
2019-12-07 04:00,295.233887,0.000000
2019-12-07 05:00,294.956787,0.000000
2019-12-07 06:00,296.006836,0.000000
2019-12-07 07:00,296.786377,0.995556
2019-12-07 08:00,297.879150,71.822222
2019-12-07 09:00,298.785645,253.706667
2019-12-07 10:00,302.080688,396.373333
2019-12-07 11:00,303.041382,577.724444
2019-12-07 12:00,303.702026,686.488889
2019-12-07 13:00,304.146240,649.671111
2019-12-07 14:00,304.580566,541.475556
2019-12-07 15:00,304.941162,532.906667
2019-12-07 16:00,304.404785,424.551111
2019-12-07 17:00,302.661621,206.755556
2019-12-07 18:00,302.054810,94.471111
2019-12-07 19:00,300.647705,5.760000
2019-12-07 20:00,298.869385,0.000000
2019-12-07 21:00,298.005737,0.000000
2019-12-07 22:00,297.608521,0.000000
2019-12-07 23:00,296.741699,0.000000
2019-12-08 00:00,296.457764,0.000000
2019-12-08 01:00,296.448975,0.000000
2019-12-08 02:00,296.684814,0.000000
2019-12-08 03:00,296.999756,0.000000
2019-12-08 04:00,297.105957,0.000000
2019-12-08 05:00,296.856201,0.000000
2019-12-08 06:00,296.869629,0.000000
2019-12-08 07:00,296.791992,0.675556
2019-12-08 08:00,297.377930,50.275556
2019-12-08 09:00,297.890869,207.502222
2019-12-08 10:00,300.452148,360.106667
2019-12-08 11:00,301.908691,536.675556
2019-12-08 12:00,302.786255,614.933333
2019-12-08 13:00,303.681763,623.822222
2019-12-08 14:00,304.987061,597.262222
2019-12-08 15:00,305.120728,524.284444
2019-12-08 16:00,304.809570,403.306667
2019-12-08 17:00,303.583374,283.217778
2019-12-08 18:00,302.327271,108.568889
2019-12-08 19:00,301.131714,5.404444
2019-12-08 20:00,300.015869,0.000000
2019-12-08 21:00,298.646729,0.000000
2019-12-08 22:00,299.063599,0.000000
2019-12-08 23:00,298.601318,0.000000
2019-12-09 00:00,297.631104,0.000000
2019-12-09 01:00,297.432373,0.000000
2019-12-09 02:00,297.032959,0.000000
2019-12-09 03:00,297.581787,0.000000
2019-12-09 04:00,297.003662,0.000000
2019-12-09 05:00,296.364990,0.000000
2019-12-09 06:00,296.178223,0.000000
2019-12-09 07:00,296.345215,0.746667
2019-12-09 08:00,297.136108,68.764444
2019-12-09 09:00,298.394287,204.995556
2019-12-09 10:00,301.786377,305.777778
2019-12-09 11:00,302.783813,440.995556
2019-12-09 12:00,303.751709,547.342222
2019-12-09 13:00,304.450073,662.133333
2019-12-09 14:00,305.034180,616.640000
2019-12-09 15:00,305.205688,557.920000
2019-12-09 16:00,303.193848,392.728889
2019-12-09 17:00,301.573975,237.137778
2019-12-09 18:00,301.114990,77.297778
2019-12-09 19:00,300.413086,3.662222
2019-12-09 20:00,299.757080,0.000000
2019-12-09 21:00,298.403076,0.000000
2019-12-09 22:00,296.598511,0.000000
2019-12-09 23:00,296.318848,0.000000
2019-12-10 00:00,296.182861,0.000000
2019-12-10 01:00,296.337158,0.000000
2019-12-10 02:00,296.665039,0.000000
2019-12-10 03:00,295.778320,0.000000
2019-12-10 04:00,296.081055,0.000000
2019-12-10 05:00,296.304443,0.000000
2019-12-10 06:00,296.318848,0.000000
2019-12-10 07:00,296.254150,0.373333
2019-12-10 08:00,297.187866,46.080000
2019-12-10 09:00,298.873413,150.080000
2019-12-10 10:00,301.208130,280.284444
2019-12-10 11:00,301.895752,349.991111
2019-12-10 12:00,302.440063,322.595556
2019-12-10 13:00,302.773682,364.497778
2019-12-10 14:00,304.023315,556.160000
2019-12-10 15:00,303.844971,441.084444
2019-12-10 16:00,303.717285,388.480000
2019-12-10 17:00,302.603394,264.675556
2019-12-10 18:00,301.905518,99.217778
2019-12-10 19:00,300.512695,5.973333
2019-12-10 20:00,298.924316,0.000000
2019-12-10 21:00,298.221191,0.000000
2019-12-10 22:00,297.478516,0.000000
2019-12-10 23:00,297.028687,0.000000
2019-12-11 00:00,296.881470,0.000000
2019-12-11 01:00,297.122681,0.000000
2019-12-11 02:00,297.662964,0.000000
2019-12-11 03:00,297.507446,0.000000
2019-12-11 04:00,297.424927,0.000000
2019-12-11 05:00,297.566528,0.000000
2019-12-11 06:00,297.231201,0.000000
2019-12-11 07:00,297.317139,0.675556
2019-12-11 08:00,297.482300,71.768889
2019-12-11 09:00,297.818726,233.155556
2019-12-11 10:00,300.971802,396.728889
2019-12-11 11:00,301.726929,541.991111
2019-12-11 12:00,301.063354,576.693333
2019-12-11 13:00,301.359375,636.248889
2019-12-11 14:00,302.582520,555.964444
2019-12-11 15:00,303.699951,548.604444
2019-12-11 16:00,303.837646,347.146667
2019-12-11 17:00,302.476562,244.675556
2019-12-11 18:00,301.274658,84.426667
2019-12-11 19:00,300.051025,5.066667
2019-12-11 20:00,299.021362,0.000000
2019-12-11 21:00,297.523315,0.000000
2019-12-11 22:00,296.542358,0.000000
2019-12-11 23:00,296.045532,0.000000
2019-12-12 00:00,295.560913,0.000000
2019-12-12 01:00,295.464722,0.000000
2019-12-12 02:00,295.682861,0.000000
2019-12-12 03:00,295.605957,0.000000
2019-12-12 04:00,295.964355,0.000000
2019-12-12 05:00,296.218994,0.000000
2019-12-12 06:00,296.296143,0.000000
2019-12-12 07:00,296.508545,0.373333
2019-12-12 08:00,298.007812,28.302222
2019-12-12 09:00,297.788696,141.688889
2019-12-12 10:00,300.358154,261.724444
2019-12-12 11:00,300.326538,305.386667
2019-12-12 12:00,300.768921,384.906667
2019-12-12 13:00,301.329346,507.146667
2019-12-12 14:00,302.468872,676.906667
2019-12-12 15:00,302.005737,490.915556
2019-12-12 16:00,302.056152,383.928889
2019-12-12 17:00,301.739624,262.115556
2019-12-12 18:00,300.518799,96.515556
2019-12-12 19:00,299.809570,6.631111
2019-12-12 20:00,298.926514,0.000000
2019-12-12 21:00,297.608032,0.000000
2019-12-12 22:00,296.624390,0.000000
2019-12-12 23:00,296.158813,0.000000
2019-12-13 00:00,295.908691,0.000000
2019-12-13 01:00,295.185059,0.000000
2019-12-13 02:00,295.151367,0.000000
2019-12-13 03:00,294.439697,0.000000
2019-12-13 04:00,294.664307,0.000000
2019-12-13 05:00,294.531250,0.000000
2019-12-13 06:00,295.177979,0.000000
2019-12-13 07:00,295.780762,0.391111
2019-12-13 08:00,296.671509,42.542222
2019-12-13 09:00,296.632446,136.391111
2019-12-13 10:00,299.129150,329.084444
2019-12-13 11:00,300.505737,472.657778
2019-12-13 12:00,301.512451,578.133333
2019-12-13 13:00,302.719849,671.306667
2019-12-13 14:00,303.140747,609.191111
2019-12-13 15:00,303.977173,548.177778
2019-12-13 16:00,303.791016,439.040000
2019-12-13 17:00,303.135742,283.502222
2019-12-13 18:00,301.552979,104.017778
2019-12-13 19:00,301.934570,6.506667
2019-12-13 20:00,299.163574,0.000000
2019-12-13 21:00,298.096191,0.000000
2019-12-13 22:00,297.999268,0.000000
2019-12-13 23:00,297.634888,0.000000
2019-12-14 00:00,296.791992,0.000000
2019-12-14 01:00,296.589355,0.000000
2019-12-14 02:00,295.586670,0.000000
2019-12-14 03:00,295.855225,0.000000
2019-12-14 04:00,295.786377,0.000000
2019-12-14 05:00,296.025391,0.000000
2019-12-14 06:00,296.530518,0.000000
2019-12-14 07:00,296.786133,0.355556
2019-12-14 08:00,297.492432,48.711111
2019-12-14 09:00,296.669189,178.275556
2019-12-14 10:00,300.438599,306.560000
2019-12-14 11:00,301.638672,478.915556
2019-12-14 12:00,303.188232,642.595556
2019-12-14 13:00,303.333374,637.137778
2019-12-14 14:00,304.208496,606.382222
2019-12-14 15:00,304.710449,566.844444
2019-12-14 16:00,304.366455,441.688889
2019-12-14 17:00,302.354980,255.324444
2019-12-14 18:00,301.353882,91.004444
2019-12-14 19:00,299.980713,6.044444
2019-12-14 20:00,298.963379,0.000000
2019-12-14 21:00,298.011841,0.000000
2019-12-14 22:00,297.251709,0.000000
2019-12-14 23:00,297.105835,0.000000
2019-12-15 00:00,296.457764,0.000000
2019-12-15 01:00,296.749756,0.000000
2019-12-15 02:00,296.094604,0.000000
2019-12-15 03:00,296.411987,0.000000
2019-12-15 04:00,296.901855,0.000000
2019-12-15 05:00,296.596436,0.000000
2019-12-15 06:00,296.697021,0.000000
2019-12-15 07:00,296.397949,0.195556
2019-12-15 08:00,297.036621,46.755556
2019-12-15 09:00,297.538086,198.471111
2019-12-15 10:00,302.103027,349.706667
2019-12-15 11:00,301.946533,326.666667
2019-12-15 12:00,302.282715,427.413333
2019-12-15 13:00,303.059448,547.360000
2019-12-15 14:00,302.977295,483.306667
2019-12-15 15:00,303.765625,470.346667
2019-12-15 16:00,304.230713,398.257778
2019-12-15 17:00,301.442627,201.155556
2019-12-15 18:00,300.968994,87.004444
2019-12-15 19:00,300.077881,5.617778
2019-12-15 20:00,298.469971,0.000000
2019-12-15 21:00,297.714600,0.000000
2019-12-15 22:00,295.537842,0.000000
2019-12-15 23:00,295.320679,0.000000
2019-12-16 00:00,295.802490,0.000000
2019-12-16 01:00,296.808960,0.000000
2019-12-16 02:00,295.780640,0.000000
2019-12-16 03:00,294.433105,0.000000
2019-12-16 04:00,295.285400,0.000000
2019-12-16 05:00,294.776855,0.000000
2019-12-16 06:00,294.824463,0.000000
2019-12-16 07:00,294.860352,0.213333
2019-12-16 08:00,296.310425,41.742222
2019-12-16 09:00,296.881470,172.000000
2019-12-16 10:00,299.866211,279.253333
2019-12-16 11:00,301.476318,486.222222
2019-12-16 12:00,303.047241,510.826667
2019-12-16 13:00,303.171509,548.604444
2019-12-16 14:00,304.600586,612.693333
2019-12-16 15:00,304.805176,600.373333
2019-12-16 16:00,305.299316,445.440000
2019-12-16 17:00,303.408691,253.973333
2019-12-16 18:00,301.850586,115.857778
2019-12-16 19:00,300.768799,7.697778
2019-12-16 20:00,299.254150,0.000000
2019-12-16 21:00,298.587524,0.000000
2019-12-16 22:00,296.958862,0.000000
2019-12-16 23:00,296.768188,0.000000
2019-12-17 00:00,296.579712,0.000000
2019-12-17 01:00,296.458984,0.000000
2019-12-17 02:00,296.553711,0.000000
2019-12-17 03:00,296.290771,0.000000
2019-12-17 04:00,296.612305,0.000000
2019-12-17 05:00,296.404297,0.000000
2019-12-17 06:00,296.840576,0.000000
2019-12-17 07:00,296.817627,0.160000
2019-12-17 08:00,298.463013,26.968889
2019-12-17 09:00,298.198975,124.426667
2019-12-17 10:00,300.695312,288.800000
2019-12-17 11:00,301.732178,342.257778
2019-12-17 12:00,302.508423,416.177778
2019-12-17 13:00,303.147827,517.262222
2019-12-17 14:00,304.185547,502.880000
2019-12-17 15:00,304.715576,423.911111
2019-12-17 16:00,305.073486,432.444444
2019-12-17 17:00,303.524658,274.595556
2019-12-17 18:00,301.642700,118.862222
2019-12-17 19:00,300.557251,5.973333
2019-12-17 20:00,299.182251,0.000000
2019-12-17 21:00,298.281128,0.000000
2019-12-17 22:00,297.210083,0.000000
2019-12-17 23:00,297.122559,0.000000
2019-12-18 00:00,296.629639,0.000000
2019-12-18 01:00,295.908203,0.000000
2019-12-18 02:00,296.074463,0.000000
2019-12-18 03:00,295.779419,0.000000
2019-12-18 04:00,295.491699,0.000000
2019-12-18 05:00,296.224854,0.000000
2019-12-18 06:00,297.002686,0.000000
2019-12-18 07:00,297.073730,0.106667
2019-12-18 08:00,297.627197,28.000000
2019-12-18 09:00,298.663818,153.191111
2019-12-18 10:00,301.273926,324.337778
2019-12-18 11:00,301.083618,481.404444
2019-12-18 12:00,302.824219,577.191111
2019-12-18 13:00,303.008667,494.453333
2019-12-18 14:00,303.936035,527.751111
2019-12-18 15:00,303.992676,397.866667
2019-12-18 16:00,304.453003,414.560000
2019-12-18 17:00,303.417236,232.835556
2019-12-18 18:00,301.950195,106.791111
2019-12-18 19:00,300.005493,7.520000
2019-12-18 20:00,298.479858,0.000000
2019-12-18 21:00,297.282593,0.000000
2019-12-18 22:00,297.242188,0.000000
2019-12-18 23:00,297.036621,0.000000
2019-12-19 00:00,296.627197,0.000000
2019-12-19 01:00,297.079102,0.000000
2019-12-19 02:00,295.483154,0.000000
2019-12-19 03:00,295.428467,0.000000
2019-12-19 04:00,295.946045,0.000000
2019-12-19 05:00,295.995605,0.000000
2019-12-19 06:00,296.316162,0.000000
2019-12-19 07:00,296.499756,0.160000
2019-12-19 08:00,297.961792,48.657778
2019-12-19 09:00,298.268311,173.120000
2019-12-19 10:00,301.595947,324.053333
2019-12-19 11:00,302.059692,386.115556
2019-12-19 12:00,303.770630,577.528889
2019-12-19 13:00,303.926025,633.386667
2019-12-19 14:00,304.303223,530.044444
2019-12-19 15:00,304.600098,461.173333
2019-12-19 16:00,304.994629,416.017778
2019-12-19 17:00,303.326782,249.546667
2019-12-19 18:00,302.797485,118.204444
2019-12-19 19:00,300.997192,9.013333
2019-12-19 20:00,299.432617,0.000000
2019-12-19 21:00,298.763306,0.000000
2019-12-19 22:00,297.526123,0.000000
2019-12-19 23:00,297.262207,0.000000
2019-12-20 00:00,297.418213,0.000000
2019-12-20 01:00,297.568848,0.000000
2019-12-20 02:00,297.991943,0.000000
2019-12-20 03:00,297.361084,0.000000
2019-12-20 04:00,297.128174,0.000000
2019-12-20 05:00,297.364502,0.000000
2019-12-20 06:00,297.507324,0.000000
2019-12-20 07:00,297.379150,0.071111
2019-12-20 08:00,297.942627,34.044444
2019-12-20 09:00,297.904785,107.128889
2019-12-20 10:00,301.078735,321.635556
2019-12-20 11:00,302.072021,432.337778
2019-12-20 12:00,302.808960,443.448889
2019-12-20 13:00,303.809570,624.693333
2019-12-20 14:00,305.153564,634.631111
2019-12-20 15:00,305.317017,580.000000
2019-12-20 16:00,305.288208,472.515556
2019-12-20 17:00,303.863647,299.804444
2019-12-20 18:00,302.864258,125.457778
2019-12-20 19:00,301.889404,10.186667
2019-12-20 20:00,299.431641,0.000000
2019-12-20 21:00,298.416016,0.000000
2019-12-20 22:00,297.639160,0.000000
2019-12-20 23:00,296.644775,0.000000
2019-12-21 00:00,296.150879,0.000000
2019-12-21 01:00,296.033447,0.000000
2019-12-21 02:00,295.710205,0.000000
2019-12-21 03:00,295.756104,0.000000
2019-12-21 04:00,295.914795,0.000000
2019-12-21 05:00,296.159180,0.000000
2019-12-21 06:00,296.183350,0.000000
2019-12-21 07:00,296.473877,0.053333
2019-12-21 08:00,297.635742,27.235556
2019-12-21 09:00,297.556030,145.297778
2019-12-21 10:00,300.559570,378.773333
2019-12-21 11:00,301.893433,531.751111
2019-12-21 12:00,302.863525,597.066667
2019-12-21 13:00,303.317993,596.426667
2019-12-21 14:00,304.308960,605.528889
2019-12-21 15:00,304.145142,458.364444
2019-12-21 16:00,303.854736,370.044444
2019-12-21 17:00,301.754150,221.244444
2019-12-21 18:00,301.497925,104.515556
2019-12-21 19:00,300.228760,9.795556
2019-12-21 20:00,299.012939,0.000000
2019-12-21 21:00,298.099609,0.000000
2019-12-21 22:00,297.509277,0.000000
2019-12-21 23:00,297.275269,0.000000
2019-12-22 00:00,296.974854,0.000000
2019-12-22 01:00,296.378418,0.000000
2019-12-22 02:00,296.275391,0.000000
2019-12-22 03:00,296.821289,0.000000
2019-12-22 04:00,297.010254,0.000000
2019-12-22 05:00,297.252197,0.000000
2019-12-22 06:00,297.386475,0.000000
2019-12-22 07:00,296.676025,0.035556
2019-12-22 08:00,297.744263,34.773333
2019-12-22 09:00,297.787720,160.995556
2019-12-22 10:00,300.681274,322.168889
2019-12-22 11:00,301.840088,490.915556
2019-12-22 12:00,302.986816,451.662222
2019-12-22 13:00,303.908325,640.888889
2019-12-22 14:00,304.494629,564.942222
2019-12-22 15:00,304.592285,477.991111
2019-12-22 16:00,304.587646,439.555556
2019-12-22 17:00,303.356079,288.480000
2019-12-22 18:00,302.089844,116.711111
2019-12-22 19:00,301.476318,9.582222
2019-12-22 20:00,298.663818,0.000000
2019-12-22 21:00,298.877686,0.000000
2019-12-22 22:00,297.739502,0.000000
2019-12-22 23:00,297.619629,0.000000
2019-12-23 00:00,297.386475,0.000000
2019-12-23 01:00,297.197510,0.000000
2019-12-23 02:00,296.134277,0.000000
2019-12-23 03:00,296.443359,0.000000
2019-12-23 04:00,296.243896,0.000000
2019-12-23 05:00,296.884766,0.000000
2019-12-23 06:00,297.172363,0.000000
2019-12-23 07:00,297.127197,0.017778
2019-12-23 08:00,297.968750,24.266667
2019-12-23 09:00,297.725098,150.951111
2019-12-23 10:00,301.469849,264.871111
2019-12-23 11:00,301.863159,329.760000
2019-12-23 12:00,302.666748,467.146667
2019-12-23 13:00,303.591187,630.666667
2019-12-23 14:00,304.161255,615.502222
2019-12-23 15:00,304.052002,530.577778
2019-12-23 16:00,304.234131,399.288889
2019-12-23 17:00,301.767334,218.168889
2019-12-23 18:00,301.490967,104.551111
2019-12-23 19:00,300.745850,9.920000
2019-12-23 20:00,298.332642,0.000000
2019-12-23 21:00,297.959229,0.000000
2019-12-23 22:00,297.384277,0.000000
2019-12-23 23:00,296.661133,0.000000
2019-12-24 00:00,295.947754,0.000000
2019-12-24 01:00,295.976562,0.000000
2019-12-24 02:00,294.485840,0.000000
2019-12-24 03:00,293.726074,0.000000
2019-12-24 04:00,294.514404,0.000000
2019-12-24 05:00,294.505371,0.000000
2019-12-24 06:00,295.007812,0.000000
2019-12-24 07:00,295.705322,0.017778
2019-12-24 08:00,296.138428,28.284444
2019-12-24 09:00,296.807129,129.511111
2019-12-24 10:00,300.713989,316.622222
2019-12-24 11:00,302.459106,532.071111
2019-12-24 12:00,303.265259,654.844444
2019-12-24 13:00,304.558838,735.573333
2019-12-24 14:00,305.811768,718.133333
2019-12-24 15:00,305.972168,643.342222
2019-12-24 16:00,305.609619,506.417778
2019-12-24 17:00,303.989014,325.546667
2019-12-24 18:00,303.312988,137.155556
2019-12-24 19:00,302.938721,11.875556
2019-12-24 20:00,301.804199,0.000000
2019-12-24 21:00,299.180054,0.000000
2019-12-24 22:00,297.108154,0.000000
2019-12-24 23:00,296.871826,0.000000
2019-12-25 00:00,296.250977,0.000000
2019-12-25 01:00,296.569824,0.000000
2019-12-25 02:00,295.806885,0.000000
2019-12-25 03:00,296.106445,0.000000
2019-12-25 04:00,296.622070,0.000000
2019-12-25 05:00,296.149902,0.000000
2019-12-25 06:00,296.569336,0.000000
2019-12-25 07:00,296.378418,0.000000
2019-12-25 08:00,297.496582,22.684444
2019-12-25 09:00,297.133301,106.702222
2019-12-25 10:00,300.951538,284.160000
2019-12-25 11:00,302.095337,475.217778
2019-12-25 12:00,303.053223,611.697778
2019-12-25 13:00,304.051025,720.853333
2019-12-25 14:00,305.978760,693.173333
2019-12-25 15:00,306.129150,622.506667
2019-12-25 16:00,306.188721,504.035556
2019-12-25 17:00,304.739624,326.880000
2019-12-25 18:00,303.363770,139.555556
2019-12-25 19:00,303.267456,12.551111
2019-12-25 20:00,299.667969,0.000000
2019-12-25 21:00,298.139893,0.000000
2019-12-25 22:00,296.502686,0.000000
2019-12-25 23:00,296.311768,0.000000
2019-12-26 00:00,295.811768,0.000000
2019-12-26 01:00,296.791748,0.000000
2019-12-26 02:00,296.604736,0.000000
2019-12-26 03:00,295.908691,0.000000
2019-12-26 04:00,296.526855,0.000000
2019-12-26 05:00,296.429443,0.000000
2019-12-26 06:00,297.261963,0.000000
2019-12-26 07:00,297.305664,0.000000
2019-12-26 08:00,298.283203,24.853333
2019-12-26 09:00,297.511597,117.297778
2019-12-26 10:00,300.477295,247.448889
2019-12-26 11:00,301.927979,436.480000
2019-12-26 12:00,302.706665,520.960000
2019-12-26 13:00,303.320679,596.160000
2019-12-26 14:00,305.042969,703.306667
2019-12-26 15:00,305.347412,599.022222
2019-12-26 16:00,305.549683,498.915556
2019-12-26 17:00,304.520630,318.488889
2019-12-26 18:00,301.985962,129.404444
2019-12-26 19:00,302.445190,11.822222
2019-12-26 20:00,299.518188,0.000000
2019-12-26 21:00,298.532959,0.000000
2019-12-26 22:00,297.389526,0.000000
2019-12-26 23:00,296.630371,0.000000
2019-12-27 00:00,296.342529,0.000000
2019-12-27 01:00,296.330811,0.000000
2019-12-27 02:00,296.010010,0.000000
2019-12-27 03:00,295.980713,0.000000
2019-12-27 04:00,296.730225,0.000000
2019-12-27 05:00,295.957764,0.000000
2019-12-27 06:00,295.925537,0.000000
2019-12-27 07:00,296.322998,0.000000
2019-12-27 08:00,297.330811,23.928889
2019-12-27 09:00,297.307983,111.360000
2019-12-27 10:00,300.206055,272.906667
2019-12-27 11:00,301.402344,400.053333
2019-12-27 12:00,303.007812,620.497778
2019-12-27 13:00,303.636230,701.120000
2019-12-27 14:00,304.241943,581.297778
2019-12-27 15:00,304.393188,551.377778
2019-12-27 16:00,304.265625,445.653333
2019-12-27 17:00,303.087036,299.786667
2019-12-27 18:00,302.060669,110.684444
2019-12-27 19:00,301.067993,12.906667
2019-12-27 20:00,299.197021,0.000000
2019-12-27 21:00,298.302612,0.000000
2019-12-27 22:00,297.000000,0.000000
2019-12-27 23:00,296.245605,0.000000
2019-12-28 00:00,296.062500,0.000000
2019-12-28 01:00,295.838623,0.000000
2019-12-28 02:00,294.672607,0.000000
2019-12-28 03:00,294.336670,0.000000
2019-12-28 04:00,294.733887,0.000000
2019-12-28 05:00,293.904785,0.000000
2019-12-28 06:00,293.304443,0.000000
2019-12-28 07:00,293.453857,0.000000
2019-12-28 08:00,296.076660,53.724444
2019-12-28 09:00,297.405518,207.591111
2019-12-28 10:00,301.672852,403.928889
2019-12-28 11:00,302.710571,576.782222
2019-12-28 12:00,304.223877,669.635556
2019-12-28 13:00,304.887451,732.035556
2019-12-28 14:00,305.950439,705.191111
2019-12-28 15:00,306.260010,605.653333
2019-12-28 16:00,306.261719,477.991111
2019-12-28 17:00,304.898438,318.755556
2019-12-28 18:00,302.585938,138.204444
2019-12-28 19:00,301.173584,11.288889
2019-12-28 20:00,299.821289,0.000000
2019-12-28 21:00,298.392944,0.000000
2019-12-28 22:00,296.561646,0.000000
2019-12-28 23:00,296.262451,0.000000
2019-12-29 00:00,296.000366,0.000000
2019-12-29 01:00,295.701416,0.000000
2019-12-29 02:00,295.503174,0.000000
2019-12-29 03:00,295.726807,0.000000
2019-12-29 04:00,295.924072,0.000000
2019-12-29 05:00,295.556641,0.000000
2019-12-29 06:00,295.351074,0.000000
2019-12-29 07:00,295.348145,0.000000
2019-12-29 08:00,296.547607,39.928889
2019-12-29 09:00,298.186279,196.853333
2019-12-29 10:00,301.617432,411.555556
2019-12-29 11:00,303.115967,552.746667
2019-12-29 12:00,304.494019,682.453333
2019-12-29 13:00,305.295776,719.324444
2019-12-29 14:00,306.222168,718.488889
2019-12-29 15:00,306.513916,618.168889
2019-12-29 16:00,305.648682,419.182222
2019-12-29 17:00,304.873779,299.626667
2019-12-29 18:00,303.938843,135.662222
2019-12-29 19:00,302.337891,12.337778
2019-12-29 20:00,300.239502,0.000000
2019-12-29 21:00,298.538696,0.000000
2019-12-29 22:00,297.682861,0.000000
2019-12-29 23:00,297.182373,0.000000
2019-12-30 00:00,296.688965,0.000000
2019-12-30 01:00,296.876221,0.000000
2019-12-30 02:00,297.187500,0.000000
2019-12-30 03:00,297.116699,0.000000
2019-12-30 04:00,297.127197,0.000000
2019-12-30 05:00,296.721680,0.000000
2019-12-30 06:00,296.903809,0.000000
2019-12-30 07:00,295.664307,0.000000
2019-12-30 08:00,297.839355,41.920000
2019-12-30 09:00,298.015015,169.457778
2019-12-30 10:00,302.030762,389.191111
2019-12-30 11:00,303.412476,544.533333
2019-12-30 12:00,304.174683,664.515556
2019-12-30 13:00,304.868042,669.440000
2019-12-30 14:00,306.412354,665.688889
2019-12-30 15:00,306.874756,627.751111
2019-12-30 16:00,306.419678,483.573333
2019-12-30 17:00,305.230713,296.408889
2019-12-30 18:00,304.529175,137.386667
2019-12-30 19:00,301.763550,14.346667
2019-12-30 20:00,299.507324,0.000000
2019-12-30 21:00,298.348267,0.000000
2019-12-30 22:00,297.498901,0.000000
2019-12-30 23:00,296.925537,0.000000
2019-12-31 00:00,296.113770,0.000000
2019-12-31 01:00,296.154785,0.000000
2019-12-31 02:00,296.060303,0.000000
2019-12-31 03:00,296.514160,0.000000
2019-12-31 04:00,296.814697,0.000000
2019-12-31 05:00,295.863037,0.000000
2019-12-31 06:00,296.481934,0.000000
2019-12-31 07:00,295.480225,0.000000
2019-12-31 08:00,296.663574,32.248889
2019-12-31 09:00,297.070923,119.040000
2019-12-31 10:00,300.644531,313.831111
2019-12-31 11:00,301.892334,450.808889
2019-12-31 12:00,303.164917,607.466667
2019-12-31 13:00,304.364502,728.302222
2019-12-31 14:00,306.063721,713.955556
2019-12-31 15:00,306.599609,649.457778
2019-12-31 16:00,307.031006,510.151111
2019-12-31 17:00,305.361328,335.733333
2019-12-31 18:00,304.473755,147.786667
2019-12-31 19:00,304.930908,15.395556
2019-12-31 20:00,300.287842,0.000000
2019-12-31 21:00,299.038574,0.000000
2019-12-31 22:00,297.854980,0.000000
2019-12-31 23:00,297.240234,0.000000
